Date,Timestamp,Engine,Action,Is_Win,Trade_Exact_PnL,Duration_Bars,Micro_Rng,Micro_A5,Micro_RV
2023-07-26,2023-07-26 03:01:00,MCL_EMA_Thrust_L,BUY,1,195,61,0.0,0.05,5.84
2023-07-26,2023-07-26 10:36:00,MCL_VWAP_Dip_L,BUY,1,630,30,0.0,0.17,2.98
2023-07-26,2023-07-26 18:11:00,MCL_VWAP_Dip_L,BUY,1,60,61,0.0,0.07,2.34
2023-07-26,2023-07-26 20:10:00,MCL_EMA_Thrust_L,BUY,1,405,61,0.0,0.04,1.26
2023-07-27,2023-07-27 23:29:00,MCL_EMA_Thrust_L,BUY,0,-210,61,0.0,0.06,7.72
2023-07-30,2023-07-30 19:32:00,MCL_EMA_Thrust_L,BUY,0,-195,61,0.0,0.05,10.11
2023-07-31,2023-07-31 03:49:00,MCL_VWAP_Dip_L,BUY,1,315,61,0.0,0.08,1.6
2023-07-31,2023-07-31 23:46:00,MCL_EMA_Thrust_L,BUY,0,-45,61,0.0,0.04,3.79
2023-08-01,2023-08-01 13:05:00,MCL_VWAP_Dip_L,BUY,1,630,24,0.0,0.15,1.76
2023-08-01,2023-08-01 18:01:00,MCL_EMA_Thrust_L,BUY,1,255,61,0.0,0.12,3.35
2023-08-01,2023-08-01 20:02:00,MCL_VWAP_Dip_L,BUY,0,-45,61,0.0,0.07,7.48
2023-08-02,2023-08-02 11:32:00,MCL_Struct_Brk_S,SELL,1,105,61,0.0,0.32,1.96
2023-08-03,2023-08-03 03:17:00,MCL_EMA_Thrust_S,SELL,1,630,34,0.0,0.09,1.52
2023-08-03,2023-08-03 04:58:00,MCL_VWAP_Rip_S,SELL,0,-270,61,0.0,0.14,1.81
2023-08-03,2023-08-03 10:07:00,MCL_Struct_Brk_L,BUY,1,480,61,0.0,0.25,1.61
2023-08-03,2023-08-03 20:02:00,MCL_VWAP_Dip_L,BUY,1,330,61,0.0,0.04,1.81
2023-08-03,2023-08-03 21:08:00,MCL_EMA_Thrust_L,BUY,0,-645,61,0.0,0.05,1.75
2023-08-07,2023-08-07 13:46:00,MCL_VWAP_Dip_L,BUY,0,-120,61,0.0,0.13,3.37
2023-08-08,2023-08-08 04:31:00,MCL_EMA_Thrust_S,SELL,1,150,61,0.0,0.13,2.58
2023-08-08,2023-08-08 10:11:00,MCL_VWAP_Rip_S,SELL,0,-465,16,0.0,0.24,1.1
2023-08-08,2023-08-08 10:27:00,MCL_Struct_Brk_L,BUY,1,30,45,0.0,0.23,3.73
2023-08-08,2023-08-08 12:02:00,MCL_EMA_Thrust_L,BUY,1,630,30,0.0,0.2,1.74
2023-08-08,2023-08-08 20:11:00,MCL_EMA_Thrust_L,BUY,0,-60,61,0.0,0.05,11.59
2023-08-08,2023-08-08 22:17:00,MCL_VWAP_Dip_L,BUY,0,-75,61,0.0,0.06,1.47
2023-08-09,2023-08-09 18:01:00,MCL_VWAP_Dip_L,BUY,1,45,61,0.0,0.07,4.3
2023-08-09,2023-08-09 21:16:00,MCL_EMA_Thrust_L,BUY,0,-45,61,0.0,0.04,1.73
2023-08-10,2023-08-10 18:01:00,MCL_EMA_Thrust_L,BUY,0,-120,61,0.0,0.08,4.72
2023-08-10,2023-08-10 22:01:00,MCL_VWAP_Dip_L,BUY,0,-420,61,0.0,0.06,2.66
2023-08-13,2023-08-13 20:43:00,MCL_VWAP_Dip_L,BUY,1,150,61,0.0,0.05,4.4
2023-08-14,2023-08-14 02:02:00,MCL_EMA_Thrust_S,SELL,1,105,61,0.0,0.07,2.52
2023-08-14,2023-08-14 10:07:00,MCL_Struct_Brk_L,BUY,1,630,13,0.0,0.23,1.83
2023-08-14,2023-08-14 18:01:00,MCL_EMA_Thrust_L,BUY,0,-270,61,0.0,0.06,5.6
2023-08-15,2023-08-15 00:43:00,MCL_VWAP_Dip_L,BUY,0,-75,61,0.0,0.04,2.56
2023-08-15,2023-08-15 08:07:00,MCL_EMA_Thrust_S,SELL,1,45,61,0.0,0.14,3.03
2023-08-15,2023-08-15 11:40:00,MCL_Struct_Brk_S,SELL,1,210,61,0.0,0.23,2.48
2023-08-15,2023-08-15 18:01:00,MCL_VWAP_Rip_S,SELL,1,225,61,0.0,0.07,8.51
2023-08-15,2023-08-15 20:01:00,MCL_EMA_Thrust_S,SELL,1,165,61,0.0,0.04,13.54
2023-08-16,2023-08-16 19:27:00,MCL_EMA_Thrust_S,SELL,1,225,61,0.0,0.05,1.74
2023-08-16,2023-08-16 21:08:00,MCL_VWAP_Rip_S,SELL,0,-465,61,0.0,0.06,5.16
2023-08-17,2023-08-17 19:57:00,MCL_EMA_Thrust_S,SELL,0,-465,61,0.0,0.05,4.89
2023-08-20,2023-08-20 18:01:00,MCL_EMA_Thrust_S,SELL,0,-15,61,0.0,0.07,12.57
2023-08-21,2023-08-21 11:40:00,MCL_VWAP_Rip_S,SELL,1,630,40,0.0,0.19,2.24
2023-08-21,2023-08-21 18:01:00,MCL_VWAP_Rip_S,SELL,0,0,61,0.0,0.06,6.02
2023-08-22,2023-08-22 20:01:00,MCL_EMA_Thrust_S,SELL,0,-30,61,0.0,0.03,15.54
2023-08-23,2023-08-23 18:01:00,MCL_VWAP_Rip_S,SELL,0,-75,61,0.0,0.07,4.32
2023-08-23,2023-08-23 20:01:00,MCL_EMA_Thrust_S,SELL,0,-165,61,0.0,0.04,8.66
2023-08-25,2023-08-25 09:01:00,MCL_EMA_Thrust_L,BUY,0,-420,61,0.0,0.09,2.91
2023-08-25,2023-08-25 10:45:00,MCL_Struct_Brk_S,SELL,1,165,61,0.0,0.25,2.3
2023-08-25,2023-08-25 12:15:00,MCL_VWAP_Rip_S,SELL,1,375,61,0.0,0.22,1.72
2023-08-27,2023-08-27 18:01:00,MCL_EMA_Thrust_L,BUY,1,60,61,0.0,0.1,10.6
2023-08-28,2023-08-28 04:34:00,MCL_VWAP_Dip_L,BUY,1,120,61,0.0,0.1,4.63
2023-08-28,2023-08-28 09:02:00,MCL_EMA_Thrust_S,SELL,0,-1035,37,0.0,0.11,1.76
2023-08-28,2023-08-28 18:01:00,MCL_VWAP_Dip_L,BUY,0,-45,61,0.0,0.07,4.6
2023-08-29,2023-08-29 02:01:00,MCL_EMA_Thrust_L,BUY,0,-120,61,0.0,0.04,4.86
2023-08-29,2023-08-29 19:44:00,MCL_VWAP_Dip_L,BUY,1,15,61,0.0,0.05,2.88
2023-08-29,2023-08-29 21:01:00,MCL_EMA_Thrust_L,BUY,1,75,61,0.0,0.04,11.49
2023-08-30,2023-08-30 18:01:00,MCL_VWAP_Dip_L,BUY,0,-75,61,0.0,0.05,7.29
2023-08-30,2023-08-30 20:01:00,MCL_EMA_Thrust_L,BUY,1,15,61,0.0,0.03,11.27
2023-08-31,2023-08-31 18:07:00,MCL_VWAP_Dip_L,BUY,1,15,61,0.0,0.08,1.2
2023-08-31,2023-08-31 20:01:00,MCL_EMA_Thrust_L,BUY,1,135,61,0.0,0.03,6.17
2023-09-04,2023-09-04 06:09:00,MCL_EMA_Thrust_L,BUY,0,-120,61,0.0,0.09,0.98
2023-09-04,2023-09-04 19:42:00,MCL_EMA_Thrust_L,BUY,1,15,61,0.0,0.04,3.4
2023-09-05,2023-09-05 02:37:00,MCL_VWAP_Dip_L,BUY,0,-570,61,0.0,0.05,1.27
2023-09-05,2023-09-05 11:15:00,MCL_Struct_Brk_L,BUY,1,630,13,0.0,0.25,2.96
2023-09-05,2023-09-05 20:14:00,MCL_EMA_Thrust_L,BUY,0,-135,61,0.0,0.05,2.28
2023-09-05,2023-09-05 21:19:00,MCL_VWAP_Dip_L,BUY,0,-210,61,0.0,0.06,2.28
2023-09-06,2023-09-06 18:01:00,MCL_VWAP_Dip_L,BUY,1,120,61,0.0,0.08,2.23
2023-09-06,2023-09-06 21:06:00,MCL_EMA_Thrust_L,BUY,0,-510,61,0.0,0.05,1.99
2023-09-07,2023-09-07 20:02:00,MCL_EMA_Thrust_L,BUY,0,-180,61,0.0,0.03,9.41
2023-09-08,2023-09-08 05:04:00,MCL_VWAP_Dip_L,BUY,1,630,35,0.0,0.13,1.55
2023-09-11,2023-09-11 02:21:00,MCL_VWAP_Dip_L,BUY,1,135,61,0.0,0.07,1.44
2023-09-11,2023-09-11 18:04:00,MCL_VWAP_Dip_L,BUY,0,0,61,0.0,0.06,1.36
2023-09-11,2023-09-11 20:25:00,MCL_EMA_Thrust_L,BUY,0,-75,61,0.0,0.03,1.47
2023-09-12,2023-09-12 20:01:00,MCL_EMA_Thrust_L,BUY,1,240,61,0.0,0.03,3.88
2023-09-12,2023-09-12 22:31:00,MCL_VWAP_Dip_L,BUY,0,-135,61,0.0,0.05,2.71
2023-09-13,2023-09-13 21:23:00,MCL_VWAP_Dip_L,BUY,1,15,61,0.0,0.05,1.85
2023-09-14,2023-09-14 01:42:00,MCL_EMA_Thrust_L,BUY,1,15,61,0.0,0.04,1.2
2023-09-14,2023-09-14 20:03:00,MCL_EMA_Thrust_L,BUY,1,195,61,0.0,0.05,3.59
2023-09-14,2023-09-14 21:47:00,MCL_VWAP_Dip_L,BUY,1,195,61,0.0,0.06,2.17
2023-09-15,2023-09-15 12:04:00,MCL_Struct_Brk_L,BUY,0,-180,61,0.0,0.23,1.71
2023-09-17,2023-09-17 18:03:00,MCL_VWAP_Dip_L,BUY,0,-315,61,0.0,0.07,2.07
2023-09-17,2023-09-17 21:11:00,MCL_EMA_Thrust_L,BUY,1,195,61,0.0,0.06,2.02
2023-09-18,2023-09-18 18:01:00,MCL_VWAP_Dip_L,BUY,1,75,61,0.0,0.09,2.04
2023-09-18,2023-09-18 21:01:00,MCL_EMA_Thrust_L,BUY,0,-330,61,0.0,0.05,3.84
2023-09-19,2023-09-19 18:01:00,MCL_VWAP_Dip_L,BUY,0,-165,61,0.0,0.09,4.34
2023-09-20,2023-09-20 10:59:00,MCL_Struct_Brk_L,BUY,1,630,14,0.0,0.25,2.29
2023-09-20,2023-09-20 19:01:00,MCL_EMA_Thrust_S,SELL,1,75,61,0.0,0.07,4.91
2023-09-20,2023-09-20 21:22:00,MCL_VWAP_Rip_S,SELL,1,120,61,0.0,0.07,2.44
2023-09-21,2023-09-21 08:36:00,MCL_EMA_Thrust_L,BUY,1,630,6,0.0,0.17,2.21
2023-09-21,2023-09-21 11:20:00,MCL_Struct_Brk_L,BUY,0,-1035,26,0.0,0.26,1.54
2023-09-21,2023-09-21 14:14:00,MCL_VWAP_Dip_L,BUY,0,-435,61,0.0,0.19,1.5
2023-09-21,2023-09-21 21:45:00,MCL_VWAP_Dip_L,BUY,1,630,60,0.0,0.08,3.88
2023-09-22,2023-09-22 02:27:00,MCL_EMA_Thrust_L,BUY,0,-540,61,0.0,0.06,2.3
2023-09-22,2023-09-22 12:01:00,MCL_EMA_Thrust_S,SELL,1,630,24,0.0,0.24,2.89
2023-09-24,2023-09-24 20:07:00,MCL_VWAP_Dip_L,BUY,1,105,61,0.0,0.08,1.95
2023-09-25,2023-09-25 10:25:00,MCL_EMA_Thrust_S,SELL,1,630,30,0.0,0.24,1.79
2023-09-25,2023-09-25 12:10:00,MCL_VWAP_Rip_S,SELL,1,30,61,0.0,0.22,1.27
2023-09-25,2023-09-25 21:41:00,MCL_VWAP_Rip_S,SELL,1,180,61,0.0,0.06,1.51
2023-09-26,2023-09-26 02:01:00,MCL_EMA_Thrust_S,SELL,1,630,29,0.0,0.05,2.01
2023-09-26,2023-09-26 16:31:00,MCL_EMA_Thrust_L,BUY,0,-180,24,0.0,0.07,2.96
2023-09-26,2023-09-26 20:01:00,MCL_EMA_Thrust_L,BUY,0,-45,61,0.0,0.04,13.07
2023-09-27,2023-09-27 09:20:00,MCL_Struct_Brk_L,BUY,0,-120,61,0.0,0.26,2.9
2023-09-27,2023-09-27 20:14:00,MCL_EMA_Thrust_L,BUY,1,630,33,0.0,0.06,1.31
2023-09-28,2023-09-28 01:53:00,MCL_VWAP_Dip_L,BUY,0,-180,61,0.0,0.07,2.31
2023-09-29,2023-09-29 04:24:00,MCL_VWAP_Dip_L,BUY,0,-75,61,0.0,0.14,1.68
2023-09-29,2023-09-29 07:34:00,MCL_EMA_Thrust_L,BUY,0,-15,61,0.0,0.12,12.03
2023-09-29,2023-09-29 10:24:00,MCL_Struct_Brk_S,SELL,0,-765,61,0.0,0.26,3.14
2023-10-01,2023-10-01 18:01:00,MCL_EMA_Thrust_L,BUY,0,0,61,0.0,0.1,7.3
2023-10-01,2023-10-01 20:08:00,MCL_VWAP_Dip_L,BUY,0,-255,61,0.0,0.07,2.76
2023-10-02,2023-10-02 03:57:00,MCL_EMA_Thrust_S,SELL,0,-525,61,0.0,0.13,2.38
2023-10-02,2023-10-02 18:02:00,MCL_EMA_Thrust_S,SELL,1,60,61,0.0,0.08,0.78
2023-10-03,2023-10-03 10:49:00,MCL_Struct_Brk_S,SELL,0,-1035,12,0.0,0.27,1.86
2023-10-03,2023-10-03 19:58:00,MCL_EMA_Thrust_S,SELL,0,-150,61,0.0,0.05,7.94
2023-10-04,2023-10-04 10:31:00,MCL_Struct_Brk_S,SELL,1,480,61,0.0,0.24,3.2
2023-10-04,2023-10-04 18:01:00,MCL_EMA_Thrust_S,SELL,0,-270,61,0.0,0.11,3.21
2023-10-05,2023-10-05 04:10:00,MCL_VWAP_Rip_S,SELL,1,630,35,0.0,0.17,1.34
2023-10-05,2023-10-05 11:53:00,MCL_Struct_Brk_S,SELL,0,-1035,22,0.0,0.34,3.07
2023-10-05,2023-10-05 22:26:00,MCL_EMA_Thrust_S,SELL,1,30,61,0.0,0.07,2.44
2023-10-06,2023-10-06 09:39:00,MCL_Struct_Brk_S,SELL,1,630,7,0.0,0.32,1.56
2023-10-08,2023-10-08 18:02:00,MCL_VWAP_Rip_S,SELL,0,-1035,12,0.0,0.1,8.01
2023-10-09,2023-10-09 01:31:00,MCL_EMA_Thrust_S,SELL,0,-270,61,0.0,0.12,2.66
2023-10-09,2023-10-09 18:01:00,MCL_VWAP_Rip_S,SELL,0,0,61,0.0,0.08,3.33
2023-10-09,2023-10-09 19:57:00,MCL_EMA_Thrust_S,SELL,1,285,61,0.0,0.06,3.51
2023-10-10,2023-10-10 10:29:00,MCL_Struct_Brk_S,SELL,0,-540,61,0.0,0.26,2.07
2023-10-10,2023-10-10 21:31:00,MCL_EMA_Thrust_S,SELL,0,-255,61,0.0,0.06,1.69
2023-10-11,2023-10-11 09:17:00,MCL_VWAP_Rip_S,SELL,1,630,5,0.0,0.21,6.66
2023-10-11,2023-10-11 09:51:00,MCL_Struct_Brk_S,SELL,1,630,30,0.0,0.26,1.65
2023-10-11,2023-10-11 18:01:00,MCL_EMA_Thrust_S,SELL,0,-90,61,0.0,0.14,2.54
2023-10-12,2023-10-12 11:13:00,MCL_Struct_Brk_S,SELL,1,630,30,0.0,0.24,3.51
2023-10-12,2023-10-12 18:01:00,MCL_EMA_Thrust_S,SELL,0,-15,61,0.0,0.09,4.37
2023-10-13,2023-10-13 08:13:00,MCL_EMA_Thrust_L,BUY,1,630,26,0.0,0.18,2.14
2023-10-13,2023-10-13 09:49:00,MCL_VWAP_Dip_L,BUY,1,630,36,0.0,0.25,1.51
2023-10-13,2023-10-13 11:13:00,MCL_Struct_Brk_L,BUY,1,630,49,0.0,0.27,2.66
2023-10-15,2023-10-15 18:03:00,MCL_VWAP_Dip_L,BUY,1,630,39,0.0,0.1,3.02
2023-10-16,2023-10-16 18:01:00,MCL_EMA_Thrust_L,BUY,0,-420,61,0.0,0.08,1.99
2023-10-17,2023-10-17 02:36:00,MCL_VWAP_Dip_L,BUY,1,630,55,0.0,0.08,3.45
2023-10-17,2023-10-17 18:04:00,MCL_VWAP_Dip_L,BUY,1,285,61,0.0,0.14,2.42
2023-10-17,2023-10-17 19:53:00,MCL_EMA_Thrust_L,BUY,1,15,61,0.0,0.12,7.65
2023-10-18,2023-10-18 10:31:00,MCL_Struct_Brk_L,BUY,0,-285,61,0.0,0.25,4.69
2023-10-18,2023-10-18 18:01:00,MCL_VWAP_Dip_L,BUY,1,45,61,0.0,0.08,5.36
2023-10-19,2023-10-19 01:42:00,MCL_EMA_Thrust_L,BUY,0,-60,61,0.0,0.06,2.19
2023-10-19,2023-10-19 18:01:00,MCL_VWAP_Dip_L,BUY,1,240,61,0.0,0.12,4.05
2023-10-20,2023-10-20 11:13:00,MCL_Struct_Brk_L,BUY,0,-570,61,0.0,0.22,1.56
2023-10-22,2023-10-22 20:01:00,MCL_EMA_Thrust_L,BUY,0,-1035,59,0.0,0.11,6.18
2023-10-23,2023-10-23 08:58:00,MCL_VWAP_Dip_L,BUY,0,-1035,15,0.0,0.15,2.88
2023-10-23,2023-10-23 10:21:00,MCL_Struct_Brk_L,BUY,0,-315,61,0.0,0.3,1.76
2023-10-23,2023-10-23 12:20:00,MCL_Struct_Brk_S,SELL,1,630,25,0.0,0.27,2.22
2023-10-23,2023-10-23 18:01:00,MCL_VWAP_Rip_S,SELL,1,165,61,0.0,0.1,3.51
2023-10-23,2023-10-23 22:09:00,MCL_EMA_Thrust_S,SELL,0,-195,61,0.0,0.09,1.76
2023-10-24,2023-10-24 10:56:00,MCL_Struct_Brk_S,SELL,1,630,15,0.0,0.26,3.93
2023-10-24,2023-10-24 19:00:00,MCL_VWAP_Rip_S,SELL,0,-75,61,0.0,0.09,1.16
2023-10-25,2023-10-25 00:32:00,MCL_EMA_Thrust_S,SELL,1,195,61,0.0,0.05,3.26
2023-10-25,2023-10-25 11:04:00,MCL_Struct_Brk_S,SELL,1,630,0,0.0,0.25,5.93
2023-10-25,2023-10-25 18:11:00,MCL_EMA_Thrust_S,SELL,0,-180,61,0.0,0.14,1.3
2023-10-25,2023-10-25 22:47:00,MCL_VWAP_Rip_S,SELL,1,120,61,0.0,0.09,2.48
2023-10-26,2023-10-26 09:37:00,MCL_Struct_Brk_S,SELL,0,-1035,7,0.0,0.26,2.69
2023-10-26,2023-10-26 18:01:00,MCL_EMA_Thrust_S,SELL,0,-255,61,0.0,0.1,7.72
2023-10-27,2023-10-27 10:43:00,MCL_Struct_Brk_S,SELL,0,-1035,31,0.0,0.32,1.66
2023-10-27,2023-10-27 11:46:00,MCL_VWAP_Rip_S,SELL,1,630,18,0.0,0.29,2.71
2023-10-29,2023-10-29 18:01:00,MCL_EMA_Thrust_S,SELL,1,630,4,0.0,0.13,13.51
2023-10-30,2023-10-30 02:16:00,MCL_VWAP_Rip_S,SELL,1,195,61,0.0,0.08,2.84
2023-10-30,2023-10-30 10:10:00,MCL_Struct_Brk_S,SELL,1,630,17,0.0,0.23,2.95
2023-10-31,2023-10-31 00:04:00,MCL_VWAP_Rip_S,SELL,0,-120,61,0.0,0.09,1.22
2023-10-31,2023-10-31 09:01:00,MCL_EMA_Thrust_S,SELL,1,630,29,0.0,0.18,2.18
2023-10-31,2023-10-31 09:48:00,MCL_Struct_Brk_S,SELL,0,-1035,18,0.0,0.23,1.62
2023-10-31,2023-10-31 18:02:00,MCL_VWAP_Rip_S,SELL,1,30,61,0.0,0.1,1.14
2023-10-31,2023-10-31 20:02:00,MCL_EMA_Thrust_S,SELL,0,-90,61,0.0,0.06,2.43
2023-11-01,2023-11-01 12:28:00,MCL_Struct_Brk_S,SELL,1,630,8,0.0,0.22,1.9
2023-11-01,2023-11-01 20:01:00,MCL_EMA_Thrust_S,SELL,0,-375,61,0.0,0.06,5.4
2023-11-02,2023-11-02 10:29:00,MCL_Struct_Brk_S,SELL,0,-270,61,0.0,0.28,1.66
2023-11-02,2023-11-02 18:01:00,MCL_EMA_Thrust_S,SELL,0,-135,61,0.0,0.09,4.46
2023-11-02,2023-11-02 20:01:00,MCL_VWAP_Rip_S,SELL,1,180,61,0.0,0.05,5.44
2023-11-03,2023-11-03 10:31:00,MCL_Struct_Brk_S,SELL,0,-1035,44,0.0,0.41,2.9
2023-11-05,2023-11-05 18:01:00,MCL_EMA_Thrust_S,SELL,0,-390,61,0.0,0.1,15.39
2023-11-06,2023-11-06 18:01:00,MCL_VWAP_Rip_S,SELL,1,90,61,0.0,0.07,3.08
2023-11-06,2023-11-06 20:01:00,MCL_EMA_Thrust_S,SELL,1,330,61,0.0,0.06,10.17
2023-11-07,2023-11-07 09:56:00,MCL_Struct_Brk_S,SELL,1,180,61,0.0,0.23,2.33
2023-11-08,2023-11-08 04:56:00,MCL_EMA_Thrust_S,SELL,1,630,18,0.0,0.13,2.28
2023-11-08,2023-11-08 08:46:00,MCL_VWAP_Rip_S,SELL,0,-240,61,0.0,0.2,1.33
2023-11-08,2023-11-08 10:02:00,MCL_Struct_Brk_S,SELL,1,630,37,0.0,0.27,1.94
2023-11-08,2023-11-08 18:01:00,MCL_EMA_Thrust_S,SELL,0,0,61,0.0,0.09,4.17
2023-11-09,2023-11-09 01:10:00,MCL_VWAP_Rip_S,SELL,0,-270,61,0.0,0.08,1.99
2023-11-09,2023-11-09 11:52:00,MCL_Struct_Brk_S,SELL,0,-45,61,0.0,0.24,2.85
2023-11-09,2023-11-09 18:01:00,MCL_EMA_Thrust_S,SELL,1,135,61,0.0,0.07,4.89
2023-11-13,2023-11-13 00:49:00,MCL_VWAP_Rip_S,SELL,0,0,61,0.0,0.05,2.29
2023-11-13,2023-11-13 20:02:00,MCL_VWAP_Rip_S,SELL,1,120,61,0.0,0.04,4.76
2023-11-14,2023-11-14 02:27:00,MCL_EMA_Thrust_S,SELL,0,-30,61,0.0,0.05,2.86
2023-11-14,2023-11-14 09:02:00,MCL_EMA_Thrust_L,BUY,1,630,40,0.0,0.18,0.87
2023-11-14,2023-11-14 12:06:00,MCL_VWAP_Dip_L,BUY,0,-630,61,0.0,0.18,2.16
2023-11-14,2023-11-14 18:01:00,MCL_EMA_Thrust_S,SELL,0,-90,61,0.0,0.07,7.93
2023-11-15,2023-11-15 10:35:00,MCL_VWAP_Rip_S,SELL,1,630,26,0.0,0.24,4.07
2023-11-15,2023-11-15 18:01:00,MCL_VWAP_Rip_S,SELL,1,150,61,0.0,0.07,5.78
2023-11-16,2023-11-16 09:57:00,MCL_Struct_Brk_S,SELL,1,630,6,0.0,0.28,1.77
2023-11-16,2023-11-16 20:12:00,MCL_EMA_Thrust_S,SELL,0,-240,61,0.0,0.08,1.37
2023-11-17,2023-11-17 00:32:00,MCL_VWAP_Rip_S,SELL,0,-60,61,0.0,0.04,1.92
2023-11-19,2023-11-19 20:01:00,MCL_EMA_Thrust_S,SELL,0,-375,61,0.0,0.08,8.89
2023-11-20,2023-11-20 01:10:00,MCL_EMA_Thrust_L,BUY,0,-330,61,0.0,0.05,5.17
2023-11-20,2023-11-20 19:20:00,MCL_EMA_Thrust_L,BUY,0,-30,61,0.0,0.05,10.93
2023-11-22,2023-11-22 00:32:00,MCL_VWAP_Dip_L,BUY,0,-300,61,0.0,0.04,2.21
2023-11-22,2023-11-22 02:51:00,MCL_EMA_Thrust_L,BUY,0,-285,61,0.0,0.06,4.15
2023-11-22,2023-11-22 07:10:00,MCL_EMA_Thrust_S,SELL,1,630,2,0.0,0.14,15.05
2023-11-22,2023-11-22 09:02:00,MCL_Struct_Brk_S,SELL,1,525,61,0.0,0.35,1.8
2023-11-22,2023-11-22 19:25:00,MCL_EMA_Thrust_S,SELL,1,630,41,0.0,0.06,6.18
2023-11-23,2023-11-23 01:55:00,MCL_VWAP_Rip_S,SELL,0,-540,61,0.0,0.05,2.92
2023-11-24,2023-11-24 06:19:00,MCL_EMA_Thrust_L,BUY,0,-315,61,0.0,0.09,9.85
2023-11-24,2023-11-24 09:05:00,MCL_EMA_Thrust_S,SELL,0,-1035,53,0.0,0.12,1.6
2023-11-26,2023-11-26 20:11:00,MCL_EMA_Thrust_S,SELL,1,375,61,0.0,0.09,8.89
2023-11-27,2023-11-27 02:47:00,MCL_VWAP_Rip_S,SELL,1,630,32,0.0,0.07,1.38
2023-11-27,2023-11-27 11:55:00,MCL_Struct_Brk_S,SELL,1,630,56,0.0,0.26,2.19
2023-11-27,2023-11-27 18:01:00,MCL_VWAP_Rip_S,SELL,0,-315,61,0.0,0.07,3.46
2023-11-28,2023-11-28 00:31:00,MCL_EMA_Thrust_S,SELL,0,-540,61,0.0,0.05,11.46
2023-11-28,2023-11-28 16:31:00,MCL_EMA_Thrust_L,BUY,1,150,25,0.0,0.07,1.01
2023-11-28,2023-11-28 18:03:00,MCL_EMA_Thrust_L,BUY,1,30,61,0.0,0.07,1.31
2023-11-28,2023-11-28 19:59:00,MCL_VWAP_Dip_L,BUY,0,-105,61,0.0,0.05,1.73
2023-11-29,2023-11-29 10:31:00,MCL_EMA_Thrust_S,SELL,0,-1035,13,0.0,0.24,2.55
2023-11-29,2023-11-29 21:31:00,MCL_EMA_Thrust_L,BUY,0,-165,61,0.0,0.07,7.3
2023-11-30,2023-11-30 07:17:00,MCL_Struct_Brk_L,BUY,1,255,61,0.0,0.29,1.58
2023-11-30,2023-11-30 11:53:00,MCL_Struct_Brk_S,SELL,0,-1027,18,0.0,0.49,2.12
2023-12-01,2023-12-01 04:54:00,MCL_VWAP_Rip_S,SELL,0,-615,61,0.0,0.2,1.82
2023-12-01,2023-12-01 08:01:00,MCL_EMA_Thrust_S,SELL,1,630,14,0.0,0.13,3.17
2023-12-01,2023-12-01 11:15:00,MCL_Struct_Brk_S,SELL,0,-1035,13,0.0,0.27,2.47
2023-12-03,2023-12-03 18:01:00,MCL_VWAP_Rip_S,SELL,0,-420,61,0.0,0.09,13.18
2023-12-04,2023-12-04 09:35:00,MCL_Struct_Brk_S,SELL,1,630,25,0.0,0.26,2.2
2023-12-04,2023-12-04 18:56:00,MCL_VWAP_Rip_S,SELL,1,45,61,0.0,0.05,2.62
2023-12-06,2023-12-06 00:31:00,MCL_EMA_Thrust_S,SELL,0,-105,61,0.0,0.04,18.03
2023-12-06,2023-12-06 10:37:00,MCL_Struct_Brk_S,SELL,1,630,26,0.0,0.25,3.17
2023-12-06,2023-12-06 20:01:00,MCL_EMA_Thrust_S,SELL,0,-360,61,0.0,0.06,12.72
2023-12-07,2023-12-07 07:20:00,MCL_VWAP_Rip_S,SELL,0,-525,61,0.0,0.13,1.68
2023-12-07,2023-12-07 14:25:00,MCL_Struct_Brk_S,SELL,0,-465,61,0.0,0.23,1.78
2023-12-07,2023-12-07 20:06:00,MCL_EMA_Thrust_S,SELL,0,-660,61,0.0,0.05,5.74
2023-12-08,2023-12-08 05:58:00,MCL_VWAP_Rip_S,SELL,0,-60,61,0.0,0.13,1.19
2023-12-11,2023-12-11 04:01:00,MCL_EMA_Thrust_S,SELL,1,630,48,0.0,0.1,2.21
2023-12-11,2023-12-11 08:01:00,MCL_VWAP_Rip_S,SELL,0,-15,61,0.0,0.11,2.26
2023-12-11,2023-12-11 18:01:00,MCL_VWAP_Rip_S,SELL,0,-45,61,0.0,0.06,5.35
2023-12-11,2023-12-11 20:02:00,MCL_EMA_Thrust_S,SELL,0,-120,61,0.0,0.04,2.33
2023-12-12,2023-12-12 10:30:00,MCL_Struct_Brk_S,SELL,1,465,61,0.0,0.24,2.21
2023-12-13,2023-12-13 00:06:00,MCL_VWAP_Rip_S,SELL,1,210,61,0.0,0.05,4.89
2023-12-14,2023-12-14 01:00:00,MCL_VWAP_Rip_S,SELL,0,-135,61,0.0,0.06,3.43
2023-12-14,2023-12-14 09:35:00,MCL_EMA_Thrust_L,BUY,1,630,32,0.0,0.15,1.87
2023-12-14,2023-12-14 21:59:00,MCL_EMA_Thrust_L,BUY,0,-15,61,0.0,0.05,2.84
2023-12-15,2023-12-15 00:24:00,MCL_VWAP_Dip_L,BUY,0,-165,61,0.0,0.05,4.35
2023-12-15,2023-12-15 12:11:00,MCL_Struct_Brk_L,BUY,0,-120,61,0.0,0.22,1.65
2023-12-17,2023-12-17 18:01:00,MCL_EMA_Thrust_L,BUY,1,570,61,0.0,0.06,9.81
2023-12-18,2023-12-18 02:44:00,MCL_VWAP_Dip_L,BUY,1,60,61,0.0,0.06,2.12
2023-12-18,2023-12-18 20:01:00,MCL_EMA_Thrust_L,BUY,0,-240,61,0.0,0.05,13.35
2023-12-19,2023-12-19 20:01:00,MCL_EMA_Thrust_L,BUY,0,-150,61,0.0,0.05,7.93
2023-12-20,2023-12-20 08:12:00,MCL_VWAP_Dip_L,BUY,1,630,43,0.0,0.11,1.56
2023-12-20,2023-12-20 20:01:00,MCL_EMA_Thrust_L,BUY,1,210,61,0.0,0.05,17.68
2023-12-21,2023-12-21 05:38:00,MCL_VWAP_Dip_L,BUY,0,-315,61,0.0,0.12,2.38
2023-12-21,2023-12-21 10:31:00,MCL_Struct_Brk_L,BUY,0,-135,61,0.0,0.25,1.76
2023-12-21,2023-12-21 20:01:00,MCL_EMA_Thrust_L,BUY,1,630,55,0.0,0.04,8.79
2023-12-22,2023-12-22 00:51:00,MCL_VWAP_Dip_L,BUY,1,135,61,0.0,0.08,5.23
2023-12-25,2023-12-25 18:01:00,MCL_EMA_Thrust_L,BUY,0,-60,61,0.0,0.08,12.34
2023-12-26,2023-12-26 20:01:00,MCL_EMA_Thrust_L,BUY,0,-120,61,0.0,0.05,15.71
2023-12-27,2023-12-27 04:14:00,MCL_VWAP_Dip_L,BUY,0,-300,61,0.0,0.1,2.0
2023-12-27,2023-12-27 20:03:00,MCL_EMA_Thrust_L,BUY,1,165,61,0.0,0.06,3.51
2023-12-27,2023-12-27 21:40:00,MCL_VWAP_Dip_L,BUY,0,-240,61,0.0,0.07,1.57
2023-12-28,2023-12-28 08:02:00,MCL_EMA_Thrust_S,SELL,1,630,10,0.0,0.13,5.27
2023-12-28,2023-12-28 09:01:00,MCL_VWAP_Rip_S,SELL,1,630,30,0.0,0.2,1.75
2023-12-28,2023-12-28 11:22:00,MCL_Struct_Brk_S,SELL,1,630,19,0.0,0.23,1.56
2023-12-28,2023-12-28 19:01:00,MCL_VWAP_Rip_S,SELL,1,120,61,0.0,0.06,2.17
2023-12-28,2023-12-28 23:21:00,MCL_EMA_Thrust_S,SELL,0,-780,61,0.0,0.06,20.84
2024-01-01,2024-01-01 18:02:00,MCL_VWAP_Rip_S,SELL,0,-75,61,0.0,0.07,6.68
2024-01-02,2024-01-02 03:31:00,MCL_EMA_Thrust_S,SELL,0,-1035,55,0.0,0.11,2.67
2024-01-02,2024-01-02 10:51:00,MCL_Struct_Brk_S,SELL,1,630,20,0.0,0.28,2.86
2024-01-02,2024-01-02 20:12:00,MCL_EMA_Thrust_S,SELL,1,45,61,0.0,0.05,7.92
2024-01-03,2024-01-03 01:18:00,MCL_VWAP_Rip_S,SELL,1,60,61,0.0,0.06,1.69
2024-01-03,2024-01-03 18:01:00,MCL_VWAP_Rip_S,SELL,1,120,61,0.0,0.11,1.83
2024-01-03,2024-01-03 20:03:00,MCL_EMA_Thrust_S,SELL,0,-120,61,0.0,0.06,3.58
2024-01-04,2024-01-04 03:01:00,MCL_EMA_Thrust_L,BUY,1,465,61,0.0,0.07,4.2
2024-01-04,2024-01-04 04:53:00,MCL_VWAP_Dip_L,BUY,0,-120,61,0.0,0.13,8.02
2024-01-04,2024-01-04 11:18:00,MCL_Struct_Brk_S,SELL,1,630,11,0.0,0.26,2.61
2024-01-04,2024-01-04 19:23:00,MCL_VWAP_Rip_S,SELL,0,-360,61,0.0,0.06,1.74
2024-01-05,2024-01-05 08:31:00,MCL_EMA_Thrust_L,BUY,1,630,33,0.0,0.15,3.39
2024-01-05,2024-01-05 11:04:00,MCL_Struct_Brk_L,BUY,1,630,27,0.0,0.23,1.57
2024-01-07,2024-01-07 18:01:00,MCL_VWAP_Dip_L,BUY,0,-150,61,0.0,0.06,19.32
2024-01-07,2024-01-07 21:57:00,MCL_EMA_Thrust_S,SELL,0,-45,61,0.0,0.09,11.48
2024-01-08,2024-01-08 18:11:00,MCL_EMA_Thrust_S,SELL,1,120,61,0.0,0.08,1.92
2024-01-09,2024-01-09 02:04:00,MCL_VWAP_Rip_S,SELL,0,-720,61,0.0,0.07,5.91
2024-01-09,2024-01-09 10:36:00,MCL_Struct_Brk_S,SELL,0,-1035,40,0.0,0.25,1.97
2024-01-09,2024-01-09 18:01:00,MCL_EMA_Thrust_S,SELL,0,-30,61,0.0,0.08,8.1
2024-01-10,2024-01-10 00:32:00,MCL_EMA_Thrust_L,BUY,0,-60,61,0.0,0.04,8.81
2024-01-10,2024-01-10 02:22:00,MCL_VWAP_Dip_L,BUY,0,-15,61,0.0,0.07,1.29
2024-01-10,2024-01-10 12:16:00,MCL_Struct_Brk_S,SELL,1,630,12,0.0,0.22,1.8
2024-01-10,2024-01-10 18:03:00,MCL_EMA_Thrust_S,SELL,1,60,61,0.0,0.06,2.39
2024-01-10,2024-01-10 19:31:00,MCL_VWAP_Rip_S,SELL,0,-660,61,0.0,0.05,4.18
2024-01-11,2024-01-11 06:20:00,MCL_EMA_Thrust_L,BUY,1,315,61,0.0,0.14,2.91
2024-01-11,2024-01-11 10:23:00,MCL_Struct_Brk_L,BUY,1,630,33,0.0,0.24,2.61
2024-01-11,2024-01-11 12:24:00,MCL_VWAP_Dip_L,BUY,0,-1035,51,0.0,0.2,1.11
2024-01-11,2024-01-11 20:04:00,MCL_EMA_Thrust_L,BUY,1,630,44,0.0,0.14,2.3
2024-01-11,2024-01-11 22:35:00,MCL_VWAP_Dip_L,BUY,0,-495,61,0.0,0.11,2.19
2024-01-14,2024-01-14 18:12:00,MCL_VWAP_Dip_L,BUY,1,195,61,0.0,0.12,1.58
2024-01-14,2024-01-14 20:04:00,MCL_EMA_Thrust_L,BUY,1,45,61,0.0,0.09,2.72
2024-01-15,2024-01-15 04:43:00,MCL_EMA_Thrust_S,SELL,1,225,61,0.0,0.12,1.48
2024-01-15,2024-01-15 09:22:00,MCL_VWAP_Rip_S,SELL,1,630,57,0.0,0.16,1.78
2024-01-16,2024-01-16 03:01:00,MCL_EMA_Thrust_S,SELL,0,-1035,36,0.0,0.08,8.18
2024-01-16,2024-01-16 05:03:00,MCL_EMA_Thrust_L,BUY,1,270,61,0.0,0.14,5.0
2024-01-16,2024-01-16 10:06:00,MCL_Struct_Brk_S,SELL,0,-90,61,0.0,0.22,4.14
2024-01-16,2024-01-16 11:31:00,MCL_VWAP_Rip_S,SELL,1,630,55,0.0,0.21,2.44
2024-01-16,2024-01-16 20:01:00,MCL_EMA_Thrust_S,SELL,1,30,61,0.0,0.05,13.17
2024-01-17,2024-01-17 14:28:00,MCL_EMA_Thrust_L,BUY,1,60,61,0.0,0.15,2.42
2024-01-17,2024-01-17 19:15:00,MCL_VWAP_Dip_L,BUY,1,180,61,0.0,0.06,1.86
2024-01-18,2024-01-18 08:37:00,MCL_EMA_Thrust_S,SELL,0,-1035,30,0.0,0.13,5.8
2024-01-18,2024-01-18 20:26:00,MCL_VWAP_Dip_L,BUY,0,-240,61,0.0,0.05,1.89
2024-01-19,2024-01-19 03:39:00,MCL_EMA_Thrust_L,BUY,1,435,61,0.0,0.09,3.15
2024-01-22,2024-01-22 08:03:00,MCL_EMA_Thrust_L,BUY,1,330,61,0.0,0.1,3.34
2024-01-22,2024-01-22 20:05:00,MCL_EMA_Thrust_L,BUY,1,30,61,0.0,0.05,1.78
2024-01-23,2024-01-23 18:01:00,MCL_EMA_Thrust_L,BUY,0,-210,61,0.0,0.07,6.5
2024-01-23,2024-01-23 21:44:00,MCL_VWAP_Dip_L,BUY,0,-210,61,0.0,0.05,1.7
2024-01-24,2024-01-24 11:05:00,MCL_Struct_Brk_L,BUY,1,630,36,0.0,0.24,2.44
2024-01-25,2024-01-25 00:48:00,MCL_EMA_Thrust_L,BUY,0,-195,61,0.0,0.04,3.06
2024-01-25,2024-01-25 02:02:00,MCL_VWAP_Dip_L,BUY,1,270,61,0.0,0.04,3.69
2024-01-25,2024-01-25 19:02:00,MCL_VWAP_Dip_L,BUY,0,-120,61,0.0,0.06,3.22
2024-01-29,2024-01-29 20:06:00,MCL_EMA_Thrust_L,BUY,1,90,61,0.0,0.05,1.34
2024-01-30,2024-01-30 01:52:00,MCL_VWAP_Dip_L,BUY,0,-525,61,0.0,0.05,2.81
2024-01-30,2024-01-30 10:47:00,MCL_Struct_Brk_L,BUY,1,630,29,0.0,0.25,1.74
2024-01-30,2024-01-30 18:01:00,MCL_EMA_Thrust_L,BUY,0,-120,61,0.0,0.08,3.04
2024-01-31,2024-01-31 13:37:00,MCL_Struct_Brk_S,SELL,0,-525,61,0.0,0.23,2.0
2024-01-31,2024-01-31 20:02:00,MCL_EMA_Thrust_L,BUY,1,630,45,0.0,0.06,5.61
2024-01-31,2024-01-31 23:16:00,MCL_VWAP_Dip_L,BUY,0,-150,61,0.0,0.06,2.38
2024-02-01,2024-02-01 03:01:00,MCL_EMA_Thrust_S,SELL,0,-690,61,0.0,0.08,11.18
2024-02-01,2024-02-01 09:31:00,MCL_Struct_Brk_L,BUY,0,0,61,0.0,0.24,2.15
2024-02-01,2024-02-01 15:34:00,MCL_Struct_Brk_S,SELL,0,0,61,0.0,0.26,2.46
2024-02-02,2024-02-02 01:11:00,MCL_EMA_Thrust_S,SELL,0,-255,61,0.0,0.06,2.19
2024-02-02,2024-02-02 09:27:00,MCL_Struct_Brk_S,SELL,1,630,10,0.0,0.22,1.57
2024-02-04,2024-02-04 18:05:00,MCL_VWAP_Rip_S,SELL,1,90,61,0.0,0.12,2.37
2024-02-04,2024-02-04 20:52:00,MCL_EMA_Thrust_S,SELL,1,90,61,0.0,0.09,1.81
2024-02-05,2024-02-05 18:01:00,MCL_EMA_Thrust_S,SELL,1,60,61,0.0,0.06,2.93
2024-02-07,2024-02-07 00:33:00,MCL_EMA_Thrust_S,SELL,0,0,61,0.0,0.03,1.95
2024-02-07,2024-02-07 02:25:00,MCL_VWAP_Rip_S,SELL,0,-120,61,0.0,0.06,2.31
2024-02-07,2024-02-07 18:01:00,MCL_EMA_Thrust_S,SELL,0,0,61,0.0,0.06,4.62
2024-02-07,2024-02-07 20:04:00,MCL_VWAP_Rip_S,SELL,0,-225,61,0.0,0.05,1.33
2024-02-08,2024-02-08 09:44:00,MCL_EMA_Thrust_L,BUY,1,630,47,0.0,0.15,1.12
2024-02-08,2024-02-08 18:01:00,MCL_VWAP_Dip_L,BUY,0,0,61,0.0,0.07,4.0
2024-02-08,2024-02-08 22:59:00,MCL_EMA_Thrust_L,BUY,0,-345,61,0.0,0.05,4.58
2024-02-11,2024-02-11 20:01:00,MCL_VWAP_Dip_L,BUY,0,-15,61,0.0,0.05,5.81
2024-02-12,2024-02-12 18:01:00,MCL_EMA_Thrust_L,BUY,0,-135,61,0.0,0.05,5.65
2024-02-13,2024-02-13 03:15:00,MCL_VWAP_Dip_L,BUY,0,-45,61,0.0,0.06,1.61
2024-02-13,2024-02-13 18:02:00,MCL_VWAP_Dip_L,BUY,0,-120,61,0.0,0.09,3.12
2024-02-13,2024-02-13 23:41:00,MCL_EMA_Thrust_L,BUY,0,-105,61,0.0,0.04,1.07
2024-02-15,2024-02-15 02:17:00,MCL_EMA_Thrust_L,BUY,0,-450,61,0.0,0.04,2.77
2024-02-16,2024-02-16 01:19:00,MCL_VWAP_Dip_L,BUY,0,-195,61,0.0,0.03,2.51
2024-02-18,2024-02-18 19:46:00,MCL_VWAP_Dip_L,BUY,0,-435,61,0.0,0.05,7.25
2024-02-19,2024-02-19 03:01:00,MCL_EMA_Thrust_L,BUY,0,-390,61,0.0,0.04,2.9
2024-02-19,2024-02-19 20:01:00,MCL_EMA_Thrust_L,BUY,1,165,61,0.0,0.05,12.87
2024-02-20,2024-02-20 09:33:00,MCL_VWAP_Dip_L,BUY,0,-1035,58,0.0,0.15,1.24
2024-02-21,2024-02-21 01:03:00,MCL_VWAP_Dip_L,BUY,0,-225,28,0.0,0.03,5.75
2024-02-21,2024-02-21 01:31:00,MCL_EMA_Thrust_S,SELL,0,-165,5,0.0,0.04,1.32
2024-02-21,2024-02-21 01:36:00,MCL_EMA_Thrust_L,BUY,0,0,28,0.0,0.04,13.07
2024-02-21,2024-02-21 05:06:00,MCL_VWAP_Rip_S,SELL,1,420,61,0.0,0.13,3.56
2024-02-21,2024-02-21 19:44:00,MCL_VWAP_Dip_L,BUY,0,-150,61,0.0,0.05,1.86
2024-02-21,2024-02-21 23:21:00,MCL_EMA_Thrust_L,BUY,1,15,61,0.0,0.04,2.32
2024-02-22,2024-02-22 21:09:00,MCL_EMA_Thrust_L,BUY,0,-225,61,0.0,0.04,3.12
2024-02-23,2024-02-23 10:56:00,MCL_VWAP_Rip_S,SELL,1,630,52,0.0,0.19,1.59
2024-02-25,2024-02-25 18:01:00,MCL_EMA_Thrust_S,SELL,1,105,61,0.0,0.06,6.79
2024-02-26,2024-02-26 01:21:00,MCL_VWAP_Rip_S,SELL,0,-120,61,0.0,0.04,1.6
2024-02-26,2024-02-26 20:01:00,MCL_EMA_Thrust_L,BUY,0,-315,61,0.0,0.03,12.11
2024-02-27,2024-02-27 07:34:00,MCL_EMA_Thrust_S,SELL,0,-135,61,0.0,0.09,2.36
2024-02-27,2024-02-27 18:02:00,MCL_VWAP_Dip_L,BUY,0,-165,61,0.0,0.07,1.4
2024-02-28,2024-02-28 10:30:00,MCL_EMA_Thrust_L,BUY,0,-1035,44,0.0,0.17,0.9
2024-02-28,2024-02-28 18:01:00,MCL_VWAP_Dip_L,BUY,0,-150,61,0.0,0.06,5.9
2024-02-28,2024-02-28 20:01:00,MCL_EMA_Thrust_L,BUY,1,195,61,0.0,0.04,19.97
2024-02-29,2024-02-29 20:01:00,MCL_EMA_Thrust_L,BUY,0,-30,61,0.0,0.04,7.72
2024-02-29,2024-02-29 21:38:00,MCL_VWAP_Dip_L,BUY,1,120,61,0.0,0.05,3.44
2024-03-03,2024-03-03 18:01:00,MCL_EMA_Thrust_L,BUY,0,-255,61,0.0,0.06,11.02
2024-03-03,2024-03-03 20:05:00,MCL_VWAP_Dip_L,BUY,0,-120,61,0.0,0.08,1.68
2024-03-04,2024-03-04 18:01:00,MCL_EMA_Thrust_L,BUY,0,-135,61,0.0,0.06,5.66
2024-03-05,2024-03-05 02:04:00,MCL_EMA_Thrust_S,SELL,0,-240,61,0.0,0.05,5.44
2024-03-05,2024-03-05 06:09:00,MCL_VWAP_Dip_L,BUY,0,-600,61,0.0,0.12,2.74
2024-03-05,2024-03-05 08:51:00,MCL_VWAP_Rip_S,SELL,0,-900,61,0.0,0.19,1.59
2024-03-05,2024-03-05 20:05:00,MCL_VWAP_Rip_S,SELL,1,90,61,0.0,0.04,2.66
2024-03-06,2024-03-06 01:07:00,MCL_EMA_Thrust_L,BUY,0,-75,61,0.0,0.04,2.99
2024-03-06,2024-03-06 19:19:00,MCL_VWAP_Dip_L,BUY,1,285,61,0.0,0.04,1.57
2024-03-07,2024-03-07 08:01:00,MCL_EMA_Thrust_L,BUY,0,-570,61,0.0,0.11,10.53
2024-03-07,2024-03-07 10:24:00,MCL_Struct_Brk_S,SELL,0,-780,49,0.0,0.23,1.82
2024-03-07,2024-03-07 11:13:00,MCL_Struct_Brk_L,BUY,1,510,12,0.0,0.23,2.7
2024-03-07,2024-03-07 19:58:00,MCL_VWAP_Dip_L,BUY,1,135,61,0.0,0.06,2.93
2024-03-08,2024-03-08 08:53:00,MCL_EMA_Thrust_S,SELL,0,-255,61,0.0,0.15,4.19
2024-03-08,2024-03-08 10:24:00,MCL_Struct_Brk_S,SELL,1,630,54,0.0,0.22,3.46
2024-03-10,2024-03-10 19:56:00,MCL_VWAP_Rip_S,SELL,1,180,61,0.0,0.05,1.69
2024-03-11,2024-03-11 02:00:00,MCL_EMA_Thrust_S,SELL,0,-255,61,0.0,0.05,3.25
2024-03-11,2024-03-11 18:01:00,MCL_EMA_Thrust_S,SELL,0,-105,61,0.0,0.06,3.22
2024-03-12,2024-03-12 09:33:00,MCL_VWAP_Rip_S,SELL,1,630,11,0.0,0.18,1.58
2024-03-12,2024-03-12 20:37:00,MCL_EMA_Thrust_S,SELL,0,-165,61,0.0,0.04,2.67
2024-03-13,2024-03-13 04:06:00,MCL_VWAP_Rip_S,SELL,0,-600,61,0.0,0.06,3.85
2024-03-13,2024-03-13 09:01:00,MCL_EMA_Thrust_L,BUY,1,465,61,0.0,0.1,7.01
2024-03-13,2024-03-13 20:14:00,MCL_VWAP_Dip_L,BUY,1,150,61,0.0,0.04,1.45
2024-03-14,2024-03-14 23:09:00,MCL_VWAP_Dip_L,BUY,1,15,61,0.0,0.05,4.15
2024-03-17,2024-03-17 18:01:00,MCL_VWAP_Dip_L,BUY,0,-45,61,0.0,0.05,6.63
2024-03-18,2024-03-18 01:31:00,MCL_EMA_Thrust_L,BUY,1,120,61,0.0,0.02,7.79
2024-03-18,2024-03-18 19:46:00,MCL_EMA_Thrust_L,BUY,0,-90,61,0.0,0.04,2.84
2024-03-19,2024-03-19 08:46:00,MCL_VWAP_Dip_L,BUY,1,630,45,0.0,0.1,1.38
2024-03-19,2024-03-19 21:01:00,MCL_EMA_Thrust_L,BUY,0,-105,61,0.0,0.04,4.85
2024-03-20,2024-03-20 19:49:00,MCL_EMA_Thrust_L,BUY,1,60,61,0.0,0.05,1.56
2024-03-21,2024-03-21 18:01:00,MCL_EMA_Thrust_L,BUY,1,60,61,0.0,0.06,2.38
2024-03-21,2024-03-21 20:02:00,MCL_VWAP_Dip_L,BUY,0,-225,61,0.0,0.03,2.8
2024-03-24,2024-03-24 18:01:00,MCL_EMA_Thrust_S,SELL,0,-180,1,0.0,0.05,7.9
2024-03-24,2024-03-24 18:02:00,MCL_VWAP_Dip_L,BUY,1,105,60,0.0,0.05,2.05
2024-03-24,2024-03-24 21:01:00,MCL_EMA_Thrust_L,BUY,1,60,61,0.0,0.04,13.85
2024-03-25,2024-03-25 20:01:00,MCL_EMA_Thrust_L,BUY,1,60,61,0.0,0.03,3.87
2024-03-26,2024-03-26 09:32:00,MCL_VWAP_Dip_L,BUY,0,-705,61,0.0,0.11,2.83
2024-03-26,2024-03-26 16:31:00,MCL_EMA_Thrust_S,SELL,1,135,25,0.0,0.06,7.88
2024-03-26,2024-03-26 21:01:00,MCL_EMA_Thrust_S,SELL,1,195,61,0.0,0.04,5.61
2024-03-27,2024-03-27 03:58:00,MCL_VWAP_Rip_S,SELL,1,495,61,0.0,0.07,2.43
2024-03-27,2024-03-27 19:46:00,MCL_VWAP_Dip_L,BUY,1,30,61,0.0,0.03,3.55
2024-03-28,2024-03-28 04:02:00,MCL_EMA_Thrust_L,BUY,0,-75,61,0.0,0.06,1.96
2024-04-01,2024-04-01 03:36:00,MCL_EMA_Thrust_L,BUY,0,0,61,0.0,0.05,2.02
2024-04-01,2024-04-01 09:10:00,MCL_VWAP_Dip_L,BUY,1,90,61,0.0,0.15,1.54
2024-04-01,2024-04-01 19:23:00,MCL_EMA_Thrust_L,BUY,0,0,61,0.0,0.04,5.54
2024-04-02,2024-04-02 08:49:00,MCL_VWAP_Dip_L,BUY,0,-225,61,0.0,0.12,3.73
2024-04-03,2024-04-03 07:01:00,MCL_EMA_Thrust_L,BUY,1,525,61,0.0,0.1,2.93
2024-04-03,2024-04-03 09:36:00,MCL_VWAP_Dip_L,BUY,1,630,45,0.0,0.13,1.48
2024-04-03,2024-04-03 18:01:00,MCL_EMA_Thrust_L,BUY,0,-105,61,0.0,0.05,5.7
2024-04-03,2024-04-03 21:19:00,MCL_VWAP_Dip_L,BUY,0,-105,61,0.0,0.05,2.43
2024-04-04,2024-04-04 18:01:00,MCL_EMA_Thrust_L,BUY,1,15,61,0.0,0.12,14.79
2024-04-05,2024-04-05 03:13:00,MCL_VWAP_Dip_L,BUY,0,-660,61,0.0,0.07,2.64
2024-04-07,2024-04-07 18:08:00,MCL_VWAP_Dip_L,BUY,0,-195,61,0.0,0.13,1.83
2024-04-08,2024-04-08 03:03:00,MCL_EMA_Thrust_L,BUY,1,315,61,0.0,0.08,3.0
2024-04-08,2024-04-08 18:01:00,MCL_EMA_Thrust_L,BUY,1,120,61,0.0,0.07,4.68
2024-04-09,2024-04-09 20:01:00,MCL_EMA_Thrust_L,BUY,0,-150,61,0.0,0.03,6.46
2024-04-10,2024-04-10 00:53:00,MCL_VWAP_Dip_L,BUY,0,0,61,0.0,0.04,2.66
2024-04-10,2024-04-10 10:36:00,MCL_Struct_Brk_L,BUY,0,-1035,27,0.0,0.23,2.85
2024-04-10,2024-04-10 11:04:00,MCL_Struct_Brk_S,SELL,0,-1035,48,0.0,0.25,2.72
2024-04-11,2024-04-11 00:39:00,MCL_VWAP_Dip_L,BUY,0,-90,61,0.0,0.04,1.77
2024-04-11,2024-04-11 03:37:00,MCL_EMA_Thrust_L,BUY,1,315,61,0.0,0.08,1.27
2024-04-11,2024-04-11 09:12:00,MCL_EMA_Thrust_S,SELL,0,0,61,0.0,0.16,2.37
2024-04-11,2024-04-11 18:01:00,MCL_EMA_Thrust_S,SELL,1,120,61,0.0,0.07,2.8
2024-04-12,2024-04-12 00:02:00,MCL_VWAP_Rip_S,SELL,0,0,61,0.0,0.05,1.82
2024-04-12,2024-04-12 02:50:00,MCL_EMA_Thrust_L,BUY,0,-180,61,0.0,0.05,2.62
2024-04-12,2024-04-12 03:54:00,MCL_VWAP_Dip_L,BUY,1,240,61,0.0,0.08,2.04
2024-04-14,2024-04-14 18:01:00,MCL_EMA_Thrust_S,SELL,0,-75,61,0.0,0.09,28.84
2024-04-15,2024-04-15 11:04:00,MCL_Struct_Brk_S,SELL,1,105,61,0.0,0.25,1.65
2024-04-15,2024-04-15 18:01:00,MCL_VWAP_Rip_S,SELL,0,-135,61,0.0,0.08,5.02
2024-04-15,2024-04-15 21:01:00,MCL_EMA_Thrust_L,BUY,1,105,61,0.0,0.06,7.28
2024-04-16,2024-04-16 03:25:00,MCL_EMA_Thrust_S,SELL,1,630,50,0.0,0.1,1.09
2024-04-17,2024-04-17 01:36:00,MCL_EMA_Thrust_S,SELL,0,-270,61,0.0,0.05,3.01
2024-04-17,2024-04-17 07:14:00,MCL_VWAP_Rip_S,SELL,0,-45,61,0.0,0.12,1.32
2024-04-17,2024-04-17 19:03:00,MCL_EMA_Thrust_S,SELL,0,-90,61,0.0,0.08,9.51
2024-04-18,2024-04-18 10:35:00,MCL_Struct_Brk_S,SELL,0,-360,61,0.0,0.22,2.52
2024-04-18,2024-04-18 22:31:00,MCL_Struct_Brk_L,BUY,0,-1035,37,0.0,0.31,2.03
2024-04-19,2024-04-19 02:11:00,MCL_EMA_Thrust_S,SELL,1,630,14,0.0,0.19,3.1
2024-04-21,2024-04-21 21:01:00,MCL_EMA_Thrust_S,SELL,1,180,61,0.0,0.08,11.19
2024-04-22,2024-04-22 04:49:00,MCL_VWAP_Rip_S,SELL,0,-585,61,0.0,0.13,2.16
2024-04-22,2024-04-22 19:54:00,MCL_EMA_Thrust_S,SELL,0,-465,61,0.0,0.03,5.34
2024-04-22,2024-04-22 22:05:00,MCL_VWAP_Rip_S,SELL,0,-270,61,0.0,0.09,2.74
2024-04-23,2024-04-23 18:01:00,MCL_EMA_Thrust_S,SELL,0,-165,61,0.0,0.06,7.65
2024-04-23,2024-04-23 22:57:00,MCL_VWAP_Rip_S,SELL,0,-120,61,0.0,0.06,3.05
2024-04-24,2024-04-24 10:58:00,MCL_Struct_Brk_S,SELL,0,-180,61,0.0,0.23,1.78
2024-04-24,2024-04-24 18:02:00,MCL_EMA_Thrust_S,SELL,0,-45,61,0.0,0.06,2.98
2024-04-24,2024-04-24 19:37:00,MCL_VWAP_Rip_S,SELL,1,45,61,0.0,0.04,1.97
2024-04-25,2024-04-25 18:04:00,MCL_EMA_Thrust_L,BUY,0,-75,61,0.0,0.06,2.43
2024-04-26,2024-04-26 00:51:00,MCL_VWAP_Dip_L,BUY,1,225,61,0.0,0.03,2.06
2024-04-29,2024-04-29 01:31:00,MCL_EMA_Thrust_L,BUY,0,-225,61,0.0,0.03,6.67
2024-04-29,2024-04-29 08:15:00,MCL_VWAP_Dip_L,BUY,0,-345,61,0.0,0.1,3.57
2024-04-29,2024-04-29 18:02:00,MCL_VWAP_Rip_S,SELL,1,135,61,0.0,0.06,1.68
2024-04-29,2024-04-29 20:01:00,MCL_EMA_Thrust_S,SELL,1,90,61,0.0,0.04,16.13
2024-04-30,2024-04-30 08:36:00,MCL_EMA_Thrust_L,BUY,0,-1035,36,0.0,0.1,2.01
2024-04-30,2024-04-30 10:09:00,MCL_Struct_Brk_S,SELL,0,-720,61,0.0,0.23,2.01
2024-04-30,2024-04-30 18:01:00,MCL_EMA_Thrust_S,SELL,1,195,61,0.0,0.09,2.61
2024-05-01,2024-05-01 00:51:00,MCL_VWAP_Rip_S,SELL,0,-105,61,0.0,0.04,1.99
2024-05-02,2024-05-02 07:35:00,MCL_VWAP_Rip_S,SELL,0,-75,61,0.0,0.14,1.65
2024-05-02,2024-05-02 09:27:00,MCL_EMA_Thrust_S,SELL,1,630,36,0.0,0.18,1.41
2024-05-02,2024-05-02 10:59:00,MCL_Struct_Brk_S,SELL,1,105,61,0.0,0.23,1.91
2024-05-03,2024-05-03 00:31:00,MCL_EMA_Thrust_S,SELL,0,-165,61,0.0,0.04,7.2
2024-05-03,2024-05-03 02:53:00,MCL_VWAP_Rip_S,SELL,0,-150,61,0.0,0.05,1.11
2024-05-05,2024-05-05 21:00:00,MCL_VWAP_Rip_S,SELL,0,-225,61,0.0,0.08,2.41
2024-05-06,2024-05-06 09:36:00,MCL_EMA_Thrust_S,SELL,0,-525,61,0.0,0.14,0.83
2024-05-06,2024-05-06 18:02:00,MCL_VWAP_Rip_S,SELL,0,-165,61,0.0,0.07,1.81
2024-05-06,2024-05-06 21:36:00,MCL_EMA_Thrust_S,SELL,1,75,61,0.0,0.06,1.03
2024-05-07,2024-05-07 23:04:00,MCL_EMA_Thrust_S,SELL,0,-150,61,0.0,0.04,8.03
2024-05-08,2024-05-08 06:20:00,MCL_VWAP_Rip_S,SELL,1,60,61,0.0,0.12,1.25
2024-05-08,2024-05-08 21:06:00,MCL_EMA_Thrust_S,SELL,0,-30,61,0.0,0.04,0.28
2024-05-09,2024-05-09 12:19:00,MCL_VWAP_Rip_S,SELL,1,195,61,0.0,0.16,2.03
2024-05-09,2024-05-09 20:04:00,MCL_EMA_Thrust_S,SELL,0,-165,49,0.0,0.03,1.84
2024-05-09,2024-05-09 21:01:00,MCL_EMA_Thrust_L,BUY,1,60,12,0.0,0.03,6.51
2024-05-12,2024-05-12 18:01:00,MCL_EMA_Thrust_S,SELL,0,-30,61,0.0,0.06,7.23
2024-05-13,2024-05-13 21:15:00,MCL_VWAP_Dip_L,BUY,0,-135,61,0.0,0.04,1.44
2024-05-14,2024-05-14 08:33:00,MCL_EMA_Thrust_S,SELL,1,630,32,0.0,0.07,1.77
2024-05-14,2024-05-14 16:41:00,MCL_VWAP_Rip_S,SELL,0,-60,14,0.0,0.08,6.41
2024-05-14,2024-05-14 18:01:00,MCL_VWAP_Rip_S,SELL,0,-30,61,0.0,0.08,1.26
2024-05-14,2024-05-14 19:37:00,MCL_EMA_Thrust_S,SELL,0,-30,61,0.0,0.05,2.64
2024-05-15,2024-05-15 11:01:00,MCL_Struct_Brk_S,SELL,0,-1035,6,0.0,0.24,2.25
2024-05-15,2024-05-15 23:43:00,MCL_VWAP_Dip_L,BUY,0,0,61,0.0,0.04,1.82
2024-05-16,2024-05-16 01:02:00,MCL_EMA_Thrust_L,BUY,0,-240,61,0.0,0.03,6.75
2024-05-16,2024-05-16 05:02:00,MCL_EMA_Thrust_S,SELL,1,405,61,0.0,0.1,1.0
2024-05-16,2024-05-16 18:01:00,MCL_VWAP_Dip_L,BUY,1,15,61,0.0,0.05,2.97
2024-05-17,2024-05-17 01:49:00,MCL_EMA_Thrust_L,BUY,1,315,61,0.0,0.03,1.85
2024-05-19,2024-05-19 21:01:00,MCL_EMA_Thrust_L,BUY,1,285,61,0.0,0.06,2.69
2024-05-19,2024-05-19 23:06:00,MCL_VWAP_Dip_L,BUY,1,60,61,0.0,0.08,1.26
2024-05-20,2024-05-20 18:01:00,MCL_EMA_Thrust_L,BUY,1,15,61,0.0,0.06,1.69
2024-05-20,2024-05-20 20:05:00,MCL_VWAP_Dip_L,BUY,0,-300,61,0.0,0.03,1.16
2024-05-21,2024-05-21 01:29:00,MCL_EMA_Thrust_S,SELL,0,-210,61,0.0,0.04,2.75
2024-05-21,2024-05-21 21:01:00,MCL_EMA_Thrust_S,SELL,0,-150,61,0.0,0.05,10.7
2024-05-22,2024-05-22 18:01:00,MCL_EMA_Thrust_S,SELL,0,0,61,0.0,0.05,4.06
2024-05-23,2024-05-23 18:01:00,MCL_EMA_Thrust_S,SELL,0,-30,61,0.0,0.08,5.26
2024-05-23,2024-05-23 21:20:00,MCL_VWAP_Rip_S,SELL,0,-90,61,0.0,0.05,1.45
2024-05-26,2024-05-26 18:01:00,MCL_EMA_Thrust_S,SELL,0,-60,61,0.0,0.05,6.43
2024-05-27,2024-05-27 09:06:00,MCL_EMA_Thrust_L,BUY,1,105,61,0.0,0.06,2.9
2024-05-27,2024-05-27 18:01:00,MCL_EMA_Thrust_L,BUY,0,-225,61,0.0,0.05,8.19
2024-05-28,2024-05-28 19:51:00,MCL_VWAP_Dip_L,BUY,0,-135,61,0.0,0.03,3.24
2024-05-29,2024-05-29 21:03:00,MCL_EMA_Thrust_L,BUY,1,75,61,0.0,0.04,2.9
2024-05-30,2024-05-30 07:55:00,MCL_VWAP_Dip_L,BUY,0,-495,61,0.0,0.1,1.65
2024-05-30,2024-05-30 18:01:00,MCL_EMA_Thrust_S,SELL,0,-15,61,0.0,0.06,3.4
2024-05-30,2024-05-30 21:01:00,MCL_VWAP_Rip_S,SELL,1,135,61,0.0,0.04,6.91
2024-06-03,2024-06-03 01:54:00,MCL_EMA_Thrust_S,SELL,0,-105,61,0.0,0.06,0.63
2024-06-03,2024-06-03 07:00:00,MCL_VWAP_Rip_S,SELL,0,-15,61,0.0,0.1,1.14
2024-06-03,2024-06-03 11:01:00,MCL_Struct_Brk_S,SELL,0,-105,61,0.0,0.31,1.55
2024-06-04,2024-06-04 02:13:00,MCL_EMA_Thrust_S,SELL,1,435,61,0.0,0.07,1.12
2024-06-04,2024-06-04 08:43:00,MCL_VWAP_Rip_S,SELL,1,630,17,0.0,0.13,1.53
2024-06-04,2024-06-04 11:42:00,MCL_Struct_Brk_S,SELL,0,-390,61,0.0,0.24,1.74
2024-06-05,2024-06-05 05:20:00,MCL_VWAP_Rip_S,SELL,0,-345,61,0.0,0.13,1.42
2024-06-05,2024-06-05 09:46:00,MCL_EMA_Thrust_S,SELL,0,0,61,0.0,0.15,4.9
2024-06-06,2024-06-06 02:45:00,MCL_VWAP_Rip_S,SELL,0,-540,61,0.0,0.04,1.43
2024-06-06,2024-06-06 09:02:00,MCL_EMA_Thrust_S,SELL,0,-315,61,0.0,0.14,2.67
2024-06-06,2024-06-06 18:01:00,MCL_VWAP_Rip_S,SELL,0,-45,61,0.0,0.05,7.87
2024-06-07,2024-06-07 02:16:00,MCL_EMA_Thrust_S,SELL,0,-75,61,0.0,0.04,0.55
2024-06-09,2024-06-09 18:02:00,MCL_EMA_Thrust_S,SELL,0,-60,61,0.0,0.06,1.15
2024-06-10,2024-06-10 10:06:00,MCL_EMA_Thrust_L,BUY,1,630,40,0.0,0.19,3.06
2024-06-11,2024-06-11 04:01:00,MCL_EMA_Thrust_L,BUY,0,-255,61,0.0,0.08,7.03
2024-06-12,2024-06-12 03:31:00,MCL_EMA_Thrust_L,BUY,1,180,61,0.0,0.05,1.7
2024-06-12,2024-06-12 14:10:00,MCL_VWAP_Dip_L,BUY,0,-360,61,0.0,0.12,1.53
2024-06-12,2024-06-12 21:03:00,MCL_EMA_Thrust_L,BUY,0,-285,61,0.0,0.03,1.97
2024-06-13,2024-06-13 04:39:00,MCL_VWAP_Dip_L,BUY,0,-810,61,0.0,0.08,1.54
2024-06-13,2024-06-13 21:07:00,MCL_EMA_Thrust_L,BUY,1,330,61,0.0,0.05,6.62
2024-06-14,2024-06-14 00:31:00,MCL_VWAP_Dip_L,BUY,1,255,61,0.0,0.07,3.24
2024-06-17,2024-06-17 03:43:00,MCL_EMA_Thrust_L,BUY,1,315,61,0.0,0.05,1.81
2024-06-17,2024-06-17 05:51:00,MCL_VWAP_Dip_L,BUY,0,-150,61,0.0,0.09,2.31
2024-06-17,2024-06-17 21:02:00,MCL_EMA_Thrust_L,BUY,0,-300,61,0.0,0.05,1.94
2024-06-18,2024-06-18 08:02:00,MCL_VWAP_Dip_L,BUY,1,45,61,0.0,0.08,4.99
2024-06-19,2024-06-19 09:15:00,MCL_VWAP_Dip_L,BUY,1,210,61,0.0,0.1,3.35
2024-06-20,2024-06-20 07:12:00,MCL_EMA_Thrust_L,BUY,0,-135,61,0.0,0.08,2.04
2024-06-21,2024-06-21 01:56:00,MCL_EMA_Thrust_L,BUY,0,-210,61,0.0,0.03,1.24
2024-06-21,2024-06-21 07:02:00,MCL_VWAP_Dip_L,BUY,0,-90,61,0.0,0.08,2.46
2024-06-23,2024-06-23 18:02:00,MCL_EMA_Thrust_L,BUY,0,-360,61,0.0,0.05,3.07
2024-06-24,2024-06-24 08:42:00,MCL_VWAP_Dip_L,BUY,1,285,61,0.0,0.09,2.58
2024-06-24,2024-06-24 21:08:00,MCL_EMA_Thrust_L,BUY,0,-300,61,0.0,0.04,0.99
2024-06-25,2024-06-25 10:51:00,MCL_VWAP_Dip_L,BUY,0,-450,61,0.0,0.13,1.46
2024-06-25,2024-06-25 21:01:00,MCL_EMA_Thrust_L,BUY,1,270,61,0.0,0.03,3.78
2024-06-26,2024-06-26 03:51:00,MCL_VWAP_Dip_L,BUY,1,60,61,0.0,0.05,2.15
2024-06-27,2024-06-27 01:31:00,MCL_EMA_Thrust_L,BUY,0,-15,61,0.0,0.02,7.44
2024-06-27,2024-06-27 09:41:00,MCL_VWAP_Dip_L,BUY,1,630,31,0.0,0.16,1.53
2024-06-27,2024-06-27 18:52:00,MCL_VWAP_Dip_L,BUY,1,120,61,0.0,0.04,2.62
2024-06-30,2024-06-30 18:03:00,MCL_EMA_Thrust_L,BUY,0,-180,61,0.0,0.05,1.74
2024-06-30,2024-06-30 20:08:00,MCL_VWAP_Dip_L,BUY,1,240,61,0.0,0.06,2.1
2024-07-01,2024-07-01 20:01:00,MCL_EMA_Thrust_L,BUY,0,-15,61,0.0,0.03,8.11
2024-07-03,2024-07-03 01:07:00,MCL_EMA_Thrust_L,BUY,0,-135,61,0.0,0.02,0.7
2024-07-03,2024-07-03 10:40:00,MCL_VWAP_Dip_L,BUY,0,-630,61,0.0,0.18,2.8
2024-07-03,2024-07-03 19:54:00,MCL_VWAP_Dip_L,BUY,0,-150,61,0.0,0.03,3.81
2024-07-04,2024-07-04 05:03:00,MCL_EMA_Thrust_L,BUY,0,-195,61,0.0,0.08,2.28
2024-07-05,2024-07-05 02:24:00,MCL_EMA_Thrust_L,BUY,1,540,61,0.0,0.03,1.58
2024-07-05,2024-07-05 10:13:00,MCL_VWAP_Dip_L,BUY,1,630,40,0.0,0.16,1.4
2024-07-07,2024-07-07 18:05:00,MCL_VWAP_Dip_L,BUY,1,345,61,0.0,0.13,2.78
2024-07-08,2024-07-08 08:32:00,MCL_EMA_Thrust_L,BUY,0,-360,42,0.0,0.1,5.91
2024-07-08,2024-07-08 09:14:00,MCL_EMA_Thrust_S,SELL,0,-75,19,0.0,0.13,2.55
2024-07-09,2024-07-09 03:01:00,MCL_EMA_Thrust_S,SELL,1,360,61,0.0,0.05,4.8
2024-07-09,2024-07-09 06:17:00,MCL_VWAP_Rip_S,SELL,1,30,61,0.0,0.09,1.44
2024-07-09,2024-07-09 18:01:00,MCL_EMA_Thrust_S,SELL,1,90,61,0.0,0.08,5.13
2024-07-10,2024-07-10 03:59:00,MCL_VWAP_Rip_S,SELL,0,-840,61,0.0,0.08,2.88
2024-07-10,2024-07-10 23:22:00,MCL_EMA_Thrust_L,BUY,0,-150,61,0.0,0.04,2.09
2024-07-11,2024-07-11 02:55:00,MCL_EMA_Thrust_S,SELL,1,240,61,0.0,0.04,2.31
2024-07-11,2024-07-11 04:25:00,MCL_VWAP_Rip_S,SELL,1,630,52,0.0,0.09,2.02
2024-07-11,2024-07-11 20:22:00,MCL_EMA_Thrust_L,BUY,0,-435,61,0.0,0.03,3.36
2024-07-12,2024-07-12 14:29:00,MCL_EMA_Thrust_S,SELL,0,-90,61,0.0,0.13,12.7
2024-07-14,2024-07-14 21:45:00,MCL_VWAP_Rip_S,SELL,0,-345,61,0.0,0.09,1.95
2024-07-15,2024-07-15 03:24:00,MCL_EMA_Thrust_S,SELL,0,-285,61,0.0,0.07,1.6
2024-07-15,2024-07-15 20:01:00,MCL_EMA_Thrust_S,SELL,1,15,61,0.0,0.03,15.47
2024-07-16,2024-07-16 10:39:00,MCL_VWAP_Rip_S,SELL,0,0,61,0.0,0.15,1.71
2024-07-17,2024-07-17 10:43:00,MCL_EMA_Thrust_L,BUY,1,630,27,0.0,0.15,2.03
2024-07-17,2024-07-17 20:01:00,MCL_EMA_Thrust_S,SELL,0,-240,61,0.0,0.05,16.74
2024-07-17,2024-07-17 22:48:00,MCL_VWAP_Rip_S,SELL,0,-180,61,0.0,0.05,1.7
2024-07-18,2024-07-18 03:52:00,MCL_EMA_Thrust_L,BUY,0,-735,61,0.0,0.07,2.7
2024-07-18,2024-07-18 22:04:00,MCL_VWAP_Rip_S,SELL,0,-150,61,0.0,0.06,1.76
2024-07-19,2024-07-19 03:36:00,MCL_EMA_Thrust_S,SELL,0,-930,61,0.0,0.07,1.31
2024-07-21,2024-07-21 18:04:00,MCL_VWAP_Rip_S,SELL,0,-135,61,0.0,0.07,1.27
2024-07-22,2024-07-22 20:23:00,MCL_EMA_Thrust_S,SELL,0,-525,61,0.0,0.03,4.07
2024-07-23,2024-07-23 18:01:00,MCL_EMA_Thrust_S,SELL,0,-30,61,0.0,0.08,4.18
2024-07-24,2024-07-24 11:13:00,MCL_VWAP_Rip_S,SELL,0,-1035,21,0.0,0.2,1.89
2024-07-24,2024-07-24 18:02:00,MCL_EMA_Thrust_S,SELL,0,-75,61,0.0,0.07,2.93
2024-07-25,2024-07-25 21:11:00,MCL_EMA_Thrust_S,SELL,0,-525,61,0.0,0.04,1.79
2024-07-26,2024-07-26 02:20:00,MCL_VWAP_Rip_S,SELL,1,180,61,0.0,0.04,1.74
2024-07-28,2024-07-28 18:03:00,MCL_VWAP_Rip_S,SELL,0,-45,61,0.0,0.1,1.72
2024-07-28,2024-07-28 20:21:00,MCL_EMA_Thrust_S,SELL,1,120,61,0.0,0.07,6.29
2024-07-29,2024-07-29 12:22:00,MCL_Struct_Brk_S,SELL,0,-15,61,0.0,0.22,3.13
2024-07-29,2024-07-29 18:01:00,MCL_EMA_Thrust_S,SELL,1,150,61,0.0,0.06,4.06
2024-07-30,2024-07-30 03:09:00,MCL_VWAP_Rip_S,SELL,0,-510,61,0.0,0.06,1.4
2024-07-30,2024-07-30 19:26:00,MCL_VWAP_Rip_S,SELL,0,0,61,0.0,0.05,2.43
2024-07-31,2024-07-31 14:06:00,MCL_EMA_Thrust_L,BUY,1,135,61,0.0,0.13,1.88
2024-07-31,2024-07-31 20:26:00,MCL_EMA_Thrust_L,BUY,1,15,61,0.0,0.06,1.29
2024-08-01,2024-08-01 01:41:00,MCL_VWAP_Dip_L,BUY,0,-150,61,0.0,0.06,5.99
2024-08-01,2024-08-01 11:45:00,MCL_Struct_Brk_S,SELL,1,15,61,0.0,0.25,3.39
2024-08-01,2024-08-01 14:12:00,MCL_EMA_Thrust_S,SELL,0,-300,61,0.0,0.15,4.28
2024-08-01,2024-08-01 18:01:00,MCL_EMA_Thrust_S,SELL,1,45,61,0.0,0.09,4.94
2024-08-01,2024-08-01 19:15:00,MCL_VWAP_Rip_S,SELL,1,150,61,0.0,0.07,1.26
2024-08-02,2024-08-02 09:27:00,MCL_Struct_Brk_S,SELL,1,630,6,0.0,0.27,1.68
2024-08-04,2024-08-04 18:07:00,MCL_EMA_Thrust_S,SELL,1,630,10,0.0,0.13,1.63
2024-08-05,2024-08-05 03:36:00,MCL_VWAP_Rip_S,SELL,1,630,19,0.0,0.22,1.28
2024-08-05,2024-08-05 04:01:00,MCL_Struct_Brk_S,SELL,1,630,45,0.0,0.23,3.22
2024-08-05,2024-08-05 21:01:00,MCL_EMA_Thrust_S,SELL,0,-285,61,0.0,0.1,7.56
2024-08-05,2024-08-05 23:49:00,MCL_VWAP_Rip_S,SELL,0,-90,61,0.0,0.1,1.94
2024-08-06,2024-08-06 09:25:00,MCL_Struct_Brk_S,SELL,0,-1035,14,0.0,0.23,1.79
2024-08-06,2024-08-06 18:01:00,MCL_EMA_Thrust_S,SELL,0,-105,61,0.0,0.13,3.13
2024-08-06,2024-08-06 21:46:00,MCL_VWAP_Rip_S,SELL,0,-510,61,0.0,0.1,1.33
2024-08-07,2024-08-07 18:01:00,MCL_EMA_Thrust_S,SELL,0,-180,61,0.0,0.1,2.32
2024-08-07,2024-08-07 21:04:00,MCL_EMA_Thrust_L,BUY,0,-285,61,0.0,0.09,9.62
2024-08-07,2024-08-07 22:17:00,MCL_VWAP_Rip_S,SELL,0,-120,61,0.0,0.1,1.3
2024-08-08,2024-08-08 19:13:00,MCL_EMA_Thrust_L,BUY,1,30,61,0.0,0.04,3.13
2024-08-09,2024-08-09 03:02:00,MCL_VWAP_Dip_L,BUY,0,-120,61,0.0,0.06,1.46
2024-08-11,2024-08-11 18:01:00,MCL_EMA_Thrust_L,BUY,0,-90,61,0.0,0.08,6.13
2024-08-12,2024-08-12 21:03:00,MCL_EMA_Thrust_L,BUY,0,-120,61,0.0,0.05,3.58
2024-08-13,2024-08-13 04:31:00,MCL_VWAP_Dip_L,BUY,1,345,61,0.0,0.09,4.25
2024-08-13,2024-08-13 18:09:00,MCL_EMA_Thrust_L,BUY,0,-45,61,0.0,0.09,3.42
2024-08-14,2024-08-14 05:25:00,MCL_VWAP_Dip_L,BUY,0,-975,61,0.0,0.09,1.17
2024-08-15,2024-08-15 00:31:00,MCL_VWAP_Dip_L,BUY,0,-345,61,0.0,0.06,3.15
2024-08-15,2024-08-15 03:42:00,MCL_EMA_Thrust_L,BUY,0,-210,61,0.0,0.08,1.86
2024-08-15,2024-08-15 20:01:00,MCL_EMA_Thrust_L,BUY,0,-45,61,0.0,0.05,11.93
2024-08-15,2024-08-15 22:23:00,MCL_VWAP_Dip_L,BUY,0,-90,61,0.0,0.05,1.1
2024-08-16,2024-08-16 09:32:00,MCL_VWAP_Rip_S,SELL,1,630,53,0.0,0.16,1.99
2024-08-18,2024-08-18 20:01:00,MCL_VWAP_Rip_S,SELL,0,-135,61,0.0,0.06,4.3
2024-08-19,2024-08-19 04:24:00,MCL_EMA_Thrust_S,SELL,0,-30,61,0.0,0.12,0.98
2024-08-19,2024-08-19 13:02:00,MCL_Struct_Brk_S,SELL,1,105,61,0.0,0.23,1.62
2024-08-19,2024-08-19 19:43:00,MCL_VWAP_Rip_S,SELL,1,150,61,0.0,0.04,5.5
2024-08-20,2024-08-20 04:01:00,MCL_EMA_Thrust_S,SELL,0,-450,61,0.0,0.11,2.04
2024-08-20,2024-08-20 18:01:00,MCL_EMA_Thrust_S,SELL,0,-150,61,0.0,0.07,2.17
2024-08-21,2024-08-21 01:06:00,MCL_VWAP_Rip_S,SELL,1,30,61,0.0,0.04,4.55
2024-08-21,2024-08-21 18:01:00,MCL_VWAP_Rip_S,SELL,1,30,61,0.0,0.09,5.66
2024-08-22,2024-08-22 02:52:00,MCL_EMA_Thrust_S,SELL,0,-45,61,0.0,0.05,3.28
2024-08-22,2024-08-22 18:01:00,MCL_EMA_Thrust_S,SELL,0,-150,61,0.0,0.06,5.02
2024-08-25,2024-08-25 18:02:00,MCL_VWAP_Rip_S,SELL,0,-75,61,0.0,0.05,4.37
2024-08-25,2024-08-25 19:56:00,MCL_EMA_Thrust_L,BUY,0,-90,61,0.0,0.08,2.82
2024-08-25,2024-08-25 23:00:00,MCL_VWAP_Dip_L,BUY,1,15,61,0.0,0.06,2.89
2024-08-26,2024-08-26 18:01:00,MCL_EMA_Thrust_L,BUY,0,-135,61,0.0,0.07,5.6
2024-08-27,2024-08-27 18:05:00,MCL_EMA_Thrust_L,BUY,0,-60,61,0.0,0.08,4.42
2024-08-27,2024-08-27 21:40:00,MCL_VWAP_Dip_L,BUY,0,-435,61,0.0,0.05,1.94
2024-08-28,2024-08-28 10:53:00,MCL_Struct_Brk_L,BUY,1,630,12,0.0,0.23,2.51
2024-08-29,2024-08-29 01:54:00,MCL_EMA_Thrust_L,BUY,0,-240,61,0.0,0.05,0.78
2024-08-29,2024-08-29 04:27:00,MCL_EMA_Thrust_S,SELL,1,120,61,0.0,0.11,2.33
2024-08-29,2024-08-29 11:23:00,MCL_Struct_Brk_L,BUY,0,-1035,11,0.0,0.22,1.78
2024-08-29,2024-08-29 20:46:00,MCL_EMA_Thrust_L,BUY,1,225,61,0.0,0.05,1.7
2024-08-30,2024-08-30 04:54:00,MCL_VWAP_Dip_L,BUY,0,-480,61,0.0,0.13,1.82
2024-08-30,2024-08-30 11:15:00,MCL_Struct_Brk_S,SELL,0,-555,61,0.0,0.27,2.95
2024-08-30,2024-08-30 14:28:00,MCL_EMA_Thrust_S,SELL,1,240,61,0.0,0.14,5.21
2024-09-01,2024-09-01 18:01:00,MCL_EMA_Thrust_S,SELL,1,285,61,0.0,0.07,13.56
2024-09-02,2024-09-02 01:27:00,MCL_VWAP_Rip_S,SELL,1,60,61,0.0,0.04,2.59
2024-09-03,2024-09-03 04:49:00,MCL_VWAP_Rip_S,SELL,1,630,27,0.0,0.15,1.16
2024-09-03,2024-09-03 11:01:00,MCL_Struct_Brk_S,SELL,0,-480,61,0.0,0.26,4.34
2024-09-04,2024-09-04 01:36:00,MCL_VWAP_Rip_S,SELL,0,-30,61,0.0,0.05,4.45
2024-09-04,2024-09-04 02:41:00,MCL_EMA_Thrust_S,SELL,1,630,39,0.0,0.07,1.73
2024-09-04,2024-09-04 08:38:00,MCL_Struct_Brk_S,SELL,1,630,10,0.0,0.23,2.44
2024-09-04,2024-09-04 18:01:00,MCL_VWAP_Rip_S,SELL,0,-315,61,0.0,0.11,3.34
2024-09-05,2024-09-05 07:20:00,MCL_EMA_Thrust_S,SELL,0,-300,61,0.0,0.16,15.97
2024-09-05,2024-09-05 12:01:00,MCL_Struct_Brk_S,SELL,1,630,13,0.0,0.27,1.63
2024-09-05,2024-09-05 18:03:00,MCL_VWAP_Rip_S,SELL,1,60,61,0.0,0.07,1.18
2024-09-05,2024-09-05 21:03:00,MCL_EMA_Thrust_S,SELL,0,-240,61,0.0,0.05,1.11
2024-09-06,2024-09-06 11:35:00,MCL_Struct_Brk_S,SELL,1,630,40,0.0,0.28,2.71
2024-09-08,2024-09-08 18:01:00,MCL_EMA_Thrust_S,SELL,0,-270,61,0.0,0.08,9.12
2024-09-09,2024-09-09 02:51:00,MCL_VWAP_Rip_S,SELL,0,-225,61,0.0,0.08,1.72
2024-09-09,2024-09-09 11:16:00,MCL_Struct_Brk_S,SELL,0,-615,61,0.0,0.23,2.74
2024-09-09,2024-09-09 18:01:00,MCL_EMA_Thrust_S,SELL,0,-45,61,0.0,0.08,4.89
2024-09-10,2024-09-10 04:01:00,MCL_VWAP_Rip_S,SELL,1,630,36,0.0,0.1,2.58
2024-09-10,2024-09-10 11:41:00,MCL_Struct_Brk_S,SELL,1,630,3,0.0,0.3,3.33
2024-09-10,2024-09-10 21:34:00,MCL_EMA_Thrust_S,SELL,0,-390,61,0.0,0.07,1.94
2024-09-11,2024-09-11 10:31:00,MCL_Struct_Brk_S,SELL,1,630,18,0.0,0.23,6.21
2024-09-11,2024-09-11 19:01:00,MCL_VWAP_Rip_S,SELL,0,-90,61,0.0,0.05,2.91
2024-09-12,2024-09-12 08:59:00,MCL_EMA_Thrust_S,SELL,1,255,61,0.0,0.13,1.92
2024-09-12,2024-09-12 18:01:00,MCL_VWAP_Rip_S,SELL,0,-15,61,0.0,0.07,8.51
2024-09-12,2024-09-12 20:03:00,MCL_EMA_Thrust_S,SELL,0,-150,30,0.0,0.04,2.68
2024-09-12,2024-09-12 20:33:00,MCL_EMA_Thrust_L,BUY,1,30,31,0.0,0.04,5.1
2024-09-13,2024-09-13 02:01:00,MCL_VWAP_Dip_L,BUY,0,-60,61,0.0,0.05,4.76
2024-09-15,2024-09-15 18:01:00,MCL_EMA_Thrust_L,BUY,0,-705,61,0.0,0.08,9.28
2024-09-16,2024-09-16 08:33:00,MCL_VWAP_Dip_L,BUY,1,630,11,0.0,0.12,1.14
2024-09-16,2024-09-16 20:02:00,MCL_EMA_Thrust_L,BUY,0,-180,61,0.0,0.03,5.9
2024-09-16,2024-09-16 22:27:00,MCL_VWAP_Dip_L,BUY,1,120,61,0.0,0.05,2.4
2024-09-17,2024-09-17 21:02:00,MCL_EMA_Thrust_L,BUY,0,-540,61,0.0,0.06,3.32
2024-09-18,2024-09-18 11:34:00,MCL_VWAP_Dip_L,BUY,0,-330,61,0.0,0.21,2.5
2024-09-18,2024-09-18 19:20:00,MCL_VWAP_Dip_L,BUY,1,420,61,0.0,0.07,1.79
2024-09-19,2024-09-19 00:01:00,MCL_EMA_Thrust_L,BUY,1,165,61,0.0,0.07,2.93
2024-09-20,2024-09-20 00:40:00,MCL_VWAP_Dip_L,BUY,0,-180,61,0.0,0.04,2.23
2024-09-20,2024-09-20 02:54:00,MCL_EMA_Thrust_L,BUY,0,-420,61,0.0,0.05,0.71
2024-09-22,2024-09-22 18:01:00,MCL_EMA_Thrust_L,BUY,0,-495,61,0.0,0.06,11.13
2024-09-23,2024-09-23 02:43:00,MCL_VWAP_Dip_L,BUY,0,-1035,37,0.0,0.06,5.04
2024-09-23,2024-09-23 18:26:00,MCL_EMA_Thrust_L,BUY,0,-315,61,0.0,0.06,1.87
2024-09-23,2024-09-23 22:05:00,MCL_VWAP_Dip_L,BUY,1,375,61,0.0,0.09,2.31
2024-09-24,2024-09-24 19:28:00,MCL_EMA_Thrust_L,BUY,0,-195,61,0.0,0.04,9.8
2024-09-25,2024-09-25 05:40:00,MCL_VWAP_Dip_L,BUY,0,-645,61,0.0,0.12,1.33
2024-09-25,2024-09-25 10:34:00,MCL_EMA_Thrust_S,SELL,0,-900,13,0.0,0.19,2.67
2024-09-25,2024-09-25 10:47:00,MCL_Struct_Brk_L,BUY,0,-615,48,0.0,0.23,2.12
2024-09-25,2024-09-25 12:06:00,MCL_Struct_Brk_S,SELL,1,630,13,0.0,0.24,2.64
2024-09-25,2024-09-25 18:01:00,MCL_EMA_Thrust_S,SELL,1,210,61,0.0,0.06,6.23
2024-09-26,2024-09-26 05:01:00,MCL_VWAP_Rip_S,SELL,0,-540,61,0.0,0.21,3.3
2024-09-26,2024-09-26 09:20:00,MCL_Struct_Brk_S,SELL,0,-540,61,0.0,0.26,2.22
2024-09-26,2024-09-26 21:33:00,MCL_EMA_Thrust_S,SELL,0,-135,61,0.0,0.08,1.45
2024-09-27,2024-09-27 09:03:00,MCL_VWAP_Rip_S,SELL,1,630,43,0.0,0.16,2.71
2024-09-29,2024-09-29 18:01:00,MCL_EMA_Thrust_S,SELL,1,630,9,0.0,0.08,12.43
2024-09-29,2024-09-29 19:24:00,MCL_VWAP_Rip_S,SELL,0,-240,61,0.0,0.1,2.56
2024-09-30,2024-09-30 18:01:00,MCL_VWAP_Rip_S,SELL,1,195,61,0.0,0.08,8.25
2024-09-30,2024-09-30 20:03:00,MCL_EMA_Thrust_S,SELL,0,-30,61,0.0,0.04,2.46
2024-10-01,2024-10-01 10:59:00,MCL_Struct_Brk_L,BUY,1,630,10,0.0,0.38,1.97
2024-10-01,2024-10-01 12:33:00,MCL_EMA_Thrust_L,BUY,1,630,27,0.0,0.29,6.23
2024-10-01,2024-10-01 19:00:00,MCL_VWAP_Dip_L,BUY,0,-45,61,0.0,0.13,1.25
2024-10-02,2024-10-02 00:57:00,MCL_EMA_Thrust_L,BUY,1,255,61,0.0,0.07,5.22
2024-10-02,2024-10-02 20:01:00,MCL_EMA_Thrust_L,BUY,1,30,61,0.0,0.05,5.3
2024-10-03,2024-10-03 02:03:00,MCL_VWAP_Dip_L,BUY,1,375,61,0.0,0.06,1.59
2024-10-03,2024-10-03 09:17:00,MCL_Struct_Brk_L,BUY,1,630,56,0.0,0.23,3.72
2024-10-03,2024-10-03 20:26:00,MCL_EMA_Thrust_L,BUY,0,-360,61,0.0,0.08,2.42
2024-10-04,2024-10-04 09:34:00,MCL_Struct_Brk_L,BUY,0,-660,61,0.0,0.25,1.68
2024-10-06,2024-10-06 19:36:00,MCL_VWAP_Dip_L,BUY,1,90,61,0.0,0.12,1.25
2024-10-06,2024-10-06 21:10:00,MCL_EMA_Thrust_L,BUY,0,-60,61,0.0,0.1,5.5
2024-10-07,2024-10-07 09:46:00,MCL_Struct_Brk_L,BUY,1,240,61,0.0,0.22,3.37
2024-10-07,2024-10-07 18:34:00,MCL_EMA_Thrust_L,BUY,0,-1035,2,0.0,0.09,21.59
2024-10-08,2024-10-08 21:01:00,MCL_EMA_Thrust_L,BUY,0,-435,61,0.0,0.09,8.97
2024-10-09,2024-10-09 04:45:00,MCL_VWAP_Dip_L,BUY,1,630,40,0.0,0.18,2.67
2024-10-09,2024-10-09 12:07:00,MCL_Struct_Brk_L,BUY,0,-1035,32,0.0,0.29,2.28
2024-10-09,2024-10-09 18:01:00,MCL_EMA_Thrust_L,BUY,1,15,61,0.0,0.09,5.48
2024-10-10,2024-10-10 03:43:00,MCL_VWAP_Dip_L,BUY,1,630,46,0.0,0.11,4.46
2024-10-10,2024-10-10 10:15:00,MCL_Struct_Brk_L,BUY,1,630,4,0.0,0.26,2.54
2024-10-10,2024-10-10 20:01:00,MCL_EMA_Thrust_L,BUY,0,-240,61,0.0,0.08,5.41
2024-10-11,2024-10-11 00:09:00,MCL_VWAP_Dip_L,BUY,1,15,61,0.0,0.07,3.31
2024-10-11,2024-10-11 10:57:00,MCL_Struct_Brk_L,BUY,0,-735,61,0.0,0.22,1.52
2024-10-13,2024-10-13 21:03:00,MCL_EMA_Thrust_L,BUY,0,-240,61,0.0,0.1,2.34
2024-10-14,2024-10-14 02:11:00,MCL_VWAP_Dip_L,BUY,0,-390,61,0.0,0.07,1.85
2024-10-14,2024-10-14 10:50:00,MCL_Struct_Brk_L,BUY,0,-1035,44,0.0,0.24,1.86
2024-10-14,2024-10-14 20:01:00,MCL_EMA_Thrust_S,SELL,0,-300,61,0.0,0.12,5.1
2024-10-14,2024-10-14 23:30:00,MCL_VWAP_Rip_S,SELL,1,105,61,0.0,0.09,8.11
2024-10-15,2024-10-15 10:50:00,MCL_Struct_Brk_S,SELL,0,-405,61,0.0,0.24,1.79
2024-10-15,2024-10-15 18:01:00,MCL_EMA_Thrust_S,SELL,0,-225,61,0.0,0.09,4.33
2024-10-15,2024-10-15 23:12:00,MCL_VWAP_Rip_S,SELL,1,165,61,0.0,0.07,1.62
2024-10-17,2024-10-17 02:23:00,MCL_EMA_Thrust_S,SELL,1,390,61,0.0,0.05,5.47
2024-10-17,2024-10-17 04:37:00,MCL_VWAP_Rip_S,SELL,0,-15,61,0.0,0.12,1.21
2024-10-18,2024-10-18 04:35:00,MCL_VWAP_Rip_S,SELL,1,135,61,0.0,0.11,1.56
2024-10-18,2024-10-18 09:01:00,MCL_EMA_Thrust_S,SELL,1,630,11,0.0,0.14,2.71
2024-10-18,2024-10-18 11:15:00,MCL_Struct_Brk_S,SELL,0,-1035,54,0.0,0.25,4.21
2024-10-20,2024-10-20 18:15:00,MCL_EMA_Thrust_S,SELL,1,75,61,0.0,0.1,3.64
2024-10-21,2024-10-21 20:36:00,MCL_EMA_Thrust_S,SELL,1,15,61,0.0,0.05,0.81
2024-10-23,2024-10-23 01:31:00,MCL_EMA_Thrust_L,BUY,0,-435,61,0.0,0.04,6.0
2024-10-23,2024-10-23 03:01:00,MCL_EMA_Thrust_S,SELL,0,-60,61,0.0,0.07,2.06
2024-10-23,2024-10-23 09:07:00,MCL_VWAP_Rip_S,SELL,0,-840,61,0.0,0.14,5.77
2024-10-23,2024-10-23 18:01:00,MCL_EMA_Thrust_S,SELL,0,-225,61,0.0,0.06,2.87
2024-10-23,2024-10-23 20:01:00,MCL_EMA_Thrust_L,BUY,1,435,61,0.0,0.04,8.23
2024-10-24,2024-10-24 21:38:00,MCL_EMA_Thrust_S,SELL,0,-45,61,0.0,0.06,1.61
2024-10-25,2024-10-25 02:15:00,MCL_VWAP_Rip_S,SELL,0,-30,61,0.0,0.04,2.37
2024-10-25,2024-10-25 08:01:00,MCL_EMA_Thrust_L,BUY,1,375,61,0.0,0.09,2.55
2024-10-28,2024-10-28 09:01:00,MCL_EMA_Thrust_S,SELL,0,-1035,47,0.0,0.14,10.47
2024-10-28,2024-10-28 10:08:00,MCL_VWAP_Rip_S,SELL,0,-210,61,0.0,0.17,1.61
2024-10-29,2024-10-29 03:21:00,MCL_VWAP_Rip_S,SELL,1,30,61,0.0,0.07,1.28
2024-10-29,2024-10-29 14:29:00,MCL_EMA_Thrust_S,SELL,0,-30,61,0.0,0.13,2.49
2024-10-29,2024-10-29 18:01:00,MCL_EMA_Thrust_S,SELL,0,-135,61,0.0,0.07,1.68
2024-10-30,2024-10-30 06:16:00,MCL_VWAP_Rip_S,SELL,0,-345,61,0.0,0.11,1.2
2024-10-30,2024-10-30 18:01:00,MCL_EMA_Thrust_S,SELL,0,-45,61,0.0,0.07,3.34
2024-10-30,2024-10-30 20:25:00,MCL_VWAP_Rip_S,SELL,1,75,61,0.0,0.04,2.06
2024-10-31,2024-10-31 14:34:00,MCL_EMA_Thrust_L,BUY,1,630,47,0.0,0.13,22.77
2024-10-31,2024-10-31 19:57:00,MCL_VWAP_Dip_L,BUY,0,-180,61,0.0,0.07,2.52
2024-11-04,2024-11-04 00:57:00,MCL_EMA_Thrust_L,BUY,1,45,61,0.0,0.05,3.96
2024-11-04,2024-11-04 10:01:00,MCL_VWAP_Dip_L,BUY,0,-510,61,0.0,0.17,4.46
2024-11-04,2024-11-04 21:02:00,MCL_EMA_Thrust_L,BUY,1,75,61,0.0,0.05,2.62
2024-11-04,2024-11-04 23:59:00,MCL_VWAP_Dip_L,BUY,0,-165,61,0.0,0.04,1.45
2024-11-06,2024-11-06 06:09:00,MCL_EMA_Thrust_L,BUY,0,-135,61,0.0,0.17,2.39
2024-11-06,2024-11-06 20:03:00,MCL_EMA_Thrust_L,BUY,1,420,61,0.0,0.04,2.49
2024-11-07,2024-11-07 11:47:00,MCL_Struct_Brk_L,BUY,1,630,46,0.0,0.25,2.36
2024-11-07,2024-11-07 20:01:00,MCL_EMA_Thrust_L,BUY,0,-435,61,0.0,0.04,10.84
2024-11-10,2024-11-10 21:59:00,MCL_VWAP_Rip_S,SELL,1,90,61,0.0,0.07,1.77
2024-11-11,2024-11-11 00:35:00,MCL_EMA_Thrust_S,SELL,0,-420,61,0.0,0.06,4.76
2024-11-11,2024-11-11 03:39:00,MCL_EMA_Thrust_L,BUY,0,-1035,42,0.0,0.09,7.15
2024-11-11,2024-11-11 18:01:00,MCL_EMA_Thrust_S,SELL,0,-285,61,0.0,0.06,6.94
2024-11-12,2024-11-12 11:30:00,MCL_VWAP_Rip_S,SELL,1,330,61,0.0,0.21,2.83
2024-11-12,2024-11-12 18:02:00,MCL_EMA_Thrust_S,SELL,0,-150,61,0.0,0.06,2.61
2024-11-13,2024-11-13 16:31:00,MCL_VWAP_Rip_S,SELL,0,-75,25,0.0,0.1,3.76
2024-11-13,2024-11-13 22:47:00,MCL_EMA_Thrust_S,SELL,0,-60,61,0.0,0.06,3.13
2024-11-14,2024-11-14 02:48:00,MCL_VWAP_Rip_S,SELL,0,-540,61,0.0,0.06,3.64
2024-11-14,2024-11-14 18:01:00,MCL_EMA_Thrust_S,SELL,0,-90,61,0.0,0.07,3.1
2024-11-15,2024-11-15 04:29:00,MCL_VWAP_Rip_S,SELL,1,405,61,0.0,0.13,3.14
2024-11-18,2024-11-18 04:01:00,MCL_EMA_Thrust_S,SELL,0,-1035,49,0.0,0.1,3.54
2024-11-19,2024-11-19 02:33:00,MCL_EMA_Thrust_S,SELL,1,195,61,0.0,0.06,3.81
2024-11-19,2024-11-19 06:01:00,MCL_VWAP_Rip_S,SELL,1,210,61,0.0,0.12,7.3
2024-11-19,2024-11-19 09:52:00,MCL_EMA_Thrust_L,BUY,0,-1035,39,0.0,0.18,2.09
2024-11-19,2024-11-19 10:35:00,MCL_VWAP_Dip_L,BUY,0,-390,61,0.0,0.25,2.72
2024-11-20,2024-11-20 02:26:00,MCL_EMA_Thrust_L,BUY,1,75,61,0.0,0.05,1.01
2024-11-20,2024-11-20 08:43:00,MCL_VWAP_Dip_L,BUY,1,60,61,0.0,0.1,3.58
2024-11-20,2024-11-20 20:01:00,MCL_VWAP_Dip_L,BUY,1,60,61,0.0,0.04,6.58
2024-11-21,2024-11-21 03:31:00,MCL_EMA_Thrust_L,BUY,0,0,61,0.0,0.07,2.14
2024-11-21,2024-11-21 20:02:00,MCL_EMA_Thrust_L,BUY,1,255,61,0.0,0.04,7.06
2024-11-21,2024-11-21 22:32:00,MCL_VWAP_Dip_L,BUY,0,-195,61,0.0,0.05,3.3
2024-11-24,2024-11-24 18:02:00,MCL_EMA_Thrust_L,BUY,1,45,61,0.0,0.07,3.65
2024-11-25,2024-11-25 18:01:00,MCL_EMA_Thrust_S,SELL,1,345,61,0.0,0.05,9.63
2024-11-25,2024-11-25 20:11:00,MCL_VWAP_Rip_S,SELL,0,-420,61,0.0,0.07,2.53
2024-11-26,2024-11-26 02:06:00,MCL_EMA_Thrust_L,BUY,0,-90,61,0.0,0.06,2.64
2024-11-26,2024-11-26 07:53:00,MCL_VWAP_Dip_L,BUY,1,630,53,0.0,0.1,1.14
2024-11-26,2024-11-26 18:01:00,MCL_EMA_Thrust_S,SELL,0,-30,61,0.0,0.09,3.47
2024-11-26,2024-11-26 20:02:00,MCL_VWAP_Rip_S,SELL,1,225,61,0.0,0.04,1.76
2024-11-27,2024-11-27 20:26:00,MCL_EMA_Thrust_S,SELL,0,-75,61,0.0,0.04,2.19
2024-11-28,2024-11-28 20:01:00,MCL_EMA_Thrust_S,SELL,0,-345,61,0.0,0.04,5.13
2024-11-29,2024-11-29 04:37:00,MCL_VWAP_Rip_S,SELL,1,630,18,0.0,0.11,2.22
2024-12-01,2024-12-01 20:14:00,MCL_VWAP_Rip_S,SELL,0,-345,61,0.0,0.09,2.0
2024-12-02,2024-12-02 18:01:00,MCL_EMA_Thrust_S,SELL,0,-150,61,0.0,0.05,4.64
2024-12-03,2024-12-03 16:56:00,MCL_EMA_Thrust_L,BUY,0,-30,1,0.0,0.06,2.63
2024-12-04,2024-12-04 01:21:00,MCL_EMA_Thrust_L,BUY,0,-15,61,0.0,0.04,1.85
2024-12-04,2024-12-04 03:08:00,MCL_VWAP_Dip_L,BUY,0,-105,61,0.0,0.05,2.39
2024-12-04,2024-12-04 12:59:00,MCL_EMA_Thrust_S,SELL,1,420,61,0.0,0.13,18.85
2024-12-04,2024-12-04 18:01:00,MCL_VWAP_Rip_S,SELL,0,-30,61,0.0,0.07,5.72
2024-12-05,2024-12-05 20:26:00,MCL_EMA_Thrust_S,SELL,1,60,61,0.0,0.05,3.21
2024-12-05,2024-12-05 21:41:00,MCL_VWAP_Rip_S,SELL,0,-150,61,0.0,0.05,1.57
2024-12-08,2024-12-08 18:01:00,MCL_EMA_Thrust_S,SELL,0,-360,61,0.0,0.05,10.14
2024-12-09,2024-12-09 18:03:00,MCL_EMA_Thrust_S,SELL,0,-75,61,0.0,0.05,1.12
2024-12-10,2024-12-10 02:53:00,MCL_VWAP_Rip_S,SELL,0,-360,61,0.0,0.05,3.31
2024-12-10,2024-12-10 20:01:00,MCL_EMA_Thrust_L,BUY,1,330,61,0.0,0.04,3.65
2024-12-11,2024-12-11 10:50:00,MCL_VWAP_Dip_L,BUY,1,630,25,0.0,0.16,1.77
2024-12-11,2024-12-11 20:01:00,MCL_EMA_Thrust_L,BUY,0,-270,61,0.0,0.04,5.87
2024-12-12,2024-12-12 02:46:00,MCL_VWAP_Dip_L,BUY,1,255,61,0.0,0.05,3.3
2024-12-12,2024-12-12 20:02:00,MCL_EMA_Thrust_L,BUY,1,45,61,0.0,0.04,7.06
2024-12-12,2024-12-12 22:12:00,MCL_VWAP_Dip_L,BUY,1,150,61,0.0,0.05,3.45
2024-12-16,2024-12-16 09:02:00,MCL_EMA_Thrust_L,BUY,0,-120,61,0.0,0.08,4.33
2024-12-16,2024-12-16 18:01:00,MCL_VWAP_Dip_L,BUY,0,-150,61,0.0,0.06,1.62
2024-12-16,2024-12-16 20:01:00,MCL_EMA_Thrust_L,BUY,0,-15,61,0.0,0.04,13.48
2024-12-17,2024-12-17 18:01:00,MCL_VWAP_Dip_L,BUY,0,-90,61,0.0,0.06,4.18
2024-12-18,2024-12-18 02:53:00,MCL_EMA_Thrust_L,BUY,1,120,61,0.0,0.04,0.83
2024-12-18,2024-12-18 20:01:00,MCL_EMA_Thrust_L,BUY,0,0,61,0.0,0.04,19.33
2024-12-18,2024-12-18 21:05:00,MCL_VWAP_Dip_L,BUY,1,15,61,0.0,0.06,1.52
2024-12-19,2024-12-19 03:01:00,MCL_EMA_Thrust_S,SELL,0,-285,61,0.0,0.06,1.9
2024-12-19,2024-12-19 18:01:00,MCL_VWAP_Rip_S,SELL,1,150,61,0.0,0.05,4.17
2024-12-19,2024-12-19 19:28:00,MCL_EMA_Thrust_S,SELL,0,-105,61,0.0,0.04,2.73
2024-12-23,2024-12-23 04:50:00,MCL_EMA_Thrust_S,SELL,1,630,58,0.0,0.09,4.83
2024-12-23,2024-12-23 18:01:00,MCL_EMA_Thrust_S,SELL,0,-15,61,0.0,0.05,3.32
2024-12-24,2024-12-24 06:13:00,MCL_EMA_Thrust_L,BUY,0,-540,61,0.0,0.07,1.95
2024-12-25,2024-12-25 20:01:00,MCL_EMA_Thrust_L,BUY,0,-60,61,0.0,0.05,13.69
2024-12-26,2024-12-26 07:21:00,MCL_VWAP_Dip_L,BUY,1,285,61,0.0,0.05,4.92
2024-12-26,2024-12-26 13:07:00,MCL_EMA_Thrust_S,SELL,1,45,61,0.0,0.08,5.83
2024-12-26,2024-12-26 20:17:00,MCL_EMA_Thrust_S,SELL,0,-150,61,0.0,0.04,2.25
2024-12-27,2024-12-27 05:32:00,MCL_EMA_Thrust_L,BUY,1,330,61,0.0,0.08,3.57
2024-12-27,2024-12-27 10:17:00,MCL_VWAP_Dip_L,BUY,1,255,61,0.0,0.11,1.68
2024-12-29,2024-12-29 18:06:00,MCL_EMA_Thrust_L,BUY,1,120,61,0.0,0.07,1.72
2024-12-30,2024-12-30 01:47:00,MCL_VWAP_Dip_L,BUY,0,-60,61,0.0,0.04,5.64
2024-12-30,2024-12-30 18:02:00,MCL_VWAP_Dip_L,BUY,1,135,61,0.0,0.05,4.04
2024-12-30,2024-12-30 20:01:00,MCL_EMA_Thrust_L,BUY,1,180,61,0.0,0.03,14.32
2025-01-01,2025-01-01 18:03:00,MCL_EMA_Thrust_L,BUY,1,90,61,0.0,0.05,3.22
2025-01-01,2025-01-01 21:16:00,MCL_VWAP_Dip_L,BUY,0,-60,61,0.0,0.07,2.35
2025-01-02,2025-01-02 20:01:00,MCL_EMA_Thrust_L,BUY,0,-105,61,0.0,0.04,15.61
2025-01-05,2025-01-05 18:01:00,MCL_EMA_Thrust_L,BUY,1,120,61,0.0,0.05,7.59
2025-01-06,2025-01-06 20:01:00,MCL_EMA_Thrust_L,BUY,0,0,61,0.0,0.04,6.26
2025-01-07,2025-01-07 01:44:00,MCL_VWAP_Dip_L,BUY,0,-165,61,0.0,0.04,2.8
2025-01-07,2025-01-07 18:36:00,MCL_EMA_Thrust_L,BUY,0,-75,61,0.0,0.07,3.75
2025-01-08,2025-01-08 05:39:00,MCL_VWAP_Dip_L,BUY,0,-780,61,0.0,0.12,1.99
2025-01-09,2025-01-09 01:21:00,MCL_EMA_Thrust_L,BUY,0,-75,61,0.0,0.05,1.77
2025-01-09,2025-01-09 03:42:00,MCL_VWAP_Dip_L,BUY,0,-135,61,0.0,0.1,1.16
2025-01-10,2025-01-10 01:57:00,MCL_EMA_Thrust_L,BUY,1,270,61,0.0,0.05,1.45
2025-01-12,2025-01-12 18:01:00,MCL_EMA_Thrust_L,BUY,1,630,19,0.0,0.08,15.39
2025-01-12,2025-01-12 21:40:00,MCL_VWAP_Dip_L,BUY,0,-135,61,0.0,0.1,1.61
2025-01-13,2025-01-13 18:01:00,MCL_EMA_Thrust_L,BUY,0,-120,61,0.0,0.08,2.83
2025-01-14,2025-01-14 03:54:00,MCL_VWAP_Dip_L,BUY,1,630,22,0.0,0.12,1.16
2025-01-14,2025-01-14 18:06:00,MCL_VWAP_Dip_L,BUY,0,-15,61,0.0,0.12,1.66
2025-01-15,2025-01-15 03:35:00,MCL_EMA_Thrust_L,BUY,0,-1035,50,0.0,0.12,1.2
2025-01-15,2025-01-15 18:10:00,MCL_VWAP_Dip_L,BUY,1,90,61,0.0,0.2,1.47
2025-01-15,2025-01-15 20:07:00,MCL_EMA_Thrust_L,BUY,0,-450,61,0.0,0.09,6.68
2025-01-16,2025-01-16 18:23:00,MCL_EMA_Thrust_L,BUY,0,0,61,0.0,0.07,6.13
2025-01-20,2025-01-20 08:01:00,MCL_EMA_Thrust_L,BUY,0,-1035,39,0.0,0.09,3.05
2025-01-20,2025-01-20 10:46:00,MCL_EMA_Thrust_S,SELL,0,-240,61,0.0,0.19,3.26
2025-01-20,2025-01-20 18:01:00,MCL_EMA_Thrust_S,SELL,0,-285,61,0.0,0.11,6.87
2025-01-20,2025-01-20 20:08:00,MCL_VWAP_Rip_S,SELL,0,-420,61,0.0,0.09,2.05
2025-01-21,2025-01-21 18:01:00,MCL_EMA_Thrust_S,SELL,1,225,61,0.0,0.08,4.05
2025-01-21,2025-01-21 20:38:00,MCL_VWAP_Rip_S,SELL,1,45,61,0.0,0.06,1.9
2025-01-22,2025-01-22 18:01:00,MCL_EMA_Thrust_S,SELL,1,135,61,0.0,0.06,6.02
2025-01-22,2025-01-22 21:32:00,MCL_VWAP_Rip_S,SELL,1,30,61,0.0,0.05,2.16
2025-01-23,2025-01-23 18:02:00,MCL_VWAP_Rip_S,SELL,0,-45,61,0.0,0.07,1.76
2025-01-26,2025-01-26 18:01:00,MCL_EMA_Thrust_S,SELL,1,435,61,0.0,0.06,7.27
2025-01-26,2025-01-26 21:42:00,MCL_VWAP_Rip_S,SELL,0,-315,61,0.0,0.09,1.68
2025-01-27,2025-01-27 22:46:00,MCL_VWAP_Rip_S,SELL,0,-240,61,0.0,0.05,1.34
2025-01-28,2025-01-28 20:02:00,MCL_EMA_Thrust_S,SELL,1,210,61,0.0,0.04,3.13
2025-01-29,2025-01-29 06:35:00,MCL_VWAP_Rip_S,SELL,0,-30,61,0.0,0.12,4.32
2025-01-29,2025-01-29 18:01:00,MCL_EMA_Thrust_S,SELL,1,75,61,0.0,0.07,2.86
2025-01-30,2025-01-30 05:59:00,MCL_VWAP_Rip_S,SELL,0,-225,61,0.0,0.13,6.29
2025-01-30,2025-01-30 18:01:00,MCL_EMA_Thrust_S,SELL,0,-60,61,0.0,0.15,4.08
2025-02-02,2025-02-02 18:25:00,MCL_Struct_Brk_S,SELL,1,630,59,0.0,0.26,1.63
2025-02-03,2025-02-03 00:39:00,MCL_EMA_Thrust_S,SELL,0,-120,61,0.0,0.06,6.69
2025-02-03,2025-02-03 02:04:00,MCL_VWAP_Rip_S,SELL,0,-165,57,0.0,0.07,5.11
2025-02-03,2025-02-03 03:01:00,MCL_VWAP_Dip_L,BUY,0,-15,4,0.0,0.1,3.05
2025-02-03,2025-02-03 05:31:00,MCL_EMA_Thrust_L,BUY,0,-180,61,0.0,0.14,4.66
2025-02-03,2025-02-03 20:01:00,MCL_EMA_Thrust_S,SELL,0,-240,61,0.0,0.06,12.32
2025-02-04,2025-02-04 18:01:00,MCL_VWAP_Rip_S,SELL,1,240,61,0.0,0.1,3.65
2025-02-04,2025-02-04 20:03:00,MCL_EMA_Thrust_S,SELL,0,-60,61,0.0,0.06,2.77
2025-02-05,2025-02-05 18:01:00,MCL_EMA_Thrust_S,SELL,0,-360,61,0.0,0.05,6.69
2025-02-06,2025-02-06 18:01:00,MCL_EMA_Thrust_S,SELL,0,-135,61,0.0,0.06,10.44
2025-02-07,2025-02-07 13:23:00,MCL_VWAP_Rip_S,SELL,0,-255,61,0.0,0.12,1.63
2025-02-09,2025-02-09 18:01:00,MCL_EMA_Thrust_S,SELL,0,-360,61,0.0,0.06,10.18
2025-02-10,2025-02-10 21:02:00,MCL_EMA_Thrust_L,BUY,0,-30,61,0.0,0.04,1.44
2025-02-12,2025-02-12 02:07:00,MCL_EMA_Thrust_L,BUY,0,-555,61,0.0,0.04,2.39
2025-02-12,2025-02-12 11:54:00,MCL_EMA_Thrust_S,SELL,1,630,10,0.0,0.15,4.95
2025-02-12,2025-02-12 18:01:00,MCL_EMA_Thrust_S,SELL,0,-75,61,0.0,0.09,1.83
2025-02-13,2025-02-13 01:30:00,MCL_VWAP_Rip_S,SELL,1,375,61,0.0,0.05,1.71
2025-02-13,2025-02-13 18:01:00,MCL_EMA_Thrust_S,SELL,1,105,61,0.0,0.06,3.52
2025-02-13,2025-02-13 20:07:00,MCL_VWAP_Rip_S,SELL,0,-195,61,0.0,0.06,1.32
2025-02-16,2025-02-16 18:01:00,MCL_EMA_Thrust_S,SELL,1,135,61,0.0,0.06,6.35
2025-02-17,2025-02-17 08:22:00,MCL_VWAP_Rip_S,SELL,0,-150,61,0.0,0.08,2.4
2025-02-18,2025-02-18 16:04:00,MCL_EMA_Thrust_L,BUY,0,-15,49,0.0,0.05,9.58
2025-02-18,2025-02-18 18:01:00,MCL_VWAP_Dip_L,BUY,0,-60,61,0.0,0.05,5.63
2025-02-18,2025-02-18 20:06:00,MCL_EMA_Thrust_L,BUY,1,180,61,0.0,0.04,2.31
2025-02-19,2025-02-19 18:01:00,MCL_VWAP_Dip_L,BUY,1,45,61,0.0,0.06,5.73
2025-02-19,2025-02-19 20:08:00,MCL_EMA_Thrust_L,BUY,0,-435,61,0.0,0.04,0.5
2025-02-20,2025-02-20 20:17:00,MCL_VWAP_Dip_L,BUY,0,-345,61,0.0,0.04,3.69
2025-02-24,2025-02-24 20:01:00,MCL_EMA_Thrust_S,SELL,0,-420,61,0.0,0.05,4.79
2025-02-25,2025-02-25 03:19:00,MCL_VWAP_Rip_S,SELL,1,150,61,0.0,0.06,3.0
2025-02-25,2025-02-25 22:32:00,MCL_VWAP_Rip_S,SELL,0,-90,61,0.0,0.05,5.35
2025-02-26,2025-02-26 01:08:00,MCL_EMA_Thrust_S,SELL,0,-120,61,0.0,0.03,2.6
2025-02-26,2025-02-26 18:01:00,MCL_EMA_Thrust_S,SELL,0,-180,61,0.0,0.06,9.55
2025-02-27,2025-02-27 00:11:00,MCL_VWAP_Rip_S,SELL,0,-90,61,0.0,0.03,1.7
2025-02-27,2025-02-27 18:01:00,MCL_EMA_Thrust_S,SELL,0,-90,61,0.0,0.06,2.87
2025-02-27,2025-02-27 20:44:00,MCL_VWAP_Rip_S,SELL,0,-90,61,0.0,0.04,2.12
2025-03-02,2025-03-02 23:27:00,MCL_EMA_Thrust_S,SELL,0,-75,61,0.0,0.05,6.5
2025-03-03,2025-03-03 06:54:00,MCL_VWAP_Rip_S,SELL,0,-360,61,0.0,0.09,1.75
2025-03-03,2025-03-03 14:11:00,MCL_Struct_Brk_S,SELL,0,-240,61,0.0,0.22,2.94
2025-03-03,2025-03-03 18:01:00,MCL_EMA_Thrust_S,SELL,1,75,61,0.0,0.09,5.86
2025-03-03,2025-03-03 21:12:00,MCL_VWAP_Rip_S,SELL,0,-60,61,0.0,0.07,1.65
2025-03-04,2025-03-04 20:31:00,MCL_EMA_Thrust_S,SELL,1,150,61,0.0,0.06,3.02
2025-03-05,2025-03-05 00:05:00,MCL_VWAP_Rip_S,SELL,1,60,61,0.0,0.05,4.37
2025-03-06,2025-03-06 04:01:00,MCL_EMA_Thrust_S,SELL,0,-465,61,0.0,0.11,4.33
2025-03-06,2025-03-06 10:58:00,MCL_Struct_Brk_S,SELL,1,90,61,0.0,0.25,2.06
2025-03-06,2025-03-06 12:27:00,MCL_VWAP_Rip_S,SELL,0,-45,61,0.0,0.22,3.53
2025-03-06,2025-03-06 20:01:00,MCL_EMA_Thrust_S,SELL,0,-435,61,0.0,0.05,4.15
2025-03-07,2025-03-07 00:08:00,MCL_VWAP_Rip_S,SELL,0,-120,61,0.0,0.04,2.4
2025-03-09,2025-03-09 19:55:00,MCL_EMA_Thrust_S,SELL,0,-465,61,0.0,0.08,0.61
2025-03-10,2025-03-10 02:12:00,MCL_VWAP_Rip_S,SELL,0,-615,61,0.0,0.06,1.22
2025-03-10,2025-03-10 19:31:00,MCL_EMA_Thrust_S,SELL,1,90,61,0.0,0.05,2.49
2025-03-11,2025-03-11 14:57:00,MCL_VWAP_Rip_S,SELL,0,-75,61,0.0,0.13,1.45
2025-03-11,2025-03-11 21:01:00,MCL_VWAP_Rip_S,SELL,0,-75,61,0.0,0.05,1.97
2025-03-12,2025-03-12 10:31:00,MCL_EMA_Thrust_L,BUY,0,-45,61,0.0,0.12,9.79
2025-03-12,2025-03-12 18:01:00,MCL_VWAP_Dip_L,BUY,1,75,61,0.0,0.05,12.81
2025-03-13,2025-03-13 03:41:00,MCL_EMA_Thrust_L,BUY,1,75,61,0.0,0.06,1.57
2025-03-13,2025-03-13 08:16:00,MCL_EMA_Thrust_S,SELL,1,180,61,0.0,0.09,2.36
2025-03-13,2025-03-13 18:01:00,MCL_EMA_Thrust_S,SELL,0,-300,61,0.0,0.08,5.19
2025-03-13,2025-03-13 23:20:00,MCL_EMA_Thrust_L,BUY,0,-165,61,0.0,0.05,9.8
2025-03-14,2025-03-14 06:44:00,MCL_VWAP_Dip_L,BUY,0,-120,61,0.0,0.09,3.39
2025-03-16,2025-03-16 19:15:00,MCL_EMA_Thrust_L,BUY,1,300,61,0.0,0.08,2.54
2025-03-16,2025-03-16 22:04:00,MCL_VWAP_Dip_L,BUY,0,-480,61,0.0,0.08,2.14
2025-03-17,2025-03-17 20:48:00,MCL_EMA_Thrust_L,BUY,1,300,61,0.0,0.04,6.31
2025-03-18,2025-03-18 09:10:00,MCL_VWAP_Dip_L,BUY,0,-450,61,0.0,0.11,2.56
2025-03-18,2025-03-18 13:20:00,MCL_EMA_Thrust_S,SELL,0,-1035,3,0.0,0.14,11.34
2025-03-18,2025-03-18 21:01:00,MCL_EMA_Thrust_S,SELL,1,75,61,0.0,0.05,8.01
2025-03-18,2025-03-18 23:57:00,MCL_VWAP_Rip_S,SELL,1,60,61,0.0,0.04,1.9
2025-03-19,2025-03-19 18:01:00,MCL_EMA_Thrust_S,SELL,0,-165,61,0.0,0.06,4.89
2025-03-19,2025-03-19 20:02:00,MCL_EMA_Thrust_L,BUY,1,150,61,0.0,0.04,4.35
2025-03-20,2025-03-20 03:17:00,MCL_VWAP_Dip_L,BUY,1,330,61,0.0,0.04,5.51
2025-03-20,2025-03-20 18:01:00,MCL_VWAP_Dip_L,BUY,1,210,61,0.0,0.05,7.91
2025-03-23,2025-03-23 20:27:00,MCL_VWAP_Dip_L,BUY,0,-360,61,0.0,0.05,1.41
2025-03-24,2025-03-24 02:02:00,MCL_EMA_Thrust_L,BUY,1,165,61,0.0,0.04,5.15
2025-03-25,2025-03-25 03:40:00,MCL_EMA_Thrust_L,BUY,1,45,61,0.0,0.06,8.79
2025-03-25,2025-03-25 10:20:00,MCL_VWAP_Dip_L,BUY,0,-675,61,0.0,0.09,1.28
2025-03-25,2025-03-25 18:01:00,MCL_VWAP_Dip_L,BUY,1,210,61,0.0,0.06,4.51
2025-03-26,2025-03-26 02:58:00,MCL_EMA_Thrust_L,BUY,0,-345,61,0.0,0.04,0.91
2025-03-26,2025-03-26 22:45:00,MCL_EMA_Thrust_L,BUY,0,-210,61,0.0,0.04,1.23
2025-03-28,2025-03-28 07:47:00,MCL_VWAP_Dip_L,BUY,1,255,61,0.0,0.07,1.81
2025-03-31,2025-03-31 08:22:00,MCL_VWAP_Dip_L,BUY,1,405,61,0.0,0.09,6.76
2025-03-31,2025-03-31 20:01:00,MCL_EMA_Thrust_L,BUY,0,-105,61,0.0,0.04,6.64
2025-04-01,2025-04-01 03:21:00,MCL_VWAP_Dip_L,BUY,0,-585,61,0.0,0.06,3.94
2025-04-01,2025-04-01 18:58:00,MCL_VWAP_Dip_L,BUY,0,-120,61,0.0,0.06,1.2
2025-04-01,2025-04-01 20:16:00,MCL_EMA_Thrust_L,BUY,0,-75,61,0.0,0.05,1.25
2025-04-02,2025-04-02 18:02:00,MCL_VWAP_Dip_L,BUY,0,-1035,30,0.0,0.29,1.17
2025-04-02,2025-04-02 19:28:00,MCL_Struct_Brk_S,SELL,0,-150,61,0.0,0.22,1.75
2025-04-02,2025-04-02 21:01:00,MCL_VWAP_Rip_S,SELL,0,-180,61,0.0,0.17,4.5
2025-04-03,2025-04-03 01:54:00,MCL_EMA_Thrust_L,BUY,0,-450,61,0.0,0.06,2.81
2025-04-03,2025-04-03 06:53:00,MCL_EMA_Thrust_S,SELL,1,630,32,0.0,0.13,0.64
2025-04-03,2025-04-03 18:01:00,MCL_EMA_Thrust_S,SELL,0,0,61,0.0,0.08,4.83
2025-04-03,2025-04-03 21:22:00,MCL_VWAP_Rip_S,SELL,1,90,61,0.0,0.07,1.14
2025-04-04,2025-04-04 06:10:00,MCL_Struct_Brk_S,SELL,1,630,8,0.0,0.25,3.88
2025-04-06,2025-04-06 20:05:00,MCL_EMA_Thrust_S,SELL,0,-585,61,0.0,0.24,3.23
2025-04-08,2025-04-08 02:41:00,MCL_VWAP_Rip_S,SELL,1,630,47,0.0,0.11,1.3
2025-04-08,2025-04-08 11:14:00,MCL_Struct_Brk_S,SELL,0,-1035,41,0.0,0.23,2.22
2025-04-08,2025-04-08 20:47:00,MCL_EMA_Thrust_S,SELL,1,630,9,0.0,0.19,2.47
2025-04-08,2025-04-08 21:54:00,MCL_VWAP_Rip_S,SELL,0,-345,61,0.0,0.22,1.17
2025-04-09,2025-04-09 08:39:00,MCL_Struct_Brk_S,SELL,0,-1035,21,0.0,0.37,1.85
2025-04-09,2025-04-09 20:02:00,MCL_VWAP_Rip_S,SELL,1,630,12,0.0,0.12,3.42
2025-04-10,2025-04-10 04:34:00,MCL_Struct_Brk_S,SELL,0,-390,61,0.0,0.23,4.24
2025-04-10,2025-04-10 18:01:00,MCL_EMA_Thrust_S,SELL,1,300,61,0.0,0.14,3.49
2025-04-10,2025-04-10 21:49:00,MCL_VWAP_Rip_S,SELL,1,105,61,0.0,0.15,1.43
2025-04-11,2025-04-11 04:37:00,MCL_Struct_Brk_S,SELL,0,-150,61,0.0,0.25,3.25
2025-04-13,2025-04-13 18:03:00,MCL_VWAP_Rip_S,SELL,1,630,15,0.0,0.08,3.45
2025-04-13,2025-04-13 18:56:00,MCL_EMA_Thrust_S,SELL,1,15,61,0.0,0.13,1.84
2025-04-15,2025-04-15 04:01:00,MCL_EMA_Thrust_S,SELL,1,630,35,0.0,0.09,5.78
2025-04-15,2025-04-15 09:21:00,MCL_VWAP_Rip_S,SELL,0,-90,61,0.0,0.13,3.03
2025-04-15,2025-04-15 21:01:00,MCL_EMA_Thrust_L,BUY,0,-255,61,0.0,0.06,1.92
2025-04-15,2025-04-15 23:21:00,MCL_EMA_Thrust_S,SELL,0,-135,61,0.0,0.06,2.86
2025-04-16,2025-04-16 03:39:00,MCL_VWAP_Rip_S,SELL,0,-1035,48,0.0,0.1,7.36
2025-04-16,2025-04-16 18:01:00,MCL_VWAP_Dip_L,BUY,1,300,61,0.0,0.09,1.39
2025-04-17,2025-04-17 00:30:00,MCL_EMA_Thrust_L,BUY,1,255,61,0.0,0.06,12.9
2025-04-21,2025-04-21 02:22:00,MCL_EMA_Thrust_L,BUY,0,-420,61,0.0,0.06,1.65
2025-04-21,2025-04-21 20:33:00,MCL_VWAP_Dip_L,BUY,1,345,61,0.0,0.06,1.83
2025-04-22,2025-04-22 20:03:00,MCL_EMA_Thrust_L,BUY,0,-225,61,0.0,0.08,1.33
2025-04-23,2025-04-23 05:53:00,MCL_VWAP_Dip_L,BUY,0,-30,61,0.0,0.11,1.37
2025-04-23,2025-04-23 13:01:00,MCL_Struct_Brk_S,SELL,0,-300,61,0.0,0.25,1.76
2025-04-23,2025-04-23 20:01:00,MCL_EMA_Thrust_L,BUY,0,0,61,0.0,0.05,10.64
2025-04-24,2025-04-24 18:46:00,MCL_EMA_Thrust_L,BUY,0,-75,61,0.0,0.05,9.98
2025-04-28,2025-04-28 01:31:00,MCL_EMA_Thrust_L,BUY,0,-270,61,0.0,0.05,9.87
2025-04-28,2025-04-28 16:01:00,MCL_EMA_Thrust_S,SELL,0,-75,55,0.0,0.06,4.83
2025-04-28,2025-04-28 20:01:00,MCL_EMA_Thrust_S,SELL,0,-15,61,0.0,0.04,14.36
2025-04-29,2025-04-29 18:01:00,MCL_EMA_Thrust_S,SELL,0,-150,61,0.0,0.07,4.42
2025-04-30,2025-04-30 05:05:00,MCL_VWAP_Rip_S,SELL,0,-405,61,0.0,0.14,6.42
2025-04-30,2025-04-30 20:01:00,MCL_EMA_Thrust_S,SELL,1,90,61,0.0,0.06,9.4
2025-04-30,2025-04-30 23:06:00,MCL_VWAP_Rip_S,SELL,1,165,61,0.0,0.06,4.81
2025-05-02,2025-05-02 03:04:00,MCL_EMA_Thrust_S,SELL,1,30,61,0.0,0.08,1.67
2025-05-02,2025-05-02 09:01:00,MCL_VWAP_Rip_S,SELL,1,630,46,0.0,0.16,3.14
2025-05-02,2025-05-02 11:26:00,MCL_Struct_Brk_S,SELL,0,-1035,35,0.0,0.23,3.03
2025-05-05,2025-05-05 11:31:00,MCL_VWAP_Rip_S,SELL,0,-705,61,0.0,0.17,1.6
2025-05-05,2025-05-05 20:01:00,MCL_EMA_Thrust_S,SELL,0,-1035,58,0.0,0.04,5.69
2025-05-07,2025-05-07 03:12:00,MCL_EMA_Thrust_L,BUY,1,240,61,0.0,0.08,1.31
2025-05-07,2025-05-07 10:31:00,MCL_EMA_Thrust_S,SELL,1,405,61,0.0,0.13,3.38
2025-05-07,2025-05-07 18:01:00,MCL_EMA_Thrust_S,SELL,0,-135,61,0.0,0.08,4.4
2025-05-09,2025-05-09 00:30:00,MCL_EMA_Thrust_L,BUY,1,60,61,0.0,0.06,6.71
2025-05-09,2025-05-09 09:11:00,MCL_VWAP_Dip_L,BUY,0,-300,61,0.0,0.14,1.77
2025-05-11,2025-05-11 18:21:00,MCL_EMA_Thrust_L,BUY,0,-30,61,0.0,0.08,1.92
2025-05-13,2025-05-13 01:31:00,MCL_EMA_Thrust_L,BUY,0,-45,61,0.0,0.05,3.51
2025-05-13,2025-05-13 04:25:00,MCL_VWAP_Dip_L,BUY,1,630,25,0.0,0.1,8.11
2025-05-13,2025-05-13 18:08:00,MCL_VWAP_Dip_L,BUY,1,45,61,0.0,0.07,18.45
2025-05-14,2025-05-14 03:01:00,MCL_EMA_Thrust_L,BUY,1,45,61,0.0,0.07,2.15
2025-05-14,2025-05-14 21:01:00,MCL_EMA_Thrust_L,BUY,0,-660,61,0.0,0.11,3.48
2025-05-15,2025-05-15 14:24:00,MCL_VWAP_Dip_L,BUY,1,345,61,0.0,0.11,4.8
2025-05-15,2025-05-15 18:01:00,MCL_VWAP_Dip_L,BUY,0,-15,61,0.0,0.06,3.24
2025-05-16,2025-05-16 12:06:00,MCL_EMA_Thrust_L,BUY,0,-210,61,0.0,0.13,10.66
2025-05-18,2025-05-18 21:21:00,MCL_VWAP_Dip_L,BUY,0,-15,61,0.0,0.09,3.64
2025-05-19,2025-05-19 09:03:00,MCL_EMA_Thrust_L,BUY,0,-210,61,0.0,0.09,2.18
2025-05-19,2025-05-19 18:01:00,MCL_VWAP_Dip_L,BUY,1,90,61,0.0,0.07,5.99
2025-05-19,2025-05-19 20:02:00,MCL_EMA_Thrust_L,BUY,0,-255,61,0.0,0.04,4.22
2025-05-20,2025-05-20 18:05:00,MCL_EMA_Thrust_L,BUY,1,630,0,0.0,0.08,8.1
2025-05-21,2025-05-21 13:17:00,MCL_EMA_Thrust_S,SELL,1,630,12,0.0,0.16,4.7
2025-05-22,2025-05-22 04:22:00,MCL_VWAP_Rip_S,SELL,1,630,58,0.0,0.12,1.74
2025-05-22,2025-05-22 06:34:00,MCL_EMA_Thrust_S,SELL,0,-150,61,0.0,0.12,4.38
2025-05-22,2025-05-22 18:01:00,MCL_EMA_Thrust_S,SELL,0,-75,61,0.0,0.06,3.22
2025-05-23,2025-05-23 03:08:00,MCL_VWAP_Rip_S,SELL,1,75,61,0.0,0.07,1.58
2025-05-25,2025-05-25 18:01:00,MCL_EMA_Thrust_S,SELL,0,-450,61,0.0,0.06,6.98
2025-05-25,2025-05-25 19:41:00,MCL_EMA_Thrust_L,BUY,0,-465,61,0.0,0.08,9.74
2025-05-26,2025-05-26 03:49:00,MCL_VWAP_Rip_S,SELL,0,-255,61,0.0,0.07,1.53
2025-05-26,2025-05-26 20:07:00,MCL_EMA_Thrust_S,SELL,0,-165,61,0.0,0.03,3.68
2025-05-27,2025-05-27 02:23:00,MCL_VWAP_Rip_S,SELL,1,285,61,0.0,0.08,2.35
2025-05-27,2025-05-27 18:13:00,MCL_EMA_Thrust_S,SELL,0,-180,61,0.0,0.06,1.14
2025-05-27,2025-05-27 22:38:00,MCL_VWAP_Rip_S,SELL,1,120,61,0.0,0.06,1.6
2025-05-28,2025-05-28 09:19:00,MCL_EMA_Thrust_L,BUY,1,30,61,0.0,0.09,0.58
2025-05-28,2025-05-28 14:36:00,MCL_VWAP_Dip_L,BUY,0,-360,61,0.0,0.1,6.4
2025-05-28,2025-05-28 20:02:00,MCL_EMA_Thrust_L,BUY,1,390,61,0.0,0.09,2.22
2025-05-29,2025-05-29 09:01:00,MCL_EMA_Thrust_S,SELL,1,630,29,0.0,0.13,2.91
2025-05-29,2025-05-29 18:01:00,MCL_EMA_Thrust_S,SELL,0,-45,61,0.0,0.04,12.5
2025-05-29,2025-05-29 21:54:00,MCL_VWAP_Rip_S,SELL,1,195,61,0.0,0.07,1.11
2025-06-01,2025-06-01 22:16:00,MCL_EMA_Thrust_L,BUY,0,-45,61,0.0,0.09,1.39
2025-06-02,2025-06-02 09:49:00,MCL_VWAP_Dip_L,BUY,1,60,61,0.0,0.18,1.15
2025-06-02,2025-06-02 18:04:00,MCL_VWAP_Dip_L,BUY,1,180,61,0.0,0.07,6.92
2025-06-03,2025-06-03 18:01:00,MCL_VWAP_Dip_L,BUY,0,-15,61,0.0,0.06,8.07
2025-06-04,2025-06-04 08:02:00,MCL_EMA_Thrust_L,BUY,0,-405,61,0.0,0.07,3.86
2025-06-04,2025-06-04 18:02:00,MCL_VWAP_Dip_L,BUY,0,-120,61,0.0,0.06,1.19
2025-06-04,2025-06-04 20:09:00,MCL_EMA_Thrust_L,BUY,0,-30,61,0.0,0.04,2.05
2025-06-05,2025-06-05 20:01:00,MCL_EMA_Thrust_L,BUY,0,-15,61,0.0,0.04,7.59
2025-06-05,2025-06-05 21:23:00,MCL_VWAP_Dip_L,BUY,0,-150,61,0.0,0.05,1.95
2025-06-08,2025-06-08 18:01:00,MCL_EMA_Thrust_L,BUY,0,-360,61,0.0,0.06,6.12
2025-06-09,2025-06-09 09:09:00,MCL_VWAP_Dip_L,BUY,0,-165,61,0.0,0.09,1.51
2025-06-09,2025-06-09 20:01:00,MCL_EMA_Thrust_L,BUY,1,135,61,0.0,0.04,10.25
2025-06-10,2025-06-10 18:01:00,MCL_EMA_Thrust_L,BUY,0,-180,61,0.0,0.08,2.72
2025-06-11,2025-06-11 02:39:00,MCL_VWAP_Dip_L,BUY,1,345,61,0.0,0.05,3.71
2025-06-12,2025-06-12 12:32:00,MCL_EMA_Thrust_L,BUY,1,165,61,0.0,0.22,3.7
2025-06-12,2025-06-12 20:15:00,MCL_EMA_Thrust_L,BUY,1,630,2,0.0,0.46,3.45
2025-06-13,2025-06-13 00:25:00,MCL_Struct_Brk_L,BUY,0,-1020,21,0.0,0.61,2.03
2025-06-13,2025-06-13 06:52:00,MCL_VWAP_Dip_L,BUY,0,-1035,43,0.0,0.37,1.12
2025-06-16,2025-06-16 18:02:00,MCL_VWAP_Dip_L,BUY,1,630,31,0.0,0.12,2.17
2025-06-16,2025-06-16 19:51:00,MCL_Struct_Brk_L,BUY,1,630,6,0.0,0.34,1.91
2025-06-18,2025-06-18 06:33:00,MCL_EMA_Thrust_L,BUY,1,630,58,0.0,0.22,1.74
2025-06-18,2025-06-18 07:57:00,MCL_VWAP_Dip_L,BUY,1,630,38,0.0,0.22,2.68
2025-06-18,2025-06-18 14:04:00,MCL_Struct_Brk_L,BUY,1,630,37,0.0,0.22,2.38
2025-06-18,2025-06-18 18:01:00,MCL_VWAP_Dip_L,BUY,1,630,42,0.0,0.21,3.37
2025-06-18,2025-06-18 20:02:00,MCL_EMA_Thrust_L,BUY,0,-1035,58,0.0,0.11,3.5
2025-06-20,2025-06-20 16:58:00,MCL_VWAP_Dip_L,BUY,1,15,1,0.0,0.1,1.22
2025-06-23,2025-06-23 14:20:00,MCL_Struct_Brk_S,SELL,0,-11,61,0.0,0.59,1.99
2025-06-23,2025-06-23 16:51:00,MCL_EMA_Thrust_S,SELL,0,-525,5,0.0,0.32,4.39
2025-06-23,2025-06-23 18:03:00,MCL_EMA_Thrust_S,SELL,1,630,0,0.0,0.35,1.54
2025-06-23,2025-06-23 19:10:00,MCL_Struct_Brk_S,SELL,1,630,5,0.0,0.43,1.73
2025-06-23,2025-06-23 20:02:00,MCL_VWAP_Rip_S,SELL,0,-1035,7,0.0,0.38,1.75
2025-06-24,2025-06-24 18:02:00,MCL_VWAP_Rip_S,SELL,1,75,61,0.0,0.12,3.79
2025-06-26,2025-06-26 04:04:00,MCL_EMA_Thrust_S,SELL,1,450,61,0.0,0.09,0.82
2025-06-26,2025-06-26 15:17:00,MCL_VWAP_Rip_S,SELL,1,45,61,0.0,0.14,1.31
2025-06-26,2025-06-26 20:19:00,MCL_EMA_Thrust_S,SELL,0,-270,61,0.0,0.05,11.91
2025-06-27,2025-06-27 07:33:00,MCL_VWAP_Rip_S,SELL,0,-30,61,0.0,0.1,3.77
2025-06-29,2025-06-29 18:01:00,MCL_EMA_Thrust_S,SELL,1,180,61,0.0,0.07,14.63
2025-06-29,2025-06-29 21:33:00,MCL_VWAP_Rip_S,SELL,0,-720,61,0.0,0.08,1.5
2025-06-30,2025-06-30 21:02:00,MCL_EMA_Thrust_S,SELL,1,150,61,0.0,0.05,0.88
2025-07-01,2025-07-01 18:01:00,MCL_EMA_Thrust_S,SELL,1,135,61,0.0,0.07,2.84
2025-07-01,2025-07-01 21:44:00,MCL_VWAP_Rip_S,SELL,0,-120,61,0.0,0.05,2.01
2025-07-02,2025-07-02 16:41:00,MCL_EMA_Thrust_L,BUY,1,15,15,0.0,0.08,1.55
2025-07-03,2025-07-03 09:09:00,MCL_EMA_Thrust_L,BUY,0,-270,61,0.0,0.12,2.45
2025-07-03,2025-07-03 18:06:00,MCL_VWAP_Dip_L,BUY,1,120,61,0.0,0.07,1.26
2025-07-03,2025-07-03 19:48:00,MCL_EMA_Thrust_L,BUY,0,-195,61,0.0,0.04,7.52
2025-07-06,2025-07-06 21:01:00,MCL_EMA_Thrust_S,SELL,0,-285,61,0.0,0.1,8.16
2025-07-07,2025-07-07 03:06:00,MCL_EMA_Thrust_L,BUY,1,285,61,0.0,0.07,1.64
2025-07-07,2025-07-07 04:16:00,MCL_VWAP_Dip_L,BUY,1,630,28,0.0,0.1,3.63
2025-07-07,2025-07-07 18:01:00,MCL_VWAP_Dip_L,BUY,0,-285,61,0.0,0.07,6.54
2025-07-08,2025-07-08 18:05:00,MCL_VWAP_Dip_L,BUY,1,195,61,0.0,0.11,1.42
2025-07-08,2025-07-08 21:12:00,MCL_EMA_Thrust_L,BUY,0,-60,61,0.0,0.06,1.57
2025-07-09,2025-07-09 21:01:00,MCL_EMA_Thrust_L,BUY,1,60,61,0.0,0.04,5.5
2025-07-10,2025-07-10 02:56:00,MCL_VWAP_Dip_L,BUY,0,-45,61,0.0,0.06,6.76
2025-07-10,2025-07-10 18:01:00,MCL_EMA_Thrust_L,BUY,0,-120,61,0.0,0.06,7.71
2025-07-10,2025-07-10 20:38:00,MCL_EMA_Thrust_S,SELL,0,-465,61,0.0,0.06,1.23
2025-07-11,2025-07-11 03:07:00,MCL_VWAP_Dip_L,BUY,0,-315,61,0.0,0.07,1.13
2025-07-11,2025-07-11 05:44:00,MCL_VWAP_Rip_S,SELL,0,-270,61,0.0,0.11,5.07
2025-07-13,2025-07-13 18:01:00,MCL_EMA_Thrust_L,BUY,0,-480,61,0.0,0.07,11.44
2025-07-14,2025-07-14 14:29:00,MCL_EMA_Thrust_S,SELL,0,-210,61,0.0,0.11,3.79
2025-07-14,2025-07-14 21:02:00,MCL_VWAP_Rip_S,SELL,0,0,61,0.0,0.05,2.8
2025-07-15,2025-07-15 00:42:00,MCL_EMA_Thrust_S,SELL,0,-330,61,0.0,0.04,3.63
2025-07-15,2025-07-15 20:20:00,MCL_EMA_Thrust_S,SELL,0,-225,61,0.0,0.05,3.56
2025-07-16,2025-07-16 11:58:00,MCL_VWAP_Rip_S,SELL,0,-570,61,0.0,0.19,1.29
2025-07-17,2025-07-17 03:25:00,MCL_EMA_Thrust_S,SELL,0,-30,61,0.0,0.07,1.77
2025-07-17,2025-07-17 04:37:00,MCL_VWAP_Rip_S,SELL,1,105,61,0.0,0.09,4.41
2025-07-17,2025-07-17 14:29:00,MCL_EMA_Thrust_L,BUY,0,-30,61,0.0,0.11,5.11
2025-07-17,2025-07-17 20:02:00,MCL_EMA_Thrust_S,SELL,0,-210,61,0.0,0.05,5.03
2025-07-18,2025-07-18 00:09:00,MCL_VWAP_Rip_S,SELL,0,-375,61,0.0,0.04,2.18
2025-07-20,2025-07-20 18:03:00,MCL_VWAP_Rip_S,SELL,0,-195,61,0.0,0.05,2.47
2025-07-20,2025-07-20 20:01:00,MCL_EMA_Thrust_S,SELL,0,-255,61,0.0,0.05,6.09
2025-07-21,2025-07-21 18:02:00,MCL_VWAP_Rip_S,SELL,0,-120,61,0.0,0.04,2.78
2025-07-22,2025-07-22 04:06:00,MCL_EMA_Thrust_S,SELL,0,-300,61,0.0,0.1,4.76
2025-07-22,2025-07-22 18:01:00,MCL_EMA_Thrust_S,SELL,0,-150,61,0.0,0.07,3.56
2025-07-22,2025-07-22 22:37:00,MCL_VWAP_Rip_S,SELL,1,105,61,0.0,0.06,1.15
2025-07-23,2025-07-23 22:34:00,MCL_VWAP_Rip_S,SELL,0,-135,61,0.0,0.05,1.64
2025-07-24,2025-07-24 12:32:00,MCL_EMA_Thrust_S,SELL,1,630,25,0.0,0.14,17.68
2025-07-24,2025-07-24 21:01:00,MCL_EMA_Thrust_L,BUY,1,225,61,0.0,0.03,10.1
2025-07-25,2025-07-25 00:32:00,MCL_EMA_Thrust_S,SELL,0,-300,61,0.0,0.05,1.29
2025-07-25,2025-07-25 04:52:00,MCL_VWAP_Dip_L,BUY,0,-180,61,0.0,0.09,3.58
2025-07-27,2025-07-27 18:03:00,MCL_VWAP_Rip_S,SELL,0,-90,61,0.0,0.05,2.9
2025-07-28,2025-07-28 08:13:00,MCL_EMA_Thrust_L,BUY,1,630,51,0.0,0.09,1.72
2025-07-29,2025-07-29 08:04:00,MCL_EMA_Thrust_L,BUY,1,480,61,0.0,0.08,3.06
2025-07-29,2025-07-29 20:10:00,MCL_EMA_Thrust_L,BUY,0,-150,61,0.0,0.06,3.71
2025-07-30,2025-07-30 01:31:00,MCL_VWAP_Dip_L,BUY,0,-90,61,0.0,0.04,1.61
2025-07-30,2025-07-30 20:01:00,MCL_EMA_Thrust_L,BUY,0,-375,61,0.0,0.05,6.21
2025-07-31,2025-07-31 18:01:00,MCL_VWAP_Dip_L,BUY,1,90,61,0.0,0.09,8.23
2025-08-03,2025-08-03 22:41:00,MCL_EMA_Thrust_L,BUY,0,-105,61,0.0,0.07,1.34
2025-08-04,2025-08-04 07:43:00,MCL_EMA_Thrust_S,SELL,1,360,61,0.0,0.12,3.08
2025-08-04,2025-08-04 10:49:00,MCL_VWAP_Rip_S,SELL,0,-585,61,0.0,0.18,5.03
2025-08-04,2025-08-04 18:03:00,MCL_VWAP_Rip_S,SELL,0,-75,61,0.0,0.07,4.48
2025-08-05,2025-08-05 03:01:00,MCL_EMA_Thrust_S,SELL,1,285,61,0.0,0.07,2.09
2025-08-06,2025-08-06 10:37:00,MCL_VWAP_Rip_S,SELL,1,165,61,0.0,0.22,1.28
2025-08-06,2025-08-06 13:04:00,MCL_EMA_Thrust_S,SELL,1,630,58,0.0,0.26,4.79
2025-08-06,2025-08-06 19:11:00,MCL_VWAP_Rip_S,SELL,0,-225,61,0.0,0.07,1.76
2025-08-07,2025-08-07 04:16:00,MCL_EMA_Thrust_S,SELL,0,-570,61,0.0,0.13,3.54
2025-08-07,2025-08-07 18:01:00,MCL_VWAP_Rip_S,SELL,0,-135,61,0.0,0.05,5.62
2025-08-07,2025-08-07 20:01:00,MCL_EMA_Thrust_S,SELL,0,-90,61,0.0,0.04,9.72
2025-08-10,2025-08-10 18:01:00,MCL_EMA_Thrust_S,SELL,0,-465,61,0.0,0.08,10.71
2025-08-10,2025-08-10 21:05:00,MCL_VWAP_Rip_S,SELL,0,-225,61,0.0,0.1,1.13
2025-08-11,2025-08-11 20:01:00,MCL_EMA_Thrust_S,SELL,1,120,61,0.0,0.03,18.07
2025-08-11,2025-08-11 22:58:00,MCL_VWAP_Rip_S,SELL,0,-120,61,0.0,0.05,2.14
2025-08-12,2025-08-12 23:19:00,MCL_VWAP_Rip_S,SELL,0,-210,61,0.0,0.05,1.36
2025-08-13,2025-08-13 04:01:00,MCL_EMA_Thrust_S,SELL,0,-120,61,0.0,0.08,3.27
2025-08-13,2025-08-13 18:01:00,MCL_VWAP_Rip_S,SELL,0,-90,61,0.0,0.06,10.68
2025-08-14,2025-08-14 21:57:00,MCL_VWAP_Rip_S,SELL,1,15,61,0.0,0.06,1.27
2025-08-18,2025-08-18 09:17:00,MCL_EMA_Thrust_S,SELL,1,630,17,0.0,0.1,1.51
2025-08-18,2025-08-18 18:01:00,MCL_EMA_Thrust_S,SELL,0,-105,61,0.0,0.06,6.5
2025-08-19,2025-08-19 02:06:00,MCL_VWAP_Rip_S,SELL,1,300,61,0.0,0.06,5.28
2025-08-19,2025-08-19 18:01:00,MCL_EMA_Thrust_S,SELL,0,-285,61,0.0,0.06,4.08
2025-08-20,2025-08-20 11:14:00,MCL_VWAP_Rip_S,SELL,0,-630,61,0.0,0.14,2.12
2025-08-20,2025-08-20 20:01:00,MCL_EMA_Thrust_S,SELL,0,0,61,0.0,0.02,4.92
2025-08-20,2025-08-20 21:26:00,MCL_VWAP_Rip_S,SELL,0,-225,61,0.0,0.03,1.12
2025-08-21,2025-08-21 05:16:00,MCL_EMA_Thrust_L,BUY,1,60,61,0.0,0.08,3.34
2025-08-22,2025-08-22 01:33:00,MCL_EMA_Thrust_L,BUY,1,180,61,0.0,0.04,0.89
2025-08-22,2025-08-22 04:22:00,MCL_VWAP_Dip_L,BUY,0,-75,61,0.0,0.08,3.45
2025-08-24,2025-08-24 20:02:00,MCL_EMA_Thrust_L,BUY,0,-105,61,0.0,0.03,6.71
2025-08-26,2025-08-26 18:03:00,MCL_EMA_Thrust_L,BUY,1,90,61,0.0,0.04,1.18
2025-08-27,2025-08-27 02:33:00,MCL_EMA_Thrust_S,SELL,1,45,61,0.0,0.05,3.27
2025-08-27,2025-08-27 06:01:00,MCL_VWAP_Rip_S,SELL,0,-30,61,0.0,0.09,1.27
2025-08-27,2025-08-27 20:09:00,MCL_EMA_Thrust_L,BUY,0,-60,61,0.0,0.03,1.28
2025-08-28,2025-08-28 04:28:00,MCL_VWAP_Dip_L,BUY,0,-75,61,0.0,0.09,2.99
2025-08-29,2025-08-29 02:44:00,MCL_VWAP_Dip_L,BUY,0,-60,61,0.0,0.05,2.94
2025-08-29,2025-08-29 04:12:00,MCL_EMA_Thrust_L,BUY,0,-210,61,0.0,0.08,2.61
2025-09-01,2025-09-01 02:40:00,MCL_EMA_Thrust_L,BUY,1,300,61,0.0,0.06,0.55
2025-09-01,2025-09-01 20:02:00,MCL_EMA_Thrust_L,BUY,1,300,61,0.0,0.03,1.69
2025-09-02,2025-09-02 08:46:00,MCL_VWAP_Dip_L,BUY,0,-120,61,0.0,0.12,3.55
2025-09-02,2025-09-02 21:25:00,MCL_EMA_Thrust_L,BUY,0,-195,61,0.0,0.04,1.55
2025-09-03,2025-09-03 16:31:00,MCL_EMA_Thrust_S,SELL,1,135,25,0.0,0.05,2.24
2025-09-03,2025-09-03 18:03:00,MCL_EMA_Thrust_S,SELL,0,-60,61,0.0,0.06,4.72
2025-09-04,2025-09-04 07:32:00,MCL_VWAP_Rip_S,SELL,0,-30,61,0.0,0.1,1.56
2025-09-04,2025-09-04 18:02:00,MCL_EMA_Thrust_S,SELL,0,-75,61,0.0,0.06,3.23
2025-09-05,2025-09-05 03:36:00,MCL_VWAP_Rip_S,SELL,0,-105,61,0.0,0.08,2.74
2025-09-07,2025-09-07 18:02:00,MCL_VWAP_Rip_S,SELL,1,270,61,0.0,0.06,4.54
2025-09-08,2025-09-08 18:01:00,MCL_EMA_Thrust_S,SELL,0,-150,61,0.0,0.04,4.0
2025-09-09,2025-09-09 06:59:00,MCL_VWAP_Rip_S,SELL,0,-180,61,0.0,0.08,1.73
2025-09-10,2025-09-10 03:28:00,MCL_EMA_Thrust_S,SELL,0,-270,61,0.0,0.08,6.72
2025-09-10,2025-09-10 06:18:00,MCL_VWAP_Rip_S,SELL,0,-225,61,0.0,0.08,2.61
2025-09-10,2025-09-10 11:10:00,MCL_EMA_Thrust_L,BUY,1,390,61,0.0,0.16,11.98
2025-09-10,2025-09-10 18:01:00,MCL_EMA_Thrust_L,BUY,1,45,61,0.0,0.05,3.57
2025-09-11,2025-09-11 08:01:00,MCL_EMA_Thrust_S,SELL,1,345,61,0.0,0.07,1.1
2025-09-11,2025-09-11 20:01:00,MCL_EMA_Thrust_S,SELL,1,120,61,0.0,0.03,23.8
2025-09-12,2025-09-12 03:11:00,MCL_VWAP_Rip_S,SELL,0,-360,61,0.0,0.07,3.62
2025-09-12,2025-09-12 08:34:00,MCL_EMA_Thrust_L,BUY,0,-330,61,0.0,0.13,1.31
2025-09-14,2025-09-14 18:03:00,MCL_EMA_Thrust_S,SELL,0,-180,61,0.0,0.06,2.78
2025-09-15,2025-09-15 11:54:00,MCL_VWAP_Dip_L,BUY,1,30,61,0.0,0.1,1.73
2025-09-15,2025-09-15 13:01:00,MCL_EMA_Thrust_L,BUY,0,-45,61,0.0,0.08,2.87
2025-09-15,2025-09-15 20:01:00,MCL_EMA_Thrust_L,BUY,1,180,61,0.0,0.03,5.38
2025-09-16,2025-09-16 20:04:00,MCL_VWAP_Dip_L,BUY,0,-165,61,0.0,0.04,1.9
2025-09-17,2025-09-17 02:50:00,MCL_EMA_Thrust_L,BUY,0,-420,61,0.0,0.05,1.63
2025-09-17,2025-09-17 18:02:00,MCL_VWAP_Dip_L,BUY,1,225,61,0.0,0.06,1.14
2025-09-18,2025-09-18 08:43:00,MCL_EMA_Thrust_L,BUY,0,-330,61,0.0,0.09,1.49
2025-09-18,2025-09-18 18:01:00,MCL_VWAP_Dip_L,BUY,0,-165,61,0.0,0.05,3.53
2025-09-18,2025-09-18 20:18:00,MCL_EMA_Thrust_S,SELL,0,-60,26,0.0,0.04,1.4
2025-09-18,2025-09-18 20:48:00,MCL_EMA_Thrust_L,BUY,1,75,35,0.0,0.04,1.33
2025-09-19,2025-09-19 06:47:00,MCL_VWAP_Rip_S,SELL,0,-330,61,0.0,0.09,2.48
2025-09-22,2025-09-22 08:15:00,MCL_EMA_Thrust_S,SELL,1,375,61,0.0,0.08,1.33
2025-09-22,2025-09-22 11:02:00,MCL_VWAP_Rip_S,SELL,0,-105,61,0.0,0.1,1.78
2025-09-22,2025-09-22 18:01:00,MCL_EMA_Thrust_S,SELL,1,120,61,0.0,0.04,1.85
2025-09-23,2025-09-23 02:30:00,MCL_VWAP_Rip_S,SELL,0,-45,61,0.0,0.05,1.42
2025-09-23,2025-09-23 10:31:00,MCL_EMA_Thrust_L,BUY,1,555,61,0.0,0.11,5.73
2025-09-24,2025-09-24 04:07:00,MCL_VWAP_Dip_L,BUY,0,-210,61,0.0,0.08,2.22
2025-09-24,2025-09-24 09:03:00,MCL_EMA_Thrust_L,BUY,1,135,61,0.0,0.08,0.86
2025-09-24,2025-09-24 18:01:00,MCL_VWAP_Dip_L,BUY,0,-45,61,0.0,0.04,14.82
2025-09-25,2025-09-25 02:54:00,MCL_EMA_Thrust_L,BUY,0,-330,61,0.0,0.05,1.26
2025-09-25,2025-09-25 19:02:00,MCL_VWAP_Dip_L,BUY,0,-90,61,0.0,0.05,1.23
2025-09-28,2025-09-28 18:01:00,MCL_VWAP_Dip_L,BUY,1,75,61,0.0,0.08,7.24
2025-09-28,2025-09-28 20:58:00,MCL_EMA_Thrust_L,BUY,0,-30,61,0.0,0.06,4.53
2025-09-29,2025-09-29 18:01:00,MCL_EMA_Thrust_S,SELL,0,-60,61,0.0,0.05,4.46
2025-09-30,2025-09-30 05:01:00,MCL_VWAP_Rip_S,SELL,1,360,61,0.0,0.12,1.82
2025-10-01,2025-10-01 06:17:00,MCL_VWAP_Rip_S,SELL,1,285,61,0.0,0.14,1.53
2025-10-01,2025-10-01 08:02:00,MCL_EMA_Thrust_S,SELL,1,420,61,0.0,0.11,3.39
2025-10-01,2025-10-01 18:01:00,MCL_EMA_Thrust_S,SELL,1,45,61,0.0,0.06,2.65
2025-10-02,2025-10-02 20:01:00,MCL_EMA_Thrust_S,SELL,0,-180,61,0.0,0.04,2.04
2025-10-03,2025-10-03 07:13:00,MCL_VWAP_Rip_S,SELL,1,315,61,0.0,0.1,1.34
2025-10-05,2025-10-05 18:08:00,MCL_VWAP_Rip_S,SELL,0,-45,61,0.0,0.15,2.47
2025-10-06,2025-10-06 10:31:00,MCL_EMA_Thrust_S,SELL,0,-540,61,0.0,0.14,2.01
2025-10-07,2025-10-07 01:01:00,MCL_EMA_Thrust_S,SELL,0,-315,61,0.0,0.03,3.22
2025-10-07,2025-10-07 10:46:00,MCL_VWAP_Rip_S,SELL,0,-210,61,0.0,0.17,1.69
2025-10-07,2025-10-07 18:01:00,MCL_VWAP_Rip_S,SELL,1,15,61,0.0,0.06,14.22
2025-10-07,2025-10-07 20:01:00,MCL_EMA_Thrust_S,SELL,0,-135,61,0.0,0.04,11.94
2025-10-08,2025-10-08 08:01:00,MCL_EMA_Thrust_L,BUY,0,-60,61,0.0,0.08,6.36
2025-10-08,2025-10-08 18:01:00,MCL_EMA_Thrust_S,SELL,1,180,61,0.0,0.05,3.83
2025-10-09,2025-10-09 04:31:00,MCL_EMA_Thrust_L,BUY,0,-255,61,0.0,0.09,4.03
2025-10-09,2025-10-09 06:01:00,MCL_VWAP_Dip_L,BUY,0,-240,61,0.0,0.11,2.35
2025-10-10,2025-10-10 03:42:00,MCL_EMA_Thrust_S,SELL,0,-30,61,0.0,0.08,1.36
2025-10-12,2025-10-12 18:09:00,MCL_VWAP_Rip_S,SELL,1,60,61,0.0,0.2,2.69
2025-10-13,2025-10-13 08:03:00,MCL_EMA_Thrust_S,SELL,1,390,61,0.0,0.1,2.37
2025-10-13,2025-10-13 21:10:00,MCL_EMA_Thrust_S,SELL,0,-45,61,0.0,0.04,4.02
2025-10-13,2025-10-13 23:31:00,MCL_VWAP_Rip_S,SELL,1,210,61,0.0,0.04,3.79
2025-10-14,2025-10-14 19:01:00,MCL_EMA_Thrust_S,SELL,1,75,61,0.0,0.06,2.25
2025-10-15,2025-10-15 01:04:00,MCL_VWAP_Rip_S,SELL,0,-135,61,0.0,0.04,2.26
2025-10-15,2025-10-15 21:02:00,MCL_EMA_Thrust_S,SELL,0,-15,61,0.0,0.06,1.4
2025-10-16,2025-10-16 07:09:00,MCL_VWAP_Rip_S,SELL,1,150,61,0.0,0.09,1.69
2025-10-16,2025-10-16 21:02:00,MCL_EMA_Thrust_S,SELL,1,450,61,0.0,0.04,2.76
2025-10-16,2025-10-16 22:47:00,MCL_VWAP_Rip_S,SELL,0,-30,61,0.0,0.07,1.12
2025-10-19,2025-10-19 21:01:00,MCL_EMA_Thrust_S,SELL,0,-45,61,0.0,0.06,3.85
2025-10-20,2025-10-20 04:49:00,MCL_VWAP_Rip_S,SELL,1,45,61,0.0,0.1,1.13
2025-10-20,2025-10-20 18:01:00,MCL_EMA_Thrust_S,SELL,0,-75,61,0.0,0.06,4.86
2025-10-20,2025-10-20 23:42:00,MCL_VWAP_Rip_S,SELL,0,-75,61,0.0,0.04,1.71
2025-10-21,2025-10-21 19:36:00,MCL_EMA_Thrust_S,SELL,1,15,61,0.0,0.04,6.81
2025-10-22,2025-10-22 09:02:00,MCL_EMA_Thrust_L,BUY,1,630,50,0.0,0.11,1.98
2025-10-22,2025-10-22 12:31:00,MCL_VWAP_Dip_L,BUY,1,630,23,0.0,0.13,6.39
2025-10-22,2025-10-22 19:26:00,MCL_VWAP_Dip_L,BUY,1,345,61,0.0,0.18,1.29
2025-10-22,2025-10-22 23:50:00,MCL_EMA_Thrust_L,BUY,1,630,54,0.0,0.12,5.22
2025-10-23,2025-10-23 18:01:00,MCL_EMA_Thrust_L,BUY,0,-135,61,0.0,0.08,2.29
2025-10-24,2025-10-24 02:33:00,MCL_VWAP_Dip_L,BUY,1,300,61,0.0,0.07,1.63
2025-10-26,2025-10-26 19:16:00,MCL_VWAP_Dip_L,BUY,0,0,61,0.0,0.09,2.26
2025-10-27,2025-10-27 02:11:00,MCL_EMA_Thrust_L,BUY,0,-510,61,0.0,0.06,3.38
2025-10-27,2025-10-27 18:01:00,MCL_VWAP_Dip_L,BUY,0,-285,61,0.0,0.07,4.46
2025-10-28,2025-10-28 21:02:00,MCL_EMA_Thrust_L,BUY,1,15,61,0.0,0.05,0.99
2025-10-29,2025-10-29 06:05:00,MCL_VWAP_Dip_L,BUY,1,285,61,0.0,0.13,1.99
2025-10-29,2025-10-29 18:01:00,MCL_EMA_Thrust_L,BUY,0,-330,61,0.0,0.07,6.53
2025-10-29,2025-10-29 20:20:00,MCL_VWAP_Dip_L,BUY,1,15,61,0.0,0.07,1.5
2025-10-30,2025-10-30 20:30:00,MCL_EMA_Thrust_L,BUY,0,-30,61,0.0,0.05,6.35
2025-10-31,2025-10-31 04:50:00,MCL_VWAP_Dip_L,BUY,0,-105,61,0.0,0.09,4.92
2025-11-03,2025-11-03 02:52:00,MCL_EMA_Thrust_L,BUY,0,-645,61,0.0,0.07,1.32
2025-11-03,2025-11-03 13:54:00,MCL_VWAP_Dip_L,BUY,0,-135,61,0.0,0.08,2.53
2025-11-04,2025-11-04 02:11:00,MCL_EMA_Thrust_S,SELL,1,390,61,0.0,0.06,2.36
2025-11-04,2025-11-04 18:01:00,MCL_EMA_Thrust_S,SELL,0,-120,61,0.0,0.06,2.98
2025-11-05,2025-11-05 06:02:00,MCL_EMA_Thrust_L,BUY,0,-1035,60,0.0,0.09,2.44
2025-11-05,2025-11-05 10:45:00,MCL_VWAP_Rip_S,SELL,1,630,59,0.0,0.13,1.97
2025-11-05,2025-11-05 18:01:00,MCL_VWAP_Rip_S,SELL,1,105,61,0.0,0.05,6.15
2025-11-05,2025-11-05 20:01:00,MCL_EMA_Thrust_S,SELL,0,0,61,0.0,0.04,5.97
2025-11-06,2025-11-06 18:01:00,MCL_VWAP_Rip_S,SELL,0,-75,61,0.0,0.06,7.9
2025-11-06,2025-11-06 20:01:00,MCL_EMA_Thrust_S,SELL,0,-210,61,0.0,0.04,11.97
2025-11-09,2025-11-09 18:01:00,MCL_VWAP_Rip_S,SELL,1,165,61,0.0,0.05,13.82
2025-11-10,2025-11-10 02:07:00,MCL_EMA_Thrust_L,BUY,0,-135,61,0.0,0.04,2.52
2025-11-10,2025-11-10 18:01:00,MCL_EMA_Thrust_S,SELL,0,-45,61,0.0,0.05,2.13
2025-11-10,2025-11-10 21:14:00,MCL_VWAP_Rip_S,SELL,0,-195,61,0.0,0.04,3.23
2025-11-11,2025-11-11 14:29:00,MCL_EMA_Thrust_L,BUY,0,-210,61,0.0,0.08,5.72
2025-11-11,2025-11-11 18:01:00,MCL_EMA_Thrust_L,BUY,0,-75,61,0.0,0.05,3.95
2025-11-12,2025-11-12 08:33:00,MCL_EMA_Thrust_S,SELL,1,630,34,0.0,0.08,0.42
2025-11-12,2025-11-12 18:01:00,MCL_EMA_Thrust_S,SELL,1,120,61,0.0,0.06,10.87
2025-11-13,2025-11-13 04:33:00,MCL_VWAP_Rip_S,SELL,0,-690,61,0.0,0.09,1.93
2025-11-13,2025-11-13 18:13:00,MCL_VWAP_Rip_S,SELL,0,-375,61,0.0,0.06,1.11
2025-11-14,2025-11-14 01:47:00,MCL_EMA_Thrust_S,SELL,0,-60,61,0.0,0.08,2.26
2025-11-14,2025-11-14 16:53:00,MCL_VWAP_Dip_L,BUY,0,0,3,0.0,0.05,1.32
2025-11-16,2025-11-16 18:01:00,MCL_EMA_Thrust_S,SELL,1,60,61,0.0,0.06,12.89
2025-11-16,2025-11-16 20:38:00,MCL_VWAP_Rip_S,SELL,1,60,61,0.0,0.07,1.92
2025-11-17,2025-11-17 10:21:00,MCL_VWAP_Dip_L,BUY,1,105,61,0.0,0.11,1.1
2025-11-17,2025-11-17 11:39:00,MCL_EMA_Thrust_L,BUY,0,-180,61,0.0,0.1,6.29
2025-11-17,2025-11-17 18:01:00,MCL_EMA_Thrust_S,SELL,0,-135,61,0.0,0.05,4.89
2025-11-17,2025-11-17 20:17:00,MCL_VWAP_Rip_S,SELL,1,135,61,0.0,0.05,2.76
2025-11-19,2025-11-19 01:28:00,MCL_VWAP_Dip_L,BUY,0,-60,61,0.0,0.04,4.79
2025-11-19,2025-11-19 07:06:00,MCL_EMA_Thrust_S,SELL,1,630,54,0.0,0.11,1.91
2025-11-19,2025-11-19 18:03:00,MCL_EMA_Thrust_S,SELL,0,-300,61,0.0,0.05,2.62
2025-11-20,2025-11-20 02:12:00,MCL_VWAP_Rip_S,SELL,0,-270,61,0.0,0.05,2.24
2025-11-20,2025-11-20 18:01:00,MCL_EMA_Thrust_S,SELL,1,360,61,0.0,0.06,9.97
2025-11-21,2025-11-21 00:20:00,MCL_VWAP_Rip_S,SELL,0,-60,61,0.0,0.06,3.4
2025-11-23,2025-11-23 18:02:00,MCL_EMA_Thrust_S,SELL,1,45,61,0.0,0.05,5.59
2025-11-24,2025-11-24 06:12:00,MCL_VWAP_Rip_S,SELL,0,-270,61,0.0,0.1,7.7
2025-11-24,2025-11-24 18:08:00,MCL_EMA_Thrust_S,SELL,1,135,61,0.0,0.06,3.09
2025-11-24,2025-11-24 21:37:00,MCL_VWAP_Rip_S,SELL,1,210,61,0.0,0.05,2.62
2025-11-25,2025-11-25 18:01:00,MCL_EMA_Thrust_S,SELL,0,-90,61,0.0,0.07,2.55
2025-11-26,2025-11-26 03:59:00,MCL_VWAP_Rip_S,SELL,1,15,61,0.0,0.09,2.05
2025-11-26,2025-11-26 21:13:00,MCL_VWAP_Rip_S,SELL,1,30,61,0.0,0.04,3.3
2025-11-27,2025-11-27 14:16:00,MCL_EMA_Thrust_L,BUY,0,-255,61,0.0,0.05,1.35
2025-11-27,2025-11-27 19:33:00,MCL_EMA_Thrust_L,BUY,0,-135,61,0.0,0.03,0.89
2025-11-28,2025-11-28 09:03:00,MCL_EMA_Thrust_S,SELL,0,-780,61,0.0,0.1,2.92
2025-11-28,2025-11-28 14:02:00,MCL_VWAP_Dip_L,BUY,0,-1035,28,0.0,0.12,1.63
2025-11-30,2025-11-30 19:04:00,MCL_VWAP_Dip_L,BUY,0,-495,61,0.0,0.15,1.24
2025-11-30,2025-11-30 22:39:00,MCL_EMA_Thrust_L,BUY,1,45,61,0.0,0.06,2.27
2025-12-01,2025-12-01 18:04:00,MCL_EMA_Thrust_L,BUY,1,60,61,0.0,0.05,1.13
2025-12-02,2025-12-02 16:31:00,MCL_EMA_Thrust_S,SELL,0,-210,25,0.0,0.05,9.94
2025-12-02,2025-12-02 22:03:00,MCL_VWAP_Rip_S,SELL,0,-210,61,0.0,0.05,1.28
2025-12-02,2025-12-02 23:53:00,MCL_EMA_Thrust_L,BUY,0,-120,61,0.0,0.04,3.37
2025-12-03,2025-12-03 08:40:00,MCL_VWAP_Dip_L,BUY,0,-45,61,0.0,0.1,8.31
2025-12-03,2025-12-03 18:01:00,MCL_VWAP_Dip_L,BUY,0,-15,61,0.0,0.04,6.66
2025-12-05,2025-12-05 02:24:00,MCL_VWAP_Dip_L,BUY,0,-60,61,0.0,0.04,1.35
2025-12-07,2025-12-07 18:01:00,MCL_EMA_Thrust_L,BUY,0,-45,61,0.0,0.05,6.49
2025-12-08,2025-12-08 03:30:00,MCL_VWAP_Dip_L,BUY,0,-1005,61,0.0,0.06,4.93
2025-12-08,2025-12-08 18:03:00,MCL_EMA_Thrust_S,SELL,0,-75,61,0.0,0.04,1.09
2025-12-09,2025-12-09 01:54:00,MCL_VWAP_Rip_S,SELL,0,-150,61,0.0,0.04,3.51
2025-12-09,2025-12-09 18:01:00,MCL_VWAP_Rip_S,SELL,0,-45,61,0.0,0.05,2.38
2025-12-09,2025-12-09 20:01:00,MCL_EMA_Thrust_S,SELL,0,-135,61,0.0,0.03,10.45
2025-12-10,2025-12-10 18:01:00,MCL_EMA_Thrust_S,SELL,1,120,61,0.0,0.06,7.13
2025-12-11,2025-12-11 14:31:00,MCL_VWAP_Rip_S,SELL,0,-105,61,0.0,0.09,7.23
2025-12-11,2025-12-11 19:06:00,MCL_VWAP_Rip_S,SELL,0,-30,61,0.0,0.06,1.18
2025-12-14,2025-12-14 18:01:00,MCL_EMA_Thrust_S,SELL,0,-285,61,0.0,0.04,12.57
2025-12-15,2025-12-15 18:02:00,MCL_EMA_Thrust_S,SELL,0,-75,61,0.0,0.05,1.62
2025-12-16,2025-12-16 02:01:00,MCL_VWAP_Rip_S,SELL,1,180,61,0.0,0.04,3.83
2025-12-16,2025-12-16 18:01:00,MCL_EMA_Thrust_S,SELL,0,-765,61,0.0,0.06,4.16
2025-12-17,2025-12-17 14:49:00,MCL_VWAP_Rip_S,SELL,0,-840,61,0.0,0.08,2.9
2025-12-17,2025-12-17 18:03:00,MCL_VWAP_Rip_S,SELL,1,45,61,0.0,0.08,1.45
2025-12-18,2025-12-18 18:01:00,MCL_EMA_Thrust_S,SELL,1,30,61,0.0,0.05,3.3
2025-12-18,2025-12-18 19:50:00,MCL_VWAP_Rip_S,SELL,0,-45,61,0.0,0.04,6.35
2025-12-21,2025-12-21 18:20:00,MCL_VWAP_Rip_S,SELL,0,-90,61,0.0,0.08,1.29
2025-12-22,2025-12-22 00:25:00,MCL_EMA_Thrust_L,BUY,1,30,61,0.0,0.04,1.35
2025-12-22,2025-12-22 03:30:00,MCL_VWAP_Dip_L,BUY,0,-45,61,0.0,0.05,1.47
2025-12-22,2025-12-22 18:01:00,MCL_EMA_Thrust_L,BUY,0,-240,61,0.0,0.05,9.09
2025-12-22,2025-12-22 23:27:00,MCL_VWAP_Dip_L,BUY,0,-180,61,0.0,0.03,2.46
2025-12-23,2025-12-23 18:08:00,MCL_VWAP_Dip_L,BUY,1,210,61,0.0,0.05,3.28
2025-12-25,2025-12-25 18:01:00,MCL_EMA_Thrust_L,BUY,1,90,61,0.0,0.07,1.43
2025-12-25,2025-12-25 19:39:00,MCL_VWAP_Dip_L,BUY,1,30,61,0.0,0.05,1.76
2025-12-28,2025-12-28 18:01:00,MCL_EMA_Thrust_L,BUY,0,-150,1,0.0,0.06,10.4
2025-12-28,2025-12-28 18:02:00,MCL_VWAP_Rip_S,SELL,0,-375,60,0.0,0.06,3.74
2025-12-28,2025-12-28 20:26:00,MCL_VWAP_Dip_L,BUY,0,-15,61,0.0,0.06,1.23
2025-12-29,2025-12-29 18:02:00,MCL_EMA_Thrust_L,BUY,0,-90,61,0.0,0.04,1.37
2025-12-30,2025-12-30 02:01:00,MCL_VWAP_Dip_L,BUY,1,150,61,0.0,0.05,3.17
2025-12-31,2025-12-31 07:19:00,MCL_EMA_Thrust_L,BUY,0,-135,61,0.0,0.06,2.33
2025-12-31,2025-12-31 10:22:00,MCL_VWAP_Dip_L,BUY,0,-345,61,0.0,0.1,4.05
2026-01-01,2026-01-01 18:01:00,MCL_EMA_Thrust_L,BUY,0,-150,1,0.0,0.04,16.64
2026-01-01,2026-01-01 18:02:00,MCL_VWAP_Rip_S,SELL,0,0,60,0.0,0.04,3.42
2026-01-02,2026-01-02 05:41:00,MCL_EMA_Thrust_S,SELL,1,165,61,0.0,0.09,2.13
2026-01-04,2026-01-04 18:01:00,MCL_EMA_Thrust_S,SELL,0,-570,61,0.0,0.05,34.8
2026-01-04,2026-01-04 20:01:00,MCL_EMA_Thrust_L,BUY,0,-645,61,0.0,0.09,17.74
2026-01-05,2026-01-05 19:59:00,MCL_EMA_Thrust_L,BUY,0,-420,61,0.0,0.06,5.16
2026-01-06,2026-01-06 14:29:00,MCL_EMA_Thrust_S,SELL,1,225,61,0.0,0.11,1.7
2026-01-06,2026-01-06 18:47:00,MCL_EMA_Thrust_S,SELL,1,630,9,0.0,0.07,7.3
2026-01-06,2026-01-06 23:01:00,MCL_VWAP_Rip_S,SELL,1,105,61,0.0,0.07,4.01
2026-01-07,2026-01-07 21:01:00,MCL_EMA_Thrust_S,SELL,1,240,61,0.0,0.04,15.44
2026-01-08,2026-01-08 14:29:00,MCL_EMA_Thrust_L,BUY,1,630,20,0.0,0.09,3.07
2026-01-08,2026-01-08 18:01:00,MCL_VWAP_Dip_L,BUY,0,-225,61,0.0,0.1,4.01
2026-01-11,2026-01-11 19:01:00,MCL_VWAP_Dip_L,BUY,0,-375,61,0.0,0.12,2.17
2026-01-12,2026-01-12 16:16:00,MCL_EMA_Thrust_L,BUY,1,285,40,0.0,0.09,3.49
2026-01-12,2026-01-12 22:38:00,MCL_EMA_Thrust_L,BUY,0,-30,61,0.0,0.07,1.83
2026-01-13,2026-01-13 03:02:00,MCL_VWAP_Dip_L,BUY,1,630,59,0.0,0.08,1.47
2026-01-13,2026-01-13 18:01:00,MCL_EMA_Thrust_L,BUY,0,-105,61,0.0,0.09,1.94
2026-01-14,2026-01-14 10:11:00,MCL_VWAP_Dip_L,BUY,1,270,61,0.0,0.17,5.82
2026-01-14,2026-01-14 19:30:00,MCL_Struct_Brk_L,BUY,0,-1035,34,0.0,0.24,2.23
2026-01-15,2026-01-15 18:01:00,MCL_EMA_Thrust_L,BUY,0,-240,61,0.0,0.07,3.75
2026-01-16,2026-01-16 03:17:00,MCL_VWAP_Dip_L,BUY,1,630,52,0.0,0.08,1.27
2026-01-18,2026-01-18 18:01:00,MCL_VWAP_Dip_L,BUY,0,-45,61,0.0,0.06,24.91
2026-01-19,2026-01-19 06:25:00,MCL_EMA_Thrust_S,SELL,0,-195,61,0.0,0.1,5.07
2026-01-19,2026-01-19 19:18:00,MCL_EMA_Thrust_L,BUY,0,-360,61,0.0,0.06,1.27
2026-01-20,2026-01-20 04:05:00,MCL_VWAP_Rip_S,SELL,0,-480,61,0.0,0.11,1.49
2026-01-20,2026-01-20 15:34:00,MCL_VWAP_Dip_L,BUY,0,-255,61,0.0,0.12,6.17
2026-01-20,2026-01-20 23:55:00,MCL_VWAP_Dip_L,BUY,1,150,61,0.0,0.05,1.96
2026-01-21,2026-01-21 18:01:00,MCL_VWAP_Dip_L,BUY,0,-180,61,0.0,0.06,3.9
2026-01-21,2026-01-21 20:01:00,MCL_EMA_Thrust_L,BUY,1,240,61,0.0,0.05,10.15
2026-01-22,2026-01-22 09:34:00,MCL_EMA_Thrust_S,SELL,1,30,61,0.0,0.12,10.2
2026-01-22,2026-01-22 18:01:00,MCL_VWAP_Rip_S,SELL,0,-30,61,0.0,0.06,2.37
2026-01-23,2026-01-23 02:01:00,MCL_EMA_Thrust_L,BUY,0,-300,61,0.0,0.05,1.39
2026-01-25,2026-01-25 18:07:00,MCL_VWAP_Dip_L,BUY,1,285,61,0.0,0.13,1.17
2026-01-25,2026-01-25 20:01:00,MCL_EMA_Thrust_L,BUY,0,-225,61,0.0,0.1,3.71
2026-01-26,2026-01-26 18:01:00,MCL_EMA_Thrust_L,BUY,0,-45,61,0.0,0.08,1.96
2026-01-27,2026-01-27 01:37:00,MCL_VWAP_Dip_L,BUY,0,-255,61,0.0,0.05,1.39
2026-01-27,2026-01-27 20:02:00,MCL_EMA_Thrust_L,BUY,0,-150,61,0.0,0.06,3.87
2026-01-28,2026-01-28 18:03:00,MCL_VWAP_Dip_L,BUY,0,-15,61,0.0,0.07,4.14
2026-01-29,2026-01-29 12:25:00,MCL_Struct_Brk_L,BUY,0,-510,61,0.0,0.27,1.65
2026-01-29,2026-01-29 18:02:00,MCL_EMA_Thrust_L,BUY,1,15,61,0.0,0.14,1.55
2026-01-30,2026-01-30 12:19:00,MCL_VWAP_Dip_L,BUY,0,-1035,30,0.0,0.2,7.17
2026-02-01,2026-02-01 18:03:00,MCL_VWAP_Dip_L,BUY,0,-1035,5,0.0,0.11,4.71
2026-02-01,2026-02-01 19:08:00,MCL_Struct_Brk_L,BUY,0,-855,61,0.0,0.27,1.7
2026-02-02,2026-02-02 00:49:00,MCL_EMA_Thrust_S,SELL,0,-270,61,0.0,0.14,1.77
2026-02-02,2026-02-02 20:01:00,MCL_EMA_Thrust_L,BUY,1,105,61,0.0,0.08,10.17
2026-02-03,2026-02-03 02:38:00,MCL_VWAP_Rip_S,SELL,0,-210,61,0.0,0.09,2.43
2026-02-03,2026-02-03 20:03:00,MCL_VWAP_Dip_L,BUY,1,495,61,0.0,0.09,1.83
2026-02-04,2026-02-04 12:47:00,MCL_EMA_Thrust_L,BUY,1,630,47,0.0,0.33,1.44
2026-02-04,2026-02-04 14:05:00,MCL_Struct_Brk_L,BUY,0,-1035,42,0.0,0.29,6.35
2026-02-05,2026-02-05 03:30:00,MCL_VWAP_Dip_L,BUY,1,405,61,0.0,0.1,2.93
2026-02-05,2026-02-05 18:01:00,MCL_EMA_Thrust_L,BUY,0,-480,61,0.0,0.1,2.62
2026-02-05,2026-02-05 19:26:00,MCL_VWAP_Rip_S,SELL,1,45,61,0.0,0.14,1.22
2026-02-06,2026-02-06 05:27:00,MCL_VWAP_Dip_L,BUY,0,-915,61,0.0,0.21,1.24
2026-02-06,2026-02-06 06:51:00,MCL_EMA_Thrust_S,SELL,0,-285,61,0.0,0.18,12.26
2026-02-06,2026-02-06 10:34:00,MCL_Struct_Brk_L,BUY,1,180,61,0.0,0.24,2.17
2026-02-09,2026-02-09 01:01:00,MCL_EMA_Thrust_S,SELL,0,-15,61,0.0,0.06,1.3
2026-02-09,2026-02-09 03:18:00,MCL_VWAP_Rip_S,SELL,0,-345,61,0.0,0.08,4.58
2026-02-09,2026-02-09 15:54:00,MCL_EMA_Thrust_L,BUY,1,90,61,0.0,0.07,9.19
2026-02-09,2026-02-09 21:07:00,MCL_VWAP_Dip_L,BUY,0,-45,61,0.0,0.08,3.25
2026-02-10,2026-02-10 02:31:00,MCL_EMA_Thrust_L,BUY,0,-150,61,0.0,0.08,3.09
2026-02-10,2026-02-10 18:02:00,MCL_EMA_Thrust_L,BUY,1,45,61,0.0,0.08,3.37
2026-02-10,2026-02-10 23:59:00,MCL_VWAP_Dip_L,BUY,0,-135,61,0.0,0.04,3.9
2026-02-11,2026-02-11 18:07:00,MCL_VWAP_Dip_L,BUY,1,105,61,0.0,0.08,1.16
2026-02-11,2026-02-11 20:08:00,MCL_EMA_Thrust_L,BUY,0,-45,61,0.0,0.06,3.5
2026-02-12,2026-02-12 18:04:00,MCL_EMA_Thrust_S,SELL,0,-45,61,0.0,0.06,1.77
2026-02-15,2026-02-15 18:01:00,MCL_VWAP_Rip_S,SELL,1,135,61,0.0,0.09,16.14
2026-02-15,2026-02-15 21:01:00,MCL_EMA_Thrust_S,SELL,0,-240,61,0.0,0.05,10.3
2026-02-17,2026-02-17 02:22:00,MCL_EMA_Thrust_S,SELL,1,90,61,0.0,0.05,1.3
2026-02-17,2026-02-17 04:29:00,MCL_VWAP_Rip_S,SELL,0,-285,61,0.0,0.09,1.47
2026-02-17,2026-02-17 10:18:00,MCL_Struct_Brk_S,SELL,1,630,17,0.0,0.22,1.84
2026-02-17,2026-02-17 18:01:00,MCL_EMA_Thrust_S,SELL,0,-150,61,0.0,0.07,3.33
2026-02-17,2026-02-17 20:02:00,MCL_VWAP_Rip_S,SELL,0,-150,61,0.0,0.04,1.21
2026-02-18,2026-02-18 07:07:00,MCL_EMA_Thrust_L,BUY,1,630,14,0.0,0.12,4.92
2026-02-18,2026-02-18 18:02:00,MCL_EMA_Thrust_L,BUY,0,-255,61,0.0,0.13,2.11
2026-02-18,2026-02-18 23:57:00,MCL_VWAP_Dip_L,BUY,0,0,61,0.0,0.06,2.9
2026-02-19,2026-02-19 20:26:00,MCL_VWAP_Dip_L,BUY,1,270,61,0.0,0.1,1.3
2026-02-22,2026-02-22 18:04:00,MCL_VWAP_Dip_L,BUY,1,60,61,0.0,0.08,3.0
2026-02-22,2026-02-22 21:22:00,MCL_EMA_Thrust_L,BUY,0,-375,61,0.0,0.08,2.57
2026-02-23,2026-02-23 18:01:00,MCL_EMA_Thrust_L,BUY,0,-45,61,0.0,0.06,3.8
2026-02-24,2026-02-24 02:30:00,MCL_VWAP_Dip_L,BUY,0,-480,61,0.0,0.07,1.36
2026-02-24,2026-02-24 20:00:00,MCL_VWAP_Dip_L,BUY,0,-15,61,0.0,0.07,5.33
2026-02-24,2026-02-24 22:35:00,MCL_EMA_Thrust_L,BUY,0,-435,61,0.0,0.1,12.66
2026-02-25,2026-02-25 18:01:00,MCL_EMA_Thrust_L,BUY,0,-120,61,0.0,0.07,5.09
2026-02-26,2026-02-26 07:14:00,MCL_EMA_Thrust_S,SELL,1,630,10,0.0,0.12,3.57
2026-02-26,2026-02-26 13:37:00,MCL_VWAP_Dip_L,BUY,0,-60,61,0.0,0.28,3.27
2026-02-26,2026-02-26 20:01:00,MCL_EMA_Thrust_S,SELL,1,90,61,0.0,0.07,14.57
2026-02-26,2026-02-26 22:05:00,MCL_VWAP_Rip_S,SELL,0,-240,35,0.0,0.09,4.48
2026-02-26,2026-02-26 22:41:00,MCL_EMA_Thrust_L,BUY,1,45,26,0.0,0.08,1.71
2026-02-27,2026-02-27 10:35:00,MCL_VWAP_Dip_L,BUY,0,-255,61,0.0,0.22,7.83
2026-03-02,2026-03-02 00:22:00,MCL_Struct_Brk_L,BUY,1,630,39,0.0,0.26,2.3
2026-03-02,2026-03-02 19:16:00,MCL_Struct_Brk_L,BUY,1,630,41,0.0,0.26,2.51
2026-03-02,2026-03-02 21:31:00,MCL_EMA_Thrust_L,BUY,0,-30,61,0.0,0.22,3.25
2026-03-03,2026-03-03 11:46:00,MCL_VWAP_Dip_L,BUY,1,624,3,0.0,0.52,4.77
2026-03-03,2026-03-03 18:01:00,MCL_EMA_Thrust_L,BUY,1,630,35,0.0,0.35,2.59
2026-03-03,2026-03-03 19:15:00,MCL_VWAP_Dip_L,BUY,0,-1035,9,0.0,0.29,1.98
2026-03-04,2026-03-04 20:01:00,MCL_EMA_Thrust_L,BUY,1,630,1,0.0,0.14,12.83
2026-03-04,2026-03-04 21:58:00,MCL_Struct_Brk_L,BUY,0,-405,61,0.0,0.22,1.61
2026-03-05,2026-03-05 03:34:00,MCL_VWAP_Dip_L,BUY,0,-1035,31,0.0,0.3,1.86
2026-03-05,2026-03-05 18:01:00,MCL_Struct_Brk_L,BUY,1,630,3,0.0,0.44,3.45
2026-03-05,2026-03-05 20:46:00,MCL_EMA_Thrust_L,BUY,1,105,61,0.0,0.35,2.4
2026-03-08,2026-03-08 18:56:00,MCL_VWAP_Dip_L,BUY,1,450,61,0.0,2.0,1.1
2026-03-10,2026-03-10 09:18:00,MCL_EMA_Thrust_L,BUY,0,-1016,12,0.0,0.81,2.06
2026-03-10,2026-03-10 18:01:00,MCL_Struct_Brk_L,BUY,1,632,35,0.0,0.81,2.44
2026-03-10,2026-03-10 19:03:00,MCL_VWAP_Dip_L,BUY,0,-1020,9,0.0,0.63,4.02
2026-03-11,2026-03-11 04:58:00,MCL_EMA_Thrust_L,BUY,1,624,2,0.0,0.5,4.31
2026-03-11,2026-03-11 18:16:00,MCL_EMA_Thrust_L,BUY,1,624,8,0.0,0.51,2.92
2026-03-11,2026-03-11 20:01:00,MCL_VWAP_Dip_L,BUY,1,632,4,0.0,0.82,2.12
2026-03-11,2026-03-11 22:31:00,MCL_Struct_Brk_L,BUY,1,624,2,0.0,0.55,1.79
2026-03-12,2026-03-12 18:01:00,MCL_EMA_Thrust_L,BUY,1,630,0,0.0,0.42,3.17
2026-03-12,2026-03-12 19:17:00,MCL_Struct_Brk_L,BUY,1,627,8,0.0,0.58,1.96
2026-03-12,2026-03-12 23:08:00,MCL_VWAP_Dip_L,BUY,0,-1035,25,0.0,0.41,1.58
2026-03-15,2026-03-15 18:13:00,MCL_EMA_Thrust_L,BUY,0,-1026,33,0.0,0.69,2.82
2026-03-16,2026-03-16 00:36:00,MCL_Struct_Brk_L,BUY,0,-345,61,0.0,0.33,2.21
2026-03-16,2026-03-16 01:38:00,MCL_VWAP_Dip_L,BUY,0,-1035,12,0.0,0.25,3.46
2026-03-16,2026-03-16 19:57:00,MCL_Struct_Brk_L,BUY,1,630,4,0.0,0.32,1.72
2026-03-16,2026-03-16 21:31:00,MCL_VWAP_Dip_L,BUY,1,630,21,0.0,0.39,2.99
2026-03-17,2026-03-17 01:36:00,MCL_EMA_Thrust_L,BUY,1,630,7,0.0,0.23,2.33
2026-03-17,2026-03-17 18:01:00,MCL_VWAP_Dip_L,BUY,0,-1035,7,0.0,0.23,2.78
2026-03-17,2026-03-17 18:41:00,MCL_Struct_Brk_L,BUY,1,630,41,0.0,0.36,1.71
2026-03-18,2026-03-18 01:24:00,MCL_Struct_Brk_S,SELL,1,630,56,0.0,0.28,5.0
2026-03-18,2026-03-18 07:25:00,MCL_EMA_Thrust_L,BUY,1,630,1,0.0,0.27,2.48
2026-03-18,2026-03-18 19:03:00,MCL_Struct_Brk_L,BUY,0,-1036,38,0.0,0.45,2.67
2026-03-18,2026-03-18 19:46:00,MCL_EMA_Thrust_L,BUY,1,630,14,0.0,0.41,5.63
2026-03-19,2026-03-19 12:04:00,MCL_VWAP_Dip_L,BUY,1,630,12,0.0,0.83,1.91
2026-03-19,2026-03-19 18:01:00,MCL_EMA_Thrust_L,BUY,0,-1032,59,0.0,0.52,2.54
2026-03-19,2026-03-19 20:01:00,MCL_Struct_Brk_S,SELL,0,-525,22,0.0,0.27,9.93
2026-03-19,2026-03-19 20:23:00,MCL_Struct_Brk_L,BUY,1,630,9,0.0,0.27,2.48
2026-03-19,2026-03-19 21:01:00,MCL_VWAP_Dip_L,BUY,0,-1035,10,0.0,0.28,7.39
2026-03-19,2026-03-19 22:42:00,MCL_VWAP_Rip_S,SELL,0,-1035,45,0.0,0.33,1.28
2026-03-22,2026-03-22 19:54:00,MCL_Struct_Brk_L,BUY,1,630,6,0.0,0.43,2.01
2026-03-22,2026-03-22 20:11:00,MCL_VWAP_Dip_L,BUY,0,-240,61,0.0,0.42,1.32
2026-03-23,2026-03-23 07:06:00,MCL_EMA_Thrust_S,SELL,1,630,0,0.0,0.44,4.93
2026-03-23,2026-03-23 09:40:00,MCL_Struct_Brk_S,SELL,1,630,9,0.0,1.08,1.77
2026-03-24,2026-03-24 02:56:00,MCL_Struct_Brk_S,SELL,1,630,9,0.0,0.38,1.7
2026-03-24,2026-03-24 03:34:00,MCL_VWAP_Rip_S,SELL,1,630,16,0.0,0.41,1.2
2026-03-24,2026-03-24 16:20:00,MCL_EMA_Thrust_S,SELL,1,630,0,0.0,0.36,6.17
2026-03-24,2026-03-24 18:46:00,MCL_Struct_Brk_S,SELL,0,-234,61,0.0,0.68,2.49
2026-03-24,2026-03-24 20:01:00,MCL_EMA_Thrust_S,SELL,1,630,8,0.0,0.36,9.01
2026-03-24,2026-03-24 21:42:00,MCL_VWAP_Rip_S,SELL,1,630,25,0.0,0.46,1.91
2026-03-25,2026-03-25 18:01:00,MCL_EMA_Thrust_S,SELL,1,315,61,0.0,0.25,2.52
2026-03-26,2026-03-26 08:36:00,MCL_Struct_Brk_L,BUY,0,-1035,37,0.0,0.32,1.56
2026-03-26,2026-03-26 19:39:00,MCL_Struct_Brk_S,SELL,1,630,26,0.0,0.28,2.1
2026-03-26,2026-03-26 20:18:00,MCL_VWAP_Rip_S,SELL,0,-1035,8,0.0,0.26,2.65
2026-03-27,2026-03-27 02:28:00,MCL_EMA_Thrust_L,BUY,1,630,24,0.0,0.2,1.61
2026-03-27,2026-03-27 04:19:00,MCL_Struct_Brk_L,BUY,1,630,8,0.0,0.27,3.71
2026-03-29,2026-03-29 19:35:00,MCL_Struct_Brk_L,BUY,1,630,26,0.0,0.44,2.22
2026-03-29,2026-03-29 21:41:00,MCL_VWAP_Dip_L,BUY,0,-1035,7,0.0,0.41,1.23
2026-03-30,2026-03-30 03:43:00,MCL_EMA_Thrust_L,BUY,0,-1035,26,0.0,0.39,0.89
2026-03-30,2026-03-30 18:06:00,MCL_VWAP_Dip_L,BUY,1,630,52,0.0,0.37,1.28
2026-03-30,2026-03-30 19:12:00,MCL_EMA_Thrust_L,BUY,1,630,30,0.0,0.39,3.22
2026-03-31,2026-03-31 18:07:00,MCL_EMA_Thrust_L,BUY,1,630,14,0.0,0.43,1.65
2026-03-31,2026-03-31 18:45:00,MCL_VWAP_Dip_L,BUY,0,-345,61,0.0,0.41,1.18
2026-04-01,2026-04-01 18:01:00,MCL_VWAP_Dip_L,BUY,1,630,42,0.0,0.26,3.46
2026-04-01,2026-04-01 21:12:00,MCL_EMA_Thrust_L,BUY,1,627,0,0.0,0.58,4.55
2026-04-05,2026-04-05 19:41:00,MCL_Struct_Brk_L,BUY,0,-1032,20,0.0,0.52,1.74
2026-04-06,2026-04-06 09:37:00,MCL_EMA_Thrust_L,BUY,1,624,0,0.0,0.49,2.06
2026-04-06,2026-04-06 10:15:00,MCL_VWAP_Dip_L,BUY,0,-1020,6,0.0,0.64,1.42
2026-04-06,2026-04-06 18:24:00,MCL_EMA_Thrust_L,BUY,1,630,21,0.0,0.32,2.58
2026-04-06,2026-04-06 19:04:00,MCL_VWAP_Dip_L,BUY,1,630,34,0.0,0.31,3.13
2026-04-07,2026-04-07 18:01:00,MCL_VWAP_Dip_L,BUY,0,-1014,31,0.0,0.96,4.43
2026-04-07,2026-04-07 20:02:00,MCL_Struct_Brk_S,SELL,0,-1008,29,0.0,1.86,2.19
2026-04-08,2026-04-08 01:23:00,MCL_EMA_Thrust_S,SELL,1,630,6,0.0,0.45,2.44
2026-04-08,2026-04-08 10:57:00,MCL_VWAP_Rip_S,SELL,1,632,4,0.0,0.82,1.98
2026-04-08,2026-04-08 18:01:00,MCL_VWAP_Rip_S,SELL,1,630,4,0.0,0.43,4.54
2026-04-08,2026-04-08 19:06:00,MCL_Struct_Brk_S,SELL,0,-855,61,0.0,0.42,2.74
2026-04-09,2026-04-09 18:01:00,MCL_EMA_Thrust_S,SELL,0,-1035,29,0.0,0.44,2.43
2026-04-09,2026-04-09 19:08:00,MCL_Struct_Brk_S,SELL,0,-150,61,0.0,0.4,2.49
2026-04-09,2026-04-09 20:33:00,MCL_VWAP_Rip_S,SELL,0,-1035,28,0.0,0.27,1.28
2026-04-12,2026-04-12 19:06:00,MCL_Struct_Brk_L,BUY,1,630,32,0.0,0.69,1.61
2026-04-13,2026-04-13 00:17:00,MCL_VWAP_Dip_L,BUY,1,90,61,0.0,0.18,3.47
2026-04-13,2026-04-13 09:34:00,MCL_EMA_Thrust_S,SELL,1,630,14,0.0,0.3,2.23
2026-04-13,2026-04-13 18:05:00,MCL_EMA_Thrust_S,SELL,1,630,58,0.0,0.36,2.16
2026-04-13,2026-04-13 20:23:00,MCL_Struct_Brk_S,SELL,1,630,9,0.0,0.33,1.54
2026-04-13,2026-04-13 21:02:00,MCL_VWAP_Rip_S,SELL,0,-825,61,0.0,0.33,5.05
2026-04-14,2026-04-14 18:02:00,MCL_VWAP_Rip_S,SELL,1,630,8,0.0,0.27,4.35
2026-04-14,2026-04-14 19:09:00,MCL_Struct_Brk_S,SELL,1,630,25,0.0,0.32,2.28
2026-04-15,2026-04-15 18:01:00,MCL_EMA_Thrust_S,SELL,1,630,10,0.0,0.18,4.72
2026-04-15,2026-04-15 19:36:00,MCL_VWAP_Rip_S,SELL,1,630,46,0.0,0.18,1.35
2026-04-16,2026-04-16 23:14:00,MCL_VWAP_Rip_S,SELL,1,120,61,0.0,0.14,1.39
2026-04-17,2026-04-17 01:22:00,MCL_EMA_Thrust_S,SELL,0,-435,61,0.0,0.12,1.95
2026-04-17,2026-04-17 05:22:00,MCL_Struct_Brk_S,SELL,1,630,6,0.0,0.25,1.64
2026-04-19,2026-04-19 18:02:00,MCL_VWAP_Rip_S,SELL,1,630,0,0.0,0.34,9.07
2026-04-19,2026-04-19 20:16:00,MCL_EMA_Thrust_S,SELL,1,630,44,0.0,0.35,4.32
2026-04-20,2026-04-20 04:51:00,MCL_Struct_Brk_S,SELL,1,630,6,0.0,0.32,2.18
2026-04-20,2026-04-20 18:06:00,MCL_EMA_Thrust_S,SELL,0,-525,61,0.0,0.31,1.81
2026-04-21,2026-04-21 04:26:00,MCL_Struct_Brk_S,SELL,0,-1035,34,0.0,0.27,1.51
2026-04-21,2026-04-21 20:51:00,MCL_VWAP_Rip_S,SELL,1,630,11,0.0,0.33,1.17
2026-04-21,2026-04-21 21:03:00,MCL_Struct_Brk_S,SELL,0,-255,61,0.0,0.31,2.31
2026-04-22,2026-04-22 01:17:00,MCL_EMA_Thrust_S,SELL,1,630,4,0.0,0.16,19.84
2026-04-22,2026-04-22 12:43:00,MCL_EMA_Thrust_L,BUY,0,-1035,27,0.0,0.36,2.84
2026-04-22,2026-04-22 14:20:00,MCL_Struct_Brk_L,BUY,0,-615,61,0.0,0.35,1.62
2026-04-22,2026-04-22 19:56:00,MCL_EMA_Thrust_L,BUY,1,630,13,0.0,0.14,5.16
2026-04-23,2026-04-23 00:04:00,MCL_VWAP_Dip_L,BUY,0,-315,61,0.0,0.33,2.33
2026-04-23,2026-04-23 03:21:00,MCL_Struct_Brk_L,BUY,0,-1035,14,0.0,0.24,2.51
2026-04-23,2026-04-23 18:01:00,MCL_VWAP_Dip_L,BUY,1,630,23,0.0,0.38,5.0
2026-04-23,2026-04-23 18:25:00,MCL_Struct_Brk_L,BUY,1,630,14,0.0,0.39,1.58
2026-04-23,2026-04-23 20:42:00,MCL_EMA_Thrust_L,BUY,1,630,7,0.0,0.2,7.08
2026-04-27,2026-04-27 01:36:00,MCL_EMA_Thrust_L,BUY,1,165,61,0.0,0.15,1.29
2026-04-27,2026-04-27 10:53:00,MCL_Struct_Brk_L,BUY,1,630,10,0.0,0.39,2.71
2026-04-27,2026-04-27 12:05:00,MCL_VWAP_Dip_L,BUY,1,630,47,0.0,0.35,1.38
2026-04-27,2026-04-27 18:05:00,MCL_EMA_Thrust_L,BUY,0,-60,61,0.0,0.22,1.69
2026-04-27,2026-04-27 20:03:00,MCL_VWAP_Dip_L,BUY,1,630,24,0.0,0.15,3.27
2026-04-28,2026-04-28 03:13:00,MCL_Struct_Brk_L,BUY,1,630,21,0.0,0.23,3.46
2026-04-28,2026-04-28 19:17:00,MCL_VWAP_Dip_L,BUY,0,-615,61,0.0,0.14,2.88
2026-04-28,2026-04-28 21:31:00,MCL_Struct_Brk_L,BUY,0,-1035,39,0.0,0.23,1.66
2026-04-29,2026-04-29 01:22:00,MCL_EMA_Thrust_L,BUY,0,-165,61,0.0,0.15,2.96
2026-04-29,2026-04-29 19:14:00,MCL_VWAP_Dip_L,BUY,0,-1035,46,0.0,0.32,1.21
2026-04-29,2026-04-29 22:17:00,MCL_Struct_Brk_L,BUY,1,630,1,0.0,0.31,2.31
2026-04-30,2026-04-30 00:30:00,MCL_EMA_Thrust_L,BUY,1,630,0,0.0,0.42,2.2
2026-04-30,2026-04-30 18:01:00,MCL_VWAP_Dip_L,BUY,1,630,26,0.0,0.36,2.81
2026-04-30,2026-04-30 18:42:00,MCL_Struct_Brk_L,BUY,0,-195,61,0.0,0.29,1.85
2026-04-30,2026-04-30 20:51:00,MCL_EMA_Thrust_L,BUY,0,-390,61,0.0,0.2,2.34
2026-05-03,2026-05-03 18:01:00,MCL_VWAP_Dip_L,BUY,1,630,2,0.0,0.27,15.83
2026-05-03,2026-05-03 18:21:00,MCL_Struct_Brk_L,BUY,1,624,1,0.0,0.5,1.72
2026-05-03,2026-05-03 19:45:00,MCL_EMA_Thrust_L,BUY,1,630,18,0.0,0.34,4.56
2026-05-04,2026-05-04 18:01:00,MCL_EMA_Thrust_L,BUY,0,-1035,12,0.0,0.29,8.32
2026-05-05,2026-05-05 07:29:00,MCL_VWAP_Dip_L,BUY,0,-1035,37,0.0,0.38,3.22
2026-05-05,2026-05-05 18:53:00,MCL_EMA_Thrust_S,SELL,0,-1035,0,0.0,0.17,32.03
2026-05-05,2026-05-05 19:00:00,MCL_VWAP_Dip_L,BUY,0,-1027,9,0.0,0.5,2.37
2026-05-05,2026-05-05 20:09:00,MCL_VWAP_Rip_S,SELL,0,-1032,12,0.0,0.52,1.34
2026-05-06,2026-05-06 03:23:00,MCL_Struct_Brk_S,SELL,1,630,21,0.0,0.28,1.9
2026-05-06,2026-05-06 18:01:00,MCL_Struct_Brk_S,SELL,0,-240,61,0.0,0.28,4.86
2026-05-06,2026-05-06 23:05:00,MCL_VWAP_Rip_S,SELL,0,-15,61,0.0,0.23,1.98
2026-05-07,2026-05-07 18:01:00,MCL_VWAP_Rip_S,SELL,1,630,11,0.0,0.66,4.37
2026-05-07,2026-05-07 18:13:00,MCL_Struct_Brk_S,SELL,1,630,8,0.0,0.69,2.01
2026-05-10,2026-05-10 18:01:00,MCL_VWAP_Rip_S,SELL,0,-1035,1,0.0,0.23,17.16
2026-05-11,2026-05-11 03:04:00,MCL_Struct_Brk_S,SELL,1,630,55,0.0,0.24,2.28
2026-05-11,2026-05-11 18:01:00,MCL_EMA_Thrust_S,SELL,1,120,61,0.0,0.21,1.86
2026-05-12,2026-05-12 03:14:00,MCL_EMA_Thrust_L,BUY,1,630,49,0.0,0.24,1.09
2026-05-13,2026-05-13 04:40:00,MCL_Struct_Brk_L,BUY,1,630,29,0.0,0.23,1.93
2026-05-13,2026-05-13 09:33:00,MCL_EMA_Thrust_L,BUY,1,630,27,0.0,0.21,1.77
2026-05-13,2026-05-13 20:03:00,MCL_EMA_Thrust_L,BUY,1,435,61,0.0,0.13,1.61
2026-05-14,2026-05-14 02:07:00,MCL_VWAP_Dip_L,BUY,0,-1035,36,0.0,0.14,5.52
2026-05-14,2026-05-14 03:48:00,MCL_Struct_Brk_L,BUY,1,630,9,0.0,0.29,1.84
2026-05-14,2026-05-14 20:01:00,MCL_EMA_Thrust_S,SELL,0,-195,61,0.0,0.2,7.12
2026-05-15,2026-05-15 04:14:00,MCL_Struct_Brk_L,BUY,1,630,2,0.0,0.24,2.02
2026-05-15,2026-05-15 05:57:00,MCL_EMA_Thrust_L,BUY,0,-1035,17,0.0,0.25,4.57
2026-05-15,2026-05-15 06:48:00,MCL_VWAP_Dip_L,BUY,1,630,24,0.0,0.33,3.89
2026-05-17,2026-05-17 21:01:00,MCL_EMA_Thrust_L,BUY,1,630,2,0.0,0.21,3.85
2026-05-18,2026-05-18 00:13:00,MCL_VWAP_Dip_L,BUY,1,30,61,0.0,0.16,2.11
2026-05-18,2026-05-18 11:31:00,MCL_Struct_Brk_L,BUY,1,624,57,0.0,0.49,1.7
2026-05-18,2026-05-18 20:05:00,MCL_EMA_Thrust_L,BUY,1,195,61,0.0,0.21,8.45
2026-05-18,2026-05-18 21:36:00,MCL_VWAP_Dip_L,BUY,1,630,60,0.0,0.21,1.47
2026-05-19,2026-05-19 02:29:00,MCL_Struct_Brk_L,BUY,1,630,17,0.0,0.24,2.69
2026-05-19,2026-05-19 23:02:00,MCL_Struct_Brk_L,BUY,0,-1035,56,0.0,0.22,1.6
2026-05-20,2026-05-20 11:16:00,MCL_EMA_Thrust_S,SELL,1,624,0,0.0,0.54,1.16
2026-05-20,2026-05-20 13:14:00,MCL_Struct_Brk_S,SELL,1,627,4,0.0,0.56,2.36
2026-05-20,2026-05-20 22:47:00,MCL_VWAP_Rip_S,SELL,0,-195,61,0.0,0.19,3.44
2026-05-21,2026-05-21 04:30:00,MCL_EMA_Thrust_S,SELL,0,-1035,9,0.0,0.35,3.41
2026-05-21,2026-05-21 09:09:00,MCL_Struct_Brk_L,BUY,1,630,2,0.0,0.37,3.49
2026-05-21,2026-05-21 18:01:00,MCL_EMA_Thrust_S,SELL,0,-240,61,0.0,0.35,4.26
2026-05-21,2026-05-21 19:29:00,MCL_Struct_Brk_S,SELL,0,-660,61,0.0,0.23,2.38
2026-05-21,2026-05-21 22:12:00,MCL_VWAP_Rip_S,SELL,1,630,30,0.0,0.17,1.51
2026-05-24,2026-05-24 19:39:00,MCL_Struct_Brk_S,SELL,0,-1035,21,0.0,0.36,2.31
2026-05-25,2026-05-25 03:03:00,MCL_EMA_Thrust_S,SELL,0,-1035,12,0.0,0.18,1.56
2026-05-25,2026-05-25 09:06:00,MCL_VWAP_Rip_S,SELL,1,300,61,0.0,0.28,1.15
2026-05-25,2026-05-25 20:04:00,MCL_VWAP_Rip_S,SELL,0,-975,61,0.0,0.2,2.54
2026-05-26,2026-05-26 18:02:00,MCL_EMA_Thrust_S,SELL,0,-270,61,0.0,0.17,1.62
2026-05-27,2026-05-27 04:42:00,MCL_Struct_Brk_S,SELL,1,630,9,0.0,0.29,1.79
2026-05-27,2026-05-27 10:34:00,MCL_VWAP_Rip_S,SELL,0,-1036,19,0.0,0.46,2.09
2026-05-27,2026-05-27 18:41:00,MCL_EMA_Thrust_S,SELL,0,-1035,45,0.0,0.2,3.61
2026-05-28,2026-05-28 04:01:00,MCL_Struct_Brk_S,SELL,1,165,61,0.0,0.25,5.25
2026-05-28,2026-05-28 06:51:00,MCL_VWAP_Rip_S,SELL,0,-900,61,0.0,0.24,3.49
2026-05-28,2026-05-28 18:05:00,MCL_Struct_Brk_S,SELL,0,-150,61,0.0,0.26,2.01
2026-05-28,2026-05-28 20:11:00,MCL_VWAP_Rip_S,SELL,1,630,14,0.0,0.19,2.58
2026-05-31,2026-05-31 18:02:00,MCL_VWAP_Rip_S,SELL,0,-1035,2,0.0,0.2,3.7
2026-05-31,2026-05-31 21:01:00,MCL_EMA_Thrust_S,SELL,0,-1035,48,0.0,0.21,9.29
2026-06-01,2026-06-01 10:19:00,MCL_EMA_Thrust_L,BUY,1,624,18,0.0,0.52,1.7
2026-06-01,2026-06-01 12:11:00,MCL_Struct_Brk_L,BUY,0,-1036,42,0.0,0.46,3.28
2026-06-01,2026-06-01 19:39:00,MCL_EMA_Thrust_S,SELL,1,630,1,0.0,0.13,3.55
2026-06-01,2026-06-01 21:13:00,MCL_Struct_Brk_S,SELL,1,315,61,0.0,0.23,3.17
2026-06-02,2026-06-02 03:04:00,MCL_VWAP_Rip_S,SELL,1,630,14,0.0,0.17,2.84
2026-06-02,2026-06-02 12:19:00,MCL_Struct_Brk_L,BUY,1,630,57,0.0,0.33,1.93
2026-06-02,2026-06-02 14:29:00,MCL_EMA_Thrust_L,BUY,0,-315,61,0.0,0.27,4.64
2026-06-02,2026-06-02 18:01:00,MCL_EMA_Thrust_L,BUY,1,630,50,0.0,0.14,5.12
2026-06-02,2026-06-02 19:46:00,MCL_VWAP_Dip_L,BUY,0,-1035,14,0.0,0.37,1.3
2026-06-02,2026-06-02 21:05:00,MCL_Struct_Brk_L,BUY,0,-150,61,0.0,0.3,3.13
2026-06-03,2026-06-03 18:01:00,MCL_VWAP_Dip_L,BUY,0,-1035,33,0.0,0.2,4.77
2026-06-04,2026-06-04 01:47:00,MCL_EMA_Thrust_L,BUY,0,-210,61,0.0,0.15,3.75
2026-06-04,2026-06-04 04:01:00,MCL_Struct_Brk_L,BUY,0,-1035,9,0.0,0.22,3.79
2026-06-04,2026-06-04 18:01:00,MCL_VWAP_Dip_L,BUY,0,0,61,0.0,0.14,6.92
2026-06-04,2026-06-04 20:01:00,MCL_EMA_Thrust_L,BUY,0,-570,61,0.0,0.09,7.24
2026-06-05,2026-06-05 06:42:00,MCL_Struct_Brk_L,BUY,1,630,37,0.0,0.28,2.27
2026-06-05,2026-06-05 09:53:00,MCL_EMA_Thrust_S,SELL,1,630,9,0.0,0.34,2.21
2026-06-05,2026-06-05 11:14:00,MCL_Struct_Brk_S,SELL,1,630,23,0.0,0.34,2.47
2026-06-07,2026-06-07 21:35:00,MCL_EMA_Thrust_L,BUY,0,-1035,10,0.0,0.4,2.11
2026-06-07,2026-06-07 22:29:00,MCL_Struct_Brk_L,BUY,0,-1035,17,0.0,0.34,2.8
2026-06-08,2026-06-08 08:43:00,MCL_EMA_Thrust_S,SELL,1,630,39,0.0,0.42,2.22
2026-06-08,2026-06-08 09:23:00,MCL_Struct_Brk_S,SELL,1,630,9,0.0,0.39,3.83
2026-06-08,2026-06-08 19:00:00,MCL_VWAP_Rip_S,SELL,0,-105,61,0.0,0.14,2.06
2026-06-08,2026-06-08 20:07:00,MCL_EMA_Thrust_S,SELL,1,630,21,0.0,0.11,2.77
2026-06-09,2026-06-09 04:09:00,MCL_Struct_Brk_S,SELL,1,630,9,0.0,0.23,1.64
2026-06-09,2026-06-09 18:01:00,MCL_VWAP_Rip_S,SELL,1,630,4,0.0,0.2,17.53
2026-06-09,2026-06-09 18:14:00,MCL_EMA_Thrust_S,SELL,0,-330,61,0.0,0.32,2.74
2026-06-10,2026-06-10 03:15:00,MCL_Struct_Brk_S,SELL,0,-1035,20,0.0,0.22,2.25
2026-06-10,2026-06-10 18:45:00,MCL_EMA_Thrust_L,BUY,1,630,8,0.0,0.28,3.82
2026-06-10,2026-06-10 19:21:00,MCL_VWAP_Dip_L,BUY,0,-1035,54,0.0,0.37,6.5
2026-06-11,2026-06-11 01:09:00,MCL_EMA_Thrust_S,SELL,1,630,34,0.0,0.18,2.92
2026-06-11,2026-06-11 03:24:00,MCL_Struct_Brk_S,SELL,1,630,6,0.0,0.24,2.86
2026-06-11,2026-06-11 08:23:00,MCL_VWAP_Rip_S,SELL,1,630,2,0.0,0.28,7.78
2026-06-11,2026-06-11 18:01:00,MCL_EMA_Thrust_S,SELL,1,630,4,0.0,0.34,6.01
2026-06-12,2026-06-12 00:49:00,MCL_VWAP_Rip_S,SELL,1,630,50,0.0,0.15,2.54
2026-06-12,2026-06-12 05:17:00,MCL_Struct_Brk_S,SELL,0,-1035,43,0.0,0.35,1.85
2026-06-14,2026-06-14 19:50:00,MCL_Struct_Brk_S,SELL,1,630,20,0.0,0.25,1.66
2026-06-14,2026-06-14 20:43:00,MCL_VWAP_Rip_S,SELL,1,630,39,0.0,0.22,1.56
2026-06-15,2026-06-15 18:01:00,MCL_EMA_Thrust_S,SELL,0,-285,61,0.0,0.14,2.89
2026-06-16,2026-06-16 10:23:00,MCL_Struct_Brk_S,SELL,1,630,17,0.0,0.23,2.36
2026-06-16,2026-06-16 21:01:00,MCL_EMA_Thrust_S,SELL,1,540,61,0.0,0.1,5.12
2026-06-17,2026-06-17 04:01:00,MCL_VWAP_Rip_S,SELL,0,-1035,30,0.0,0.28,2.59
2026-06-17,2026-06-17 13:22:00,MCL_Struct_Brk_S,SELL,0,-480,61,0.0,0.29,2.99
2026-06-17,2026-06-17 18:05:00,MCL_VWAP_Rip_S,SELL,0,-135,61,0.0,0.18,2.0
2026-06-17,2026-06-17 20:01:00,MCL_EMA_Thrust_S,SELL,0,-330,61,0.0,0.14,8.77
2026-06-18,2026-06-18 04:06:00,MCL_Struct_Brk_S,SELL,0,-105,61,0.0,0.24,2.13
2026-06-18,2026-06-18 18:01:00,MCL_EMA_Thrust_S,SELL,1,15,61,0.0,0.15,2.29
2026-06-19,2026-06-19 04:30:00,MCL_Struct_Brk_S,SELL,1,135,61,0.0,0.25,6.5
2026-06-19,2026-06-19 05:45:00,MCL_VWAP_Rip_S,SELL,0,-330,61,0.0,0.23,1.42
2026-06-21,2026-06-21 22:31:00,MCL_Struct_Brk_S,SELL,0,-675,61,0.0,0.23,2.64
2026-06-22,2026-06-22 02:03:00,MCL_EMA_Thrust_S,SELL,0,-255,61,0.0,0.14,1.26
2026-06-22,2026-06-22 04:12:00,MCL_VWAP_Rip_S,SELL,1,630,15,0.0,0.22,1.38
2026-06-22,2026-06-22 18:01:00,MCL_VWAP_Rip_S,SELL,0,-150,61,0.0,0.11,5.31
2026-06-22,2026-06-22 21:01:00,MCL_EMA_Thrust_S,SELL,1,300,61,0.0,0.1,4.21
2026-06-23,2026-06-23 10:02:00,MCL_Struct_Brk_S,SELL,0,-750,61,0.0,0.22,2.11
2026-06-23,2026-06-23 20:01:00,MCL_EMA_Thrust_S,SELL,1,15,61,0.0,0.09,12.49
2026-06-23,2026-06-23 21:20:00,MCL_VWAP_Rip_S,SELL,0,-165,61,0.0,0.13,2.41
2026-06-24,2026-06-24 08:20:00,MCL_Struct_Brk_S,SELL,1,630,43,0.0,0.22,2.17
2026-06-24,2026-06-24 18:02:00,MCL_EMA_Thrust_S,SELL,0,-150,61,0.0,0.11,2.59
2026-06-25,2026-06-25 02:13:00,MCL_VWAP_Rip_S,SELL,0,-585,61,0.0,0.12,1.82
2026-06-25,2026-06-25 20:01:00,MCL_EMA_Thrust_S,SELL,0,-465,61,0.0,0.08,7.49
2026-06-26,2026-06-26 07:51:00,MCL_VWAP_Rip_S,SELL,1,630,18,0.0,0.17,3.03
2026-06-26,2026-06-26 09:52:00,MCL_Struct_Brk_S,SELL,1,630,35,0.0,0.26,2.41
2026-06-28,2026-06-28 18:01:00,MCL_VWAP_Rip_S,SELL,1,630,3,0.0,0.21,12.32
2026-06-28,2026-06-28 19:04:00,MCL_Struct_Brk_S,SELL,1,630,58,0.0,0.22,1.76
2026-06-29,2026-06-29 18:01:00,MCL_EMA_Thrust_S,SELL,1,300,61,0.0,0.09,6.65
2026-06-29,2026-06-29 19:26:00,MCL_VWAP_Rip_S,SELL,0,-180,61,0.0,0.07,4.06
2026-06-30,2026-06-30 18:02:00,MCL_EMA_Thrust_S,SELL,0,-75,61,0.0,0.09,1.57
2026-07-01,2026-07-01 18:01:00,MCL_VWAP_Rip_S,SELL,1,75,61,0.0,0.09,3.09
2026-07-01,2026-07-01 20:03:00,MCL_EMA_Thrust_S,SELL,1,195,61,0.0,0.06,2.87
2026-07-02,2026-07-02 18:01:00,MCL_EMA_Thrust_S,SELL,0,-90,61,0.0,0.07,8.18
2026-07-03,2026-07-03 04:59:00,MCL_VWAP_Rip_S,SELL,1,60,61,0.0,0.16,2.76
2026-07-05,2026-07-05 18:01:00,MCL_EMA_Thrust_S,SELL,1,240,61,0.0,0.11,8.2
2026-07-05,2026-07-05 21:14:00,MCL_VWAP_Rip_S,SELL,0,-705,61,0.0,0.12,3.36
2026-07-06,2026-07-06 20:02:00,MCL_EMA_Thrust_S,SELL,0,-300,61,0.0,0.05,3.48
2026-07-07,2026-07-07 03:01:00,MCL_EMA_Thrust_L,BUY,0,-135,61,0.0,0.1,7.8
2026-07-07,2026-07-07 08:42:00,MCL_VWAP_Rip_S,SELL,0,-1035,41,0.0,0.13,3.28
2026-07-07,2026-07-07 18:01:00,MCL_EMA_Thrust_L,BUY,0,0,61,0.0,0.17,12.26
2026-07-07,2026-07-07 19:15:00,MCL_VWAP_Dip_L,BUY,1,120,61,0.0,0.13,1.32
2026-07-08,2026-07-08 07:24:00,MCL_Struct_Brk_L,BUY,0,-1035,19,0.0,0.27,1.84
2026-07-08,2026-07-08 23:10:00,MCL_VWAP_Dip_L,BUY,0,-150,61,0.0,0.15,1.56
2026-07-09,2026-07-09 07:31:00,MCL_EMA_Thrust_L,BUY,0,-495,61,0.0,0.23,2.75
2026-07-09,2026-07-09 18:08:00,MCL_VWAP_Dip_L,BUY,1,420,61,0.0,0.13,14.62
2026-07-09,2026-07-09 20:01:00,MCL_EMA_Thrust_L,BUY,0,-120,61,0.0,0.1,12.6
2026-07-10,2026-07-10 09:18:00,MCL_Struct_Brk_L,BUY,0,-1035,34,0.0,0.22,1.73
2026-07-12,2026-07-12 21:01:00,MCL_EMA_Thrust_L,BUY,0,-45,61,0.0,0.17,3.24
2026-07-13,2026-07-13 08:54:00,MCL_VWAP_Dip_L,BUY,0,-105,61,0.0,0.19,3.06
2026-07-13,2026-07-13 19:31:00,MCL_Struct_Brk_L,BUY,1,630,13,0.0,0.25,2.46
2026-07-13,2026-07-13 20:02:00,MCL_VWAP_Dip_L,BUY,1,630,2,0.0,0.28,1.14
2026-07-14,2026-07-14 18:01:00,MCL_VWAP_Dip_L,BUY,1,630,10,0.0,0.18,2.37
2026-07-15,2026-07-15 05:49:00,MCL_Struct_Brk_L,BUY,0,-45,61,0.0,0.23,2.86
2026-07-15,2026-07-15 09:31:00,MCL_EMA_Thrust_L,BUY,0,-1035,26,0.0,0.22,2.69
2026-07-15,2026-07-15 18:01:00,MCL_VWAP_Dip_L,BUY,1,630,29,0.0,0.16,6.21
2026-07-15,2026-07-15 18:55:00,MCL_EMA_Thrust_L,BUY,0,-405,61,0.0,0.16,4.24
2026-07-16,2026-07-16 08:22:00,MCL_Struct_Brk_L,BUY,1,630,3,0.0,0.23,4.78
2026-07-16,2026-07-16 18:01:00,MCL_VWAP_Dip_L,BUY,1,60,61,0.0,0.15,2.73
2026-07-16,2026-07-16 21:01:00,MCL_EMA_Thrust_L,BUY,0,0,61,0.0,0.11,4.77
2026-07-17,2026-07-17 09:52:00,MCL_Struct_Brk_L,BUY,0,-900,61,0.0,0.23,1.94
2026-07-20,2026-07-20 02:30:00,MCL_VWAP_Dip_L,BUY,0,-1035,59,0.0,0.15,4.87
2026-07-20,2026-07-20 18:01:00,MCL_EMA_Thrust_L,BUY,1,165,61,0.0,0.14,4.69
2026-07-21,2026-07-21 03:38:00,MCL_VWAP_Dip_L,BUY,0,-1035,26,0.0,0.18,1.24
2026-07-21,2026-07-21 06:47:00,MCL_Struct_Brk_L,BUY,1,630,20,0.0,0.29,2.22
2026-07-21,2026-07-21 19:06:00,MCL_VWAP_Dip_L,BUY,0,-150,61,0.0,0.09,1.3
2026-07-21,2026-07-21 21:01:00,MCL_EMA_Thrust_L,BUY,1,630,5,0.0,0.11,8.31
2026-07-22,2026-07-22 03:29:00,MCL_Struct_Brk_L,BUY,1,630,7,0.0,0.23,1.75
2026-07-22,2026-07-22 21:01:00,MCL_EMA_Thrust_L,BUY,1,630,28,0.0,0.21,3.57
2026-07-22,2026-07-22 21:37:00,MCL_VWAP_Dip_L,BUY,1,225,61,0.0,0.23,2.12
2026-07-23,2026-07-23 05:08:00,MCL_Struct_Brk_L,BUY,1,630,12,0.0,0.29,2.18
2026-07-23,2026-07-23 20:01:00,MCL_EMA_Thrust_L,BUY,1,630,13,0.0,0.16,5.52
