Date,Macro_Rng_Ratio,Macro_IB_Ext,Macro_Ses_RVol,Macro_VIX,Macro_Gap,Macro_VwP_D,Macro_SMA_D,Macro_Auc_V,Regime_Label
2010-10-19,67.5,1.0,0.0,21.28,36.83,-0.87,0.0,0.06,2
2010-10-21,9.16,1.0,0.0,20.89,-0.32,-0.5,0.0,0.24,1
2010-10-22,7.82,2.0,0.0,20.62,1.27,0.24,0.0,1.0,1
2010-10-25,12.7,1.0,0.0,19.97,8.8,0.24,0.0,0.69,1
2010-10-26,7.93,3.0,0.0,20.2,1.73,0.3,0.0,0.79,1
2010-10-28,36.2,1.0,0.0,20.69,9.0,0.55,0.0,0.92,1
2010-10-29,25.89,0.0,0.0,21.14,-0.44,0.66,0.0,0.86,1
2010-11-01,20.38,1.0,0.0,22.56,2.5,-0.4,0.0,0.1,1
2010-11-02,9.44,1.0,0.0,21.66,2.78,0.11,0.0,0.65,1
2010-11-03,7.59,1.0,0.0,20.86,-0.33,0.2,0.0,0.51,1
2010-11-04,4.4,1.0,0.0,20.91,1.12,1.08,0.0,1.0,1
2010-11-05,9.78,0.0,0.0,20.85,4.3,0.55,0.0,0.92,1
2010-11-08,8.8,0.0,0.0,22.31,-1.08,0.9,0.0,0.89,1
2010-11-09,2.07,1.0,0.0,24.28,0.33,-1.47,0.0,0.06,1
2010-11-10,11.36,1.0,0.0,23.9,-2.91,0.46,0.0,0.59,1
2010-11-11,0.85,1.0,0.56,23.04,-0.08,0.16,0.0,0.54,0
2010-11-12,2.43,1.0,1.32,23.64,0.32,-0.67,0.0,0.19,1
2010-11-15,0.88,1.0,0.87,23.19,0.13,-0.78,0.0,0.02,0
2010-11-16,1.53,1.0,0.78,23.56,-0.41,-0.39,0.0,0.35,1
2010-11-17,0.55,1.0,0.9,22.1,-0.12,-0.13,0.0,0.31,0
2010-11-18,0.76,1.0,0.76,21.38,0.24,0.13,0.0,0.71,1
2010-11-19,0.87,0.0,0.61,20.19,0.27,0.18,0.0,0.57,1
2010-11-22,0.79,2.0,0.61,20.3,0.29,0.65,0.0,1.0,1
2010-11-23,1.21,1.0,0.8,21.35,-0.01,0.42,0.0,0.73,0
2010-11-29,0.67,0.0,0.45,21.42,-0.14,0.4,0.0,0.94,0
2010-11-30,1.27,1.0,0.44,22.3,-0.05,0.39,0.0,0.87,0
2010-12-01,0.58,1.0,0.51,22.72,0.24,-0.12,0.0,0.36,1
2010-12-02,0.67,1.0,0.73,21.97,0.18,-0.17,0.0,0.12,0
2010-12-03,1.22,1.0,0.86,20.67,0.04,0.87,0.0,1.0,0
2010-12-06,0.8,2.0,1.32,20.78,-0.16,0.5,0.0,0.83,0
2010-12-07,1.6,1.0,2.2,20.86,-0.14,-1.34,0.0,0.0,1
2010-12-08,1.51,0.0,1.39,21.03,0.01,-0.35,0.0,0.35,0
2010-12-09,0.62,1.0,1.33,20.04,0.01,-0.2,0.0,0.28,0
2010-12-10,0.95,0.0,2.9,19.62,-0.18,0.35,0.0,0.7,1
2010-12-13,0.72,2.0,1.26,17.15,0.01,-0.03,0.0,0.66,0
2010-12-14,1.06,2.0,0.84,17.15,-0.55,-0.35,0.0,0.43,1
2010-12-15,0.88,2.0,1.67,16.9,0.02,-0.62,0.0,0.0,0
2010-12-16,1.21,1.0,1.45,17.41,0.07,-0.1,0.0,0.38,0
2010-12-17,0.71,1.0,0.69,16.29,0.03,0.31,0.0,0.86,0
2010-12-20,0.59,0.0,0.55,16.3,0.14,-0.01,0.0,0.66,0
2010-12-21,0.53,1.0,0.49,16.58,0.03,-0.03,0.0,0.44,0
2010-12-22,0.4,1.0,0.39,16.28,-0.04,-0.31,0.0,0.0,0
2010-12-23,0.88,1.0,0.83,16.12,0.05,0.04,0.0,0.42,0
2010-12-27,0.62,2.0,0.28,17.27,-0.38,0.21,1.07,0.94,1
2010-12-28,1.47,0.0,0.65,18.57,0.23,0.28,2.58,0.95,1
2010-12-29,0.7,0.0,0.56,19.52,-0.02,0.27,2.88,0.78,0
2010-12-30,0.65,1.0,0.37,19.66,-0.01,-0.19,2.34,0.17,0
2010-12-31,0.86,1.0,0.31,19.49,0.17,0.34,3.35,0.94,0
2011-01-03,0.6,1.0,0.84,18.94,-0.37,-0.39,2.73,0.0,1
2011-01-04,2.66,1.0,1.21,18.8,0.06,-0.79,0.17,0.14,1
2011-01-05,1.16,1.0,1.12,18.74,0.18,0.27,-0.16,0.61,0
2011-01-06,0.81,0.0,0.89,19.24,0.24,-0.02,-0.61,0.46,1
2011-01-07,1.67,1.0,1.27,18.54,0.48,0.25,-0.72,0.64,1
2011-01-10,0.6,1.0,0.6,18.36,0.12,0.2,-0.58,0.75,0
2011-01-11,0.78,0.0,0.93,17.49,0.36,0.12,-0.04,0.68,1
2011-01-12,0.7,1.0,0.8,16.97,-0.02,0.39,0.32,0.87,0
2011-01-13,1.44,1.0,1.3,17.98,-0.09,-0.71,-0.76,0.16,0
2011-01-14,1.29,0.0,1.3,18.64,0.13,-0.12,-1.72,0.24,0
2011-01-18,1.06,1.0,0.83,17.66,0.09,-0.18,-1.37,0.45,0
2011-01-19,0.72,1.0,0.8,18.01,0.08,-0.23,-1.05,0.25,0
2011-01-20,1.61,1.0,1.28,18.39,-0.08,-0.42,-2.79,0.07,0
2011-01-21,0.68,0.0,0.72,18.58,0.08,-0.11,-2.97,0.36,0
2011-01-24,1.11,1.0,0.78,19.01,0.23,-0.61,-3.38,0.05,0
2011-01-25,0.8,2.0,1.16,18.79,0.14,0.35,-3.41,0.8,0
2011-01-26,1.11,2.0,0.63,18.86,0.01,0.81,-2.6,1.0,0
2011-01-27,2.21,1.0,0.58,18.66,-0.02,-1.52,-4.9,0.01,1
2011-01-28,2.28,1.0,6.07,18.39,-0.35,0.36,-3.05,0.67,1
2011-01-31,1.28,1.0,4.11,18.15,0.24,0.05,-3.27,0.36,1
2011-02-01,1.01,1.0,3.16,17.5,0.05,0.4,-2.6,0.85,1
2011-02-02,0.96,1.0,2.2,17.15,0.05,0.15,-2.89,0.58,1
2011-02-03,1.84,1.0,3.31,17.67,0.0,1.13,-1.57,0.95,1
2011-02-04,0.89,1.0,1.19,16.99,-0.03,-0.18,-1.93,0.26,0
2011-02-07,0.48,0.0,0.57,16.16,-0.05,0.02,-1.85,0.54,0
2011-02-08,1.21,0.0,0.93,15.78,0.06,0.26,-0.75,0.81,0
2011-02-09,0.53,2.0,0.63,15.85,-0.09,-0.07,-0.9,0.45,0
2011-02-10,0.96,1.0,0.84,15.62,-0.05,0.23,-0.96,0.69,0
2011-02-11,0.97,1.0,1.01,15.73,0.13,-0.46,-1.31,0.14,0
2011-02-14,0.83,0.0,0.49,15.58,-0.22,-0.01,-0.87,0.6,0
2011-02-15,1.0,1.0,0.56,15.2,-0.18,0.03,-0.02,0.73,0
2011-02-16,0.96,1.0,0.87,15.08,-0.01,0.08,0.2,0.52,0
2011-02-17,0.77,1.0,0.38,15.15,0.04,0.15,0.86,0.85,0
2011-02-18,0.75,0.0,0.53,16.29,0.05,0.04,1.13,0.49,0
2011-02-22,1.48,3.0,1.13,16.81,0.17,-0.24,1.91,0.35,1
2011-02-23,2.16,1.0,0.71,18.09,-0.57,0.14,2.84,0.81,1
2011-02-24,1.94,1.0,1.0,16.87,-0.02,-0.72,1.91,0.25,0
2011-02-25,0.82,0.0,0.51,15.55,-0.89,0.14,2.6,0.7,1
2011-02-28,0.77,1.0,0.46,16.17,0.07,0.01,2.86,0.61,0
2011-03-01,1.98,1.0,0.63,17.29,-0.08,0.69,4.49,0.98,0
2011-03-02,0.91,1.0,1.15,17.9,-0.07,-0.04,4.4,0.55,0
2011-03-03,1.92,1.0,1.15,17.62,-0.08,-0.61,2.88,0.2,0
2011-03-04,1.34,0.0,0.64,17.6,-0.17,0.44,3.81,0.8,0
2011-03-07,1.36,2.0,1.88,17.79,-0.2,-0.2,4.03,0.35,1
2011-03-08,0.99,0.0,1.25,17.28,-0.13,-0.01,3.72,0.43,0
2011-03-09,1.0,2.0,1.14,16.54,0.03,-0.07,3.67,0.48,0
2011-03-10,2.37,0.0,2.58,17.2,0.15,-0.2,2.37,0.34,1
2011-03-11,1.48,1.0,1.12,17.66,0.02,0.27,2.67,0.62,0
2011-03-14,1.08,0.0,0.67,17.98,0.26,-0.08,3.2,0.37,1
2011-03-15,3.55,2.0,2.2,18.97,0.05,-0.06,1.19,0.35,1
2011-03-16,0.96,0.0,0.92,18.79,0.37,-0.27,1.19,0.3,1
2011-03-17,1.32,2.0,0.48,17.88,0.03,0.38,1.77,0.93,0
2011-03-18,1.48,1.0,0.81,18.11,-0.04,0.16,2.82,0.77,0
2011-03-21,0.81,1.0,0.37,17.17,0.53,-0.16,3.36,0.35,1
2011-03-22,0.84,1.0,0.41,16.66,-0.01,0.08,3.21,0.55,0
2011-03-23,1.14,0.0,0.32,16.84,0.15,0.33,4.13,0.93,0
2011-03-24,1.82,1.0,0.58,17.52,0.08,-0.8,3.14,0.15,0
2011-03-25,1.21,0.0,0.37,16.78,0.16,-0.23,3.1,0.39,0
2011-03-28,1.41,2.0,0.4,17.07,-0.15,0.17,2.44,0.53,0
2011-03-29,0.87,1.0,0.16,16.44,0.06,0.06,2.23,0.54,0
2011-03-30,1.5,0.0,0.83,15.95,0.37,0.08,2.56,0.56,1
2011-03-31,1.47,1.0,0.54,17.14,0.01,0.07,3.34,0.7,0
2011-04-01,1.93,1.0,1.79,16.32,0.19,0.22,2.7,0.61,1
2011-04-04,0.78,1.0,0.61,15.88,0.05,-0.04,3.06,0.49,0
2011-04-05,2.11,1.0,1.24,16.22,0.24,0.96,4.58,0.99,1
2011-04-06,0.8,1.0,0.98,16.11,0.41,0.23,4.68,0.83,1
2011-04-07,0.85,1.0,0.64,15.76,0.15,0.11,4.49,0.58,0
2011-04-08,1.59,1.0,0.91,15.45,0.03,0.3,5.31,0.98,0
2011-04-11,1.31,2.0,1.02,15.03,0.12,-0.35,4.24,0.18,0
2011-04-12,1.78,0.0,1.59,15.78,-0.2,-0.14,3.33,0.38,1
2011-04-13,0.82,1.0,0.69,14.84,0.05,-0.03,3.46,0.54,0
2011-04-14,1.76,1.0,1.2,14.95,-0.02,0.65,4.53,1.0,0
2011-04-15,1.22,0.0,1.04,15.77,0.05,0.51,5.2,0.96,0
2011-04-18,1.53,1.0,1.87,16.82,-0.05,0.48,5.63,0.94,0
2011-04-19,0.85,0.0,0.79,16.34,-0.05,0.18,5.43,0.74,0
2011-04-20,0.97,1.0,1.09,16.43,-0.07,0.07,5.58,0.67,0
2011-04-21,0.69,2.0,0.75,15.7,0.3,0.01,5.64,0.59,1
2011-04-25,1.31,2.0,1.1,18.22,0.36,-0.27,5.49,0.27,1
2011-04-26,1.33,1.0,1.17,17.3,0.1,0.05,4.89,0.55,0
2011-04-27,2.61,1.0,1.29,17.46,0.07,0.97,6.71,1.0,1
2011-04-28,1.09,1.0,1.24,17.91,0.06,0.33,6.9,0.84,0
2011-04-29,2.8,1.0,0.94,20.01,-0.09,0.96,8.51,0.83,1
2011-05-02,2.5,1.0,1.7,20.78,0.28,-0.82,6.87,0.06,1
2011-05-03,1.64,2.0,1.31,19.74,-0.38,-0.18,6.22,0.43,1
2011-05-04,2.45,1.0,1.34,19.89,0.08,-0.61,4.42,0.22,1
2011-05-05,3.79,0.0,2.11,22.77,-0.04,-1.54,1.2,0.13,1
2011-05-06,1.86,0.0,1.36,21.48,-0.42,0.27,2.54,0.78,1
2011-05-09,1.35,1.0,0.88,19.95,0.19,0.47,3.86,0.91,0
2011-05-10,0.74,1.0,0.8,19.2,-0.11,0.24,4.05,0.77,0
2011-05-11,1.75,2.0,1.39,19.54,0.07,-0.32,3.03,0.26,0
2011-05-12,1.74,1.0,1.47,19.13,-0.07,0.63,2.85,0.83,0
2011-05-13,1.94,1.0,0.86,19.78,0.01,-0.54,2.05,0.3,0
2011-05-16,1.06,0.0,0.55,19.39,-0.1,-0.23,1.89,0.35,0
2011-05-17,1.46,0.0,0.93,18.91,0.05,0.16,1.29,0.49,0
2011-05-18,1.15,1.0,0.62,17.98,-0.26,-0.09,1.82,0.65,1
2011-05-19,0.75,1.0,0.64,17.37,0.02,0.27,1.91,0.73,0
2011-05-20,1.75,1.0,0.85,17.54,0.12,0.69,3.03,0.92,0
2011-05-23,0.92,1.0,0.74,18.35,-0.05,0.31,3.15,0.81,0
2011-05-24,0.89,1.0,0.71,17.76,0.02,0.1,3.57,0.78,0
2011-05-25,0.67,3.0,0.45,17.47,-0.02,-0.14,3.39,0.28,0
2011-05-26,0.89,1.0,0.48,16.54,0.11,0.03,2.97,0.44,0
2011-05-27,1.08,1.0,0.29,16.71,-0.02,0.25,3.85,0.84,0
2011-05-31,0.53,9.0,0.42,16.8,0.05,-0.1,3.63,0.33,1
2011-06-01,1.42,2.0,0.74,17.54,0.0,-0.13,3.72,0.45,0
2011-06-02,1.64,2.0,0.59,17.22,0.05,0.0,3.19,0.58,0
2011-06-03,1.57,0.0,0.52,16.97,-0.03,0.21,3.55,0.74,0
2011-06-06,1.03,1.0,0.44,18.0,-0.2,-0.34,3.53,0.3,0
2011-06-07,0.91,0.0,0.37,16.83,-0.01,0.07,3.43,0.56,0
2011-06-08,1.36,0.0,0.62,16.55,0.18,-0.05,2.76,0.45,0
2011-06-09,1.18,1.0,0.78,16.1,0.07,0.24,3.18,0.71,0
2011-06-10,1.78,0.0,0.98,16.52,0.22,-0.08,2.11,0.24,1
2011-06-13,1.63,1.0,1.02,16.95,0.01,-0.38,0.97,0.29,0
2011-06-14,1.01,1.0,0.82,15.62,0.06,0.38,1.4,0.9,0
2011-06-15,1.47,1.0,1.43,17.21,0.35,0.41,1.63,0.79,1
2011-06-16,0.92,0.0,0.94,17.65,-0.12,0.09,1.39,0.62,0
2011-06-17,1.45,1.0,1.0,17.08,0.12,0.29,2.01,0.87,0
2011-06-21,1.14,1.0,0.56,15.94,-0.38,0.12,2.26,0.75,1
2011-06-22,1.54,1.0,1.28,16.19,0.05,-0.12,2.38,0.53,0
2011-06-23,2.97,0.0,2.78,16.95,-0.18,-0.24,0.49,0.31,1
2011-06-24,2.01,0.0,2.11,17.7,0.01,-0.71,-1.08,0.09,1
2011-06-27,1.03,1.0,1.25,17.39,-0.25,-0.16,-1.48,0.34,1
2011-06-28,0.73,0.0,0.63,16.72,-0.09,-0.03,-1.15,0.46,0
2011-06-29,0.91,1.0,0.87,15.82,0.04,0.2,-0.51,0.81,0
2011-06-30,1.11,1.0,1.09,15.48,-0.02,-0.5,-1.3,0.0,0
2011-07-01,1.84,0.0,1.4,15.13,0.04,-0.07,-2.09,0.39,0
2011-07-05,2.13,5.0,1.29,14.97,-0.02,0.65,-0.32,0.92,1
2011-07-06,1.94,0.0,1.58,15.88,0.21,0.39,0.66,0.84,1
2011-07-07,0.79,1.0,0.88,15.32,0.01,0.18,0.77,0.77,0
2011-07-08,1.39,0.0,1.21,15.02,0.04,0.33,1.49,0.87,0
2011-07-11,1.02,0.0,1.51,16.27,-0.13,0.45,2.3,0.9,0
2011-07-12,2.19,1.0,1.96,17.38,-0.07,0.84,3.12,0.84,1
2011-07-13,1.57,0.0,1.91,18.36,-0.11,0.19,3.98,0.72,1
2011-07-14,0.96,0.0,1.98,18.09,0.08,-0.05,4.29,0.5,0
2011-07-15,1.17,1.0,1.26,17.02,0.13,0.49,4.63,0.98,0
2011-07-18,1.46,1.0,1.26,18.93,-0.43,0.43,5.43,0.97,1
2011-07-19,1.9,1.0,1.21,18.1,-0.04,-0.57,4.08,0.2,0
2011-07-20,1.32,1.0,0.82,17.84,-0.01,0.62,4.71,0.98,0
2011-07-21,1.33,1.0,0.88,17.43,0.01,-0.29,3.93,0.3,0
2011-07-22,1.62,1.0,0.5,17.0,-0.14,0.3,4.61,0.81,0
2011-07-25,1.61,1.0,0.93,18.56,0.16,0.0,5.28,0.48,0
2011-07-26,0.78,1.0,0.71,18.62,0.0,0.41,5.42,0.98,0
2011-07-27,1.34,2.0,0.58,19.18,-0.07,-0.47,4.8,0.19,0
2011-07-28,0.98,1.0,0.54,19.01,0.15,0.24,4.87,0.77,0
2011-07-29,1.49,0.0,0.76,19.29,0.0,0.05,5.42,0.66,0
2011-08-01,1.59,1.0,0.87,19.57,-0.19,-0.19,4.73,0.38,1
2011-08-02,2.94,1.0,1.15,19.34,-0.06,1.06,7.16,0.96,1
2011-08-03,1.32,1.0,0.97,19.75,0.07,-0.41,7.01,0.3,0
2011-08-04,2.62,0.0,2.55,22.34,0.3,-0.71,6.25,0.23,1
2011-08-05,1.83,1.0,1.47,21.9,0.16,0.26,6.85,0.7,1
2011-08-08,2.87,1.0,2.38,27.92,0.46,0.72,10.12,0.91,1
2011-08-09,3.22,0.0,4.15,31.7,-0.15,-0.78,10.94,0.26,1
2011-08-10,2.8,1.0,2.55,31.81,0.05,1.28,14.5,0.92,1
2011-08-11,3.54,2.0,3.08,29.78,0.1,-0.89,11.69,0.29,1
2011-08-12,1.86,1.0,1.25,25.88,0.02,0.11,10.94,0.54,1
2011-08-15,1.47,0.0,0.6,24.73,-0.19,1.08,11.66,0.95,1
2011-08-16,1.03,1.0,0.95,26.4,-0.07,0.52,12.81,0.96,1
2011-08-17,0.59,0.0,0.68,25.14,0.06,0.27,12.81,0.8,1
2011-08-18,1.75,2.0,0.97,26.52,-0.01,0.64,14.41,0.87,1
2011-08-19,2.14,0.0,1.62,28.61,0.01,-0.15,15.66,0.47,1
2011-08-22,1.79,3.0,1.08,32.66,0.16,0.94,18.02,0.93,1
2011-08-23,3.07,1.0,2.08,33.53,0.08,-2.6,13.15,0.01,1
2011-08-24,3.43,1.0,1.94,33.17,0.07,-2.14,8.85,0.13,1
2011-08-25,2.2,1.0,1.39,33.96,-0.28,1.79,8.99,0.94,1
2011-08-26,1.94,1.0,1.3,32.29,-0.09,2.22,11.95,1.0,1
2011-08-29,1.73,0.0,0.8,32.79,0.19,-0.82,9.29,0.16,1
2011-08-30,1.71,1.0,0.59,31.8,0.03,1.14,12.23,0.95,1
2011-08-31,0.82,0.0,0.52,30.51,-0.06,-0.06,10.99,0.52,1
2011-09-01,0.52,1.0,0.52,28.07,0.05,0.17,10.65,0.76,1
2011-09-02,1.87,1.0,0.58,30.19,0.0,0.96,13.56,0.93,1
2011-09-06,5.47,4.0,1.62,34.17,-0.11,-0.05,12.95,0.76,1
2011-09-07,2.65,2.0,0.94,33.97,-0.1,-0.39,8.86,0.31,1
2011-09-08,1.62,1.0,0.9,34.15,0.01,1.12,11.35,0.95,1
2011-09-09,1.85,1.0,1.4,37.4,0.05,0.12,10.19,0.55,1
2011-09-12,1.62,1.0,1.07,37.64,0.13,-1.02,7.31,0.21,1
2011-09-13,1.33,1.0,0.77,32.54,0.02,0.64,8.12,0.81,1
2011-09-14,0.95,1.0,0.77,29.76,0.1,-0.32,6.75,0.28,1
2011-09-15,1.73,1.0,0.77,29.6,0.01,-0.13,4.65,0.42,1
2011-09-16,1.61,0.0,0.72,28.85,-0.16,0.85,5.36,0.76,1
2011-09-19,1.56,1.0,0.56,30.71,0.05,-1.11,3.44,0.18,1
2011-09-20,1.12,1.0,0.44,30.4,-0.11,0.73,4.6,0.85,1
2011-09-21,1.06,2.0,0.63,29.95,-0.01,-0.79,3.06,0.15,1
2011-09-22,1.78,1.0,1.4,32.27,-0.04,-0.51,0.04,0.24,1
2011-09-23,3.3,1.0,2.34,39.43,0.02,-2.66,-5.51,0.11,1
2011-09-26,3.09,1.0,1.63,40.36,-0.08,0.91,-6.92,0.67,1
2011-09-27,1.44,2.0,0.76,36.03,-0.04,-0.09,-5.18,0.57,1
2011-09-28,1.62,1.0,0.84,39.72,-0.11,-1.86,-7.79,0.1,1
2011-09-29,1.15,1.0,0.71,37.93,0.07,0.25,-7.13,0.67,1
2011-09-30,0.8,1.0,0.58,36.37,0.01,0.13,-6.82,0.51,1
2011-10-03,1.02,0.0,0.44,36.89,0.12,0.17,-5.18,0.73,1
2011-10-04,1.97,1.0,0.8,39.1,0.07,-1.05,-7.07,0.31,1
2011-10-05,1.21,1.0,0.72,36.94,0.02,1.0,-6.09,0.83,1
2011-10-06,0.61,1.0,0.6,35.3,0.03,0.38,-5.44,0.75,1
2011-10-07,0.96,1.0,0.52,33.04,0.03,-0.62,-6.31,0.26,1
2011-10-10,1.2,1.0,0.42,31.45,0.0,0.81,-3.98,0.99,1
2011-10-11,0.9,1.0,0.53,30.63,0.0,0.06,-4.6,0.34,0
2011-10-12,0.77,1.0,0.42,29.46,0.04,-0.2,-4.09,0.5,0
2011-10-13,0.8,1.0,0.43,28.61,-0.04,0.1,-4.65,0.47,0
2011-10-14,0.57,1.0,0.36,26.49,-0.01,0.24,-3.99,0.81,0
2011-10-17,0.83,1.0,0.46,28.98,-0.07,-0.44,-4.5,0.21,0
2011-10-18,1.37,1.0,0.76,29.68,0.03,0.8,-4.99,0.73,0
2011-10-19,0.74,1.0,0.38,31.97,-0.14,-0.53,-6.11,0.09,1
2011-10-20,1.19,0.0,0.7,31.86,-0.05,0.19,-7.25,0.42,1
2011-10-21,1.08,0.0,0.5,28.85,0.03,0.34,-5.94,0.78,0
2011-10-24,0.81,1.0,0.36,26.67,-0.22,0.11,-5.03,0.69,1
2011-10-25,1.95,1.0,1.33,29.6,0.14,1.31,-2.25,0.86,1
2011-10-26,0.89,1.0,0.9,30.79,0.0,0.32,-1.06,0.79,0
2011-10-27,1.27,0.0,1.01,27.83,-0.32,0.82,0.33,0.84,1
2011-10-28,0.62,1.0,0.67,25.99,0.07,0.15,0.4,0.54,0
2011-10-31,1.23,0.0,0.76,27.4,0.07,-0.12,-0.93,0.35,0
2011-11-01,1.27,1.0,1.44,29.55,-0.28,1.04,-0.71,0.91,1
2011-11-02,0.91,1.0,1.22,30.16,0.02,0.19,0.39,0.69,0
2011-11-03,1.37,0.0,1.39,30.32,0.02,0.66,2.15,0.9,0
2011-11-04,0.68,1.0,0.61,28.31,-0.03,-0.11,1.62,0.26,0
2011-11-07,1.44,1.0,0.76,30.24,-0.03,1.12,4.15,0.98,1
2011-11-08,0.8,2.0,0.74,29.31,-0.09,-0.44,3.36,0.26,1
2011-11-09,1.13,1.0,1.34,29.98,0.12,-0.99,2.44,0.12,1
2011-11-10,1.35,1.0,1.31,28.67,0.1,0.23,2.08,0.61,0
2011-11-11,1.36,0.0,0.65,27.91,0.09,0.95,3.73,0.99,0
2011-11-14,0.69,0.0,0.51,27.97,-0.02,-0.08,3.29,0.28,0
2011-11-15,0.81,1.0,0.82,26.68,-0.1,0.5,3.58,0.87,0
2011-11-16,1.16,1.0,0.98,26.77,-0.06,-0.26,2.52,0.44,0
2011-11-17,1.89,1.0,1.2,29.44,-0.09,-1.23,-0.1,0.12,1
2011-11-18,0.83,0.0,0.97,27.63,0.08,-0.13,0.38,0.42,0
2011-11-21,2.0,1.0,1.15,30.31,0.16,-0.71,-1.77,0.27,1
2011-11-22,1.15,0.0,0.77,27.24,0.02,0.49,-0.66,0.84,0
2011-11-23,1.36,1.0,0.61,27.93,-0.01,0.13,-0.78,0.44,0
2011-11-28,1.14,1.0,0.53,26.49,0.21,0.08,0.4,0.72,0
2011-11-29,0.52,1.0,0.6,25.62,0.14,0.22,1.05,0.77,0
2011-11-30,1.6,0.0,1.12,25.33,0.12,0.93,3.0,0.96,0
2011-12-01,0.69,1.0,0.86,24.51,-0.06,-0.03,2.81,0.49,0
2011-12-02,0.8,2.0,1.23,23.36,0.05,-0.2,2.98,0.27,0
2011-12-05,1.26,1.0,0.88,25.07,0.03,-0.87,1.53,0.07,0
2011-12-06,1.02,1.0,0.99,24.36,0.01,0.79,1.88,0.88,0
2011-12-07,0.82,1.0,0.86,24.1,0.15,0.61,2.52,0.99,0
2011-12-08,1.84,1.0,1.43,25.08,0.04,-1.0,0.27,0.04,0
2011-12-09,1.12,0.0,0.69,23.11,-0.01,-0.07,0.45,0.6,0
2011-12-12,2.0,2.0,1.12,23.9,0.05,-0.42,-2.32,0.16,1
2011-12-13,1.86,2.0,1.58,23.99,0.0,-1.52,-4.44,0.15,1
2011-12-14,2.56,1.0,2.53,28.35,0.0,-1.64,-7.99,0.1,1
2011-12-15,1.22,0.0,1.4,27.13,0.02,-0.72,-8.26,0.33,0
2011-12-16,0.9,1.0,0.95,24.92,0.11,0.42,-6.37,0.86,0
2011-12-19,0.75,0.0,0.67,23.39,0.06,-0.21,-6.6,0.35,0
2011-12-20,0.81,1.0,0.58,21.44,-0.02,0.18,-5.36,0.79,0
2011-12-21,1.13,0.0,0.98,20.83,0.11,-0.12,-5.07,0.31,0
2011-12-22,0.67,0.0,0.64,20.31,-0.04,-0.19,-5.75,0.38,0
2011-12-23,0.4,0.0,0.25,19.8,-0.07,-0.13,-5.62,0.27,0
2011-12-27,1.12,1.0,0.27,20.87,-0.05,-0.05,-6.29,0.61,0
2011-12-28,1.61,0.0,1.04,24.14,-0.13,-1.27,-8.53,0.09,1
2011-12-29,1.31,1.0,1.34,23.14,0.0,0.5,-8.86,0.64,0
2011-12-30,1.26,1.0,0.83,23.25,0.02,-0.2,-7.71,0.5,0
2012-01-03,1.44,1.0,0.78,23.01,0.09,0.54,-5.25,0.91,0
2012-01-04,0.87,1.0,1.19,22.07,0.11,0.29,-4.8,0.73,0
2012-01-05,1.01,1.0,1.4,22.54,0.01,0.74,-4.15,0.9,0
2012-01-06,0.83,0.0,1.09,21.41,-0.06,-0.23,-4.47,0.34,0
2012-01-09,0.66,1.0,0.73,21.61,-0.02,-0.32,-4.77,0.24,0
2012-01-10,1.21,1.0,0.9,21.26,-0.02,-0.01,-3.34,0.69,0
2012-01-11,0.56,0.0,0.77,22.11,0.03,0.11,-2.59,0.67,0
2012-01-12,0.86,1.0,0.79,21.59,0.03,-0.18,-2.02,0.42,0
2012-01-13,1.08,2.0,0.91,21.26,-0.03,0.06,-2.59,0.49,0
2012-01-17,1.4,3.0,1.15,21.45,-0.13,-0.24,-1.75,0.56,0
2012-01-18,0.81,1.0,0.85,21.2,0.11,0.56,-1.04,0.95,0
2012-01-19,0.88,1.0,0.72,20.4,0.01,-0.04,-1.15,0.41,0
2012-01-20,0.95,1.0,0.64,19.72,-0.04,0.63,-0.52,0.97,0
2012-01-23,1.32,0.0,0.72,20.27,-0.02,0.28,0.33,0.9,0
2012-01-24,0.8,0.0,0.63,20.08,0.04,-0.11,-0.27,0.26,0
2012-01-25,2.99,1.0,1.55,22.08,0.05,1.96,2.65,0.98,1
2012-01-26,1.18,1.0,0.83,21.91,0.15,0.02,3.28,0.65,0
2012-01-27,1.02,1.0,0.3,20.88,-0.06,0.7,4.23,0.87,0
2012-01-30,1.01,0.0,0.56,21.2,0.06,0.01,4.02,0.55,0
2012-01-31,0.99,1.0,0.87,20.92,0.07,0.17,4.8,0.7,0
2012-02-01,0.83,0.0,0.68,21.69,0.03,-0.06,5.02,0.59,0
2012-02-02,0.93,0.0,0.84,22.16,0.03,0.41,5.94,0.92,0
2012-02-03,1.87,1.0,1.4,21.26,-0.1,-1.15,3.79,0.03,1
2012-02-06,1.23,1.0,0.86,21.32,0.07,-0.1,3.42,0.33,0
2012-02-07,1.9,1.0,1.14,20.95,0.03,0.93,4.93,0.89,0
2012-02-08,1.25,1.0,1.0,20.61,-0.08,-0.37,4.11,0.31,0
2012-02-09,1.31,1.0,1.21,20.09,-0.07,-0.62,3.76,0.09,0
2012-02-10,1.69,0.0,1.21,19.97,0.15,0.13,3.19,0.58,0
2012-02-13,0.78,0.0,0.72,19.08,0.15,-0.07,3.4,0.42,0
2012-02-14,0.73,1.0,0.84,19.37,-0.04,0.04,3.2,0.48,0
2012-02-15,0.91,1.0,1.17,19.38,-0.07,0.0,3.81,0.58,0
2012-02-16,1.56,1.0,1.18,19.23,-0.08,0.65,3.79,0.96,0
2012-02-17,0.97,1.0,0.97,18.57,-0.05,-0.24,3.38,0.24,0
2012-02-21,1.83,2.0,1.4,19.85,0.03,0.92,5.66,0.99,0
2012-02-22,1.6,0.0,1.13,19.98,0.01,0.82,6.75,0.88,0
2012-02-23,0.78,1.0,1.11,19.98,-0.09,-0.02,6.76,0.5,0
2012-02-24,0.72,0.0,0.83,18.99,-0.04,-0.24,6.25,0.2,0
2012-02-27,1.0,1.0,0.72,18.96,0.17,-0.26,5.79,0.27,0
2012-02-28,1.39,1.0,0.84,19.95,-0.01,0.2,6.73,0.73,0
2012-02-29,5.56,1.0,3.51,21.76,0.13,-2.51,0.8,0.04,1
2012-03-01,1.36,0.0,1.8,19.51,0.0,-0.08,2.06,0.6,0
2012-03-02,0.89,0.0,0.81,18.92,0.05,-0.05,1.76,0.38,0
2012-03-05,1.04,0.0,0.86,19.39,0.0,0.1,1.2,0.49,0
2012-03-06,2.27,2.0,1.27,20.27,0.23,-0.23,-0.69,0.24,1
2012-03-07,1.58,0.0,0.69,19.36,0.02,0.3,-0.18,0.43,0
2012-03-08,0.95,1.0,0.8,19.12,0.0,0.28,0.63,0.81,0
2012-03-09,1.74,0.0,1.21,19.63,0.02,0.86,1.21,0.94,0
2012-03-12,1.13,1.0,0.63,19.19,0.0,-0.09,0.35,0.3,0
2012-03-13,2.09,1.0,1.09,19.53,0.03,-1.13,-1.64,0.18,1
2012-03-14,2.3,1.0,1.59,20.64,-0.02,-0.51,-3.35,0.22,1
2012-03-15,1.3,1.0,0.94,18.12,-0.08,0.56,-2.52,0.72,0
2012-03-16,1.08,1.0,0.77,18.42,0.07,0.45,-2.5,0.8,0
2012-03-19,0.77,1.0,0.51,17.72,-0.15,0.13,-2.37,0.59,0
2012-03-20,1.02,1.0,0.72,18.37,-0.01,-0.19,-3.31,0.27,0
2012-03-21,0.7,0.0,0.71,17.94,0.0,-0.2,-3.27,0.19,0
2012-03-22,1.3,2.0,1.03,18.58,0.14,0.25,-3.72,0.52,0
2012-03-23,1.18,1.0,0.74,18.27,-0.1,0.43,-2.52,0.87,0
2012-03-26,1.8,1.0,0.8,18.9,-0.03,0.94,-0.86,0.96,0
2012-03-27,0.82,1.0,0.51,18.52,-0.05,-0.49,-1.58,0.11,0
2012-03-28,1.39,1.0,0.39,18.53,0.04,-0.75,-2.89,0.17,0
2012-03-29,0.99,0.0,0.78,17.44,0.14,0.32,-2.68,0.75,0
2012-03-30,0.53,1.0,0.54,17.02,0.1,0.26,-2.18,0.84,0
2012-04-02,1.2,0.0,0.85,17.01,0.08,0.13,-1.73,0.73,0
2012-04-03,2.14,1.0,0.78,18.2,0.02,-0.97,-3.57,0.19,0
2012-04-04,1.77,0.0,1.5,18.94,0.0,-0.46,-5.26,0.16,0
2012-04-05,0.64,1.0,0.71,17.98,0.03,0.22,-4.46,0.72,0
2012-04-09,0.84,2.0,0.48,19.1,0.27,-0.06,-3.75,0.49,1
2012-04-10,1.67,1.0,0.75,19.9,-0.02,0.69,-2.65,0.74,0
2012-04-11,0.52,2.0,0.32,20.01,-0.08,0.0,-2.6,0.55,0
2012-04-12,1.48,1.0,0.58,18.7,-0.02,0.45,-1.53,0.83,0
2012-04-13,1.76,2.0,0.76,18.4,-0.06,-0.61,-2.62,0.3,0
2012-04-16,0.87,0.0,0.45,18.78,-0.27,0.09,-2.75,0.64,1
2012-04-17,1.57,1.0,0.71,18.07,0.03,0.21,-2.67,0.74,0
2012-04-18,0.94,1.0,0.55,17.57,-0.09,-0.21,-3.16,0.28,0
2012-04-19,1.24,1.0,0.89,17.34,0.03,-0.12,-3.02,0.49,0
2012-04-20,0.56,0.0,0.42,16.77,0.03,-0.01,-2.85,0.34,0
2012-04-23,1.34,1.0,0.62,17.19,-0.05,0.46,-2.91,0.66,0
2012-04-24,1.05,1.0,0.44,17.57,-0.11,-0.03,-2.7,0.58,0
2012-04-25,1.22,2.0,0.87,17.83,0.26,0.36,-2.44,0.88,1
2012-04-26,1.05,0.0,0.72,17.0,-0.09,0.25,-1.55,0.82,0
2012-04-27,1.26,0.0,0.64,16.62,-0.07,0.1,-1.15,0.8,0
2012-04-30,1.52,1.0,0.77,16.99,0.08,0.41,-0.86,0.74,0
2012-05-01,0.91,0.0,0.57,16.48,0.01,-0.18,-1.09,0.37,0
2012-05-02,1.19,1.0,0.73,16.6,0.1,0.09,-1.43,0.44,0
2012-05-03,1.38,0.0,1.1,17.34,-0.09,-0.14,-2.38,0.25,0
2012-05-04,1.26,0.0,1.22,16.52,0.04,0.32,-1.87,0.77,0
2012-05-07,0.79,1.0,0.45,16.47,0.12,0.0,-1.98,0.46,0
2012-05-08,2.71,1.0,1.85,18.18,-0.03,-0.29,-3.71,0.24,1
2012-05-09,2.02,2.0,1.41,19.31,0.02,0.21,-4.39,0.41,0
2012-05-10,0.99,1.0,0.81,17.87,0.14,-0.09,-4.07,0.48,0
2012-05-11,1.51,1.0,0.92,18.39,0.12,-0.14,-4.72,0.39,0
2012-05-14,2.22,1.0,1.14,19.87,0.62,-0.46,-5.92,0.14,1
2012-05-15,1.3,2.0,1.11,20.79,0.26,-0.77,-6.73,0.0,1
2012-05-16,1.59,1.0,1.57,22.55,-0.02,-0.06,-6.71,0.47,0
2012-05-17,2.54,1.0,1.66,22.43,-0.12,0.65,-4.44,0.87,1
2012-05-18,1.74,1.0,0.93,22.92,0.27,0.19,-3.37,0.69,1
2012-05-21,0.76,0.0,0.73,20.93,0.02,0.12,-3.05,0.56,0
2012-05-22,1.76,1.0,1.17,19.41,-0.15,-0.81,-4.55,0.14,1
2012-05-23,2.11,1.0,1.65,22.07,0.01,0.56,-4.78,0.72,1
2012-05-24,1.36,1.0,1.19,22.35,0.09,-0.36,-4.7,0.3,0
2012-05-25,1.46,1.0,1.08,21.04,-0.2,0.58,-3.76,0.97,1
2012-05-29,2.02,5.0,0.82,21.6,0.16,-1.13,-4.74,0.16,1
2012-05-30,1.99,1.0,1.46,23.42,0.18,0.92,-3.86,0.9,1
2012-05-31,1.12,1.0,1.12,23.07,0.03,-0.01,-3.89,0.5,0
2012-06-01,4.47,1.0,2.17,25.28,0.09,1.77,0.01,0.93,1
2012-06-04,1.07,0.0,0.83,25.46,0.06,0.15,-0.23,0.48,0
2012-06-05,0.56,1.0,0.53,24.06,0.03,0.03,-0.34,0.54,0
2012-06-06,1.57,1.0,1.24,23.17,-0.07,-0.69,-0.21,0.19,0
2012-06-07,2.43,0.0,1.81,22.96,0.11,-0.63,-1.84,0.27,1
2012-06-08,1.5,1.0,0.91,22.02,-0.01,0.96,-1.57,0.99,0
2012-06-11,1.17,0.0,0.79,22.31,0.08,0.38,-1.15,0.66,0
2012-06-12,1.48,1.0,0.73,22.94,-0.07,0.44,-0.38,0.79,0
2012-06-13,0.94,2.0,0.7,23.88,0.0,0.05,0.11,0.69,0
2012-06-14,0.88,1.0,0.85,24.09,0.04,0.29,0.59,0.84,0
2012-06-15,0.68,1.0,0.56,22.91,0.04,0.01,0.74,0.44,0
2012-06-18,1.49,2.0,0.68,20.74,0.18,0.35,0.8,0.87,0
2012-06-19,0.83,2.0,0.59,20.35,0.0,-0.31,0.35,0.15,0
2012-06-20,1.87,1.0,1.44,20.22,0.08,0.07,-0.42,0.53,0
2012-06-21,2.37,1.0,1.32,21.15,0.03,-0.96,-2.87,0.06,1
2012-06-22,0.74,1.0,0.67,19.91,-0.2,0.42,-2.4,0.97,0
2012-06-25,1.08,0.0,0.54,20.59,-0.02,0.46,-1.57,0.8,0
2012-06-26,0.93,0.0,0.51,20.39,-0.01,-0.25,-2.2,0.23,0
2012-06-27,1.08,0.0,0.87,19.97,0.15,0.15,-1.98,0.55,0
2012-06-28,1.69,0.0,0.93,20.6,0.06,-0.27,-3.05,0.29,0
2012-06-29,2.92,1.0,1.31,19.3,0.0,0.8,-0.23,0.86,1
2012-07-02,0.72,0.0,0.49,19.45,0.16,0.24,-0.18,0.78,0
2012-07-03,1.43,2.0,0.74,25.23,0.0,0.14,0.96,0.74,0
2012-07-05,1.27,4.0,1.25,19.16,0.07,-0.35,0.21,0.26,1
2012-07-06,1.61,1.0,1.1,19.52,0.05,-0.41,-1.07,0.22,0
2012-07-09,0.78,1.0,0.41,19.0,-0.12,0.15,-0.76,0.67,0
2012-07-10,1.69,1.0,0.97,20.19,0.09,-1.04,-1.87,0.1,0
2012-07-11,0.95,1.0,0.81,19.36,0.1,0.07,-1.28,0.67,0
2012-07-12,1.13,1.0,1.13,19.25,0.05,0.57,-1.46,0.74,0
2012-07-13,1.48,2.0,0.63,18.5,-0.04,0.24,-0.29,0.75,0
2012-07-16,0.76,0.0,0.51,18.08,-0.02,0.05,-0.16,0.69,0
2012-07-17,1.43,1.0,0.84,17.57,-0.04,-0.23,-0.59,0.38,0
2012-07-18,0.92,2.0,0.73,17.32,0.23,0.13,-0.77,0.56,0
2012-07-19,1.01,1.0,0.67,16.87,0.03,-0.16,-0.48,0.45,0
2012-07-20,0.69,1.0,0.46,16.92,0.13,0.1,-0.36,0.71,0
2012-07-23,1.17,0.0,0.75,18.37,-0.26,0.25,-0.72,0.63,1
2012-07-24,0.87,1.0,0.9,19.58,-0.22,0.27,-0.4,0.82,1
2012-07-25,1.88,1.0,1.24,19.56,0.07,0.35,1.01,0.81,0
2012-07-26,1.19,1.0,1.13,19.35,0.06,0.14,1.69,0.73,0
2012-07-27,0.96,1.0,0.63,18.95,0.16,0.14,2.07,0.65,0
2012-07-30,0.54,2.0,0.34,19.44,0.13,0.15,2.2,0.8,0
2012-07-31,1.04,1.0,0.54,19.49,-0.04,-0.32,1.59,0.18,0
2012-08-01,1.52,1.0,0.96,19.25,-0.11,-0.2,0.65,0.3,0
2012-08-02,2.0,1.0,0.98,18.11,0.11,-0.47,-0.03,0.19,0
2012-08-03,1.23,1.0,0.7,16.44,-0.03,0.39,0.82,0.83,0
2012-08-06,0.84,0.0,0.38,16.4,0.17,0.12,1.24,0.75,0
2012-08-07,0.57,0.0,0.36,16.47,-0.04,0.0,1.26,0.37,0
2012-08-08,0.8,1.0,0.54,16.25,-0.03,0.05,1.19,0.68,0
2012-08-09,0.54,2.0,0.38,16.17,0.03,0.21,1.43,1.0,0
2012-08-10,1.44,1.0,0.89,16.18,-0.05,0.2,1.5,0.69,0
2012-08-13,1.22,1.0,0.66,15.08,-0.02,-0.43,0.78,0.16,0
2012-08-14,1.64,1.0,0.82,14.91,-0.18,-0.13,0.17,0.34,0
2012-08-15,1.07,1.0,0.61,14.87,-0.04,0.24,0.41,0.87,0
2012-08-16,1.26,0.0,0.62,15.19,0.06,0.25,1.08,0.74,0
2012-08-17,0.65,2.0,0.71,14.52,0.08,0.02,1.19,0.48,0
2012-08-20,1.05,0.0,0.73,14.74,0.12,0.28,1.53,0.93,0
2012-08-21,1.62,1.0,0.93,16.31,-0.1,0.12,2.41,0.78,0
2012-08-22,1.59,2.0,1.06,16.97,-0.17,0.72,3.55,1.0,1
2012-08-23,1.63,0.0,1.31,17.93,-0.21,0.22,4.39,0.76,1
2012-08-24,0.88,2.0,1.0,16.88,0.0,0.14,4.38,0.77,0
2012-08-27,1.25,1.0,0.75,16.83,0.05,-0.44,3.9,0.0,0
2012-08-28,1.32,0.0,1.08,16.53,-0.06,0.09,4.01,0.72,0
2012-08-29,1.22,0.0,1.01,16.45,0.09,-0.24,3.32,0.22,0
2012-08-30,0.96,0.0,0.79,17.02,-0.01,-0.08,3.22,0.37,0
2012-08-31,3.49,1.0,2.63,17.92,0.0,1.25,5.46,1.0,1
2012-09-04,0.92,5.0,1.36,17.85,-0.19,0.22,5.5,0.74,1
2012-09-05,0.55,1.0,0.6,18.15,0.05,0.09,5.2,0.71,0
2012-09-06,1.54,0.0,1.87,17.84,0.08,-0.21,5.49,0.39,0
2012-09-07,3.76,0.0,1.8,19.05,0.1,0.96,7.49,0.88,1
2012-09-10,0.89,1.0,0.99,19.05,0.1,-0.36,6.64,0.01,0
2012-09-11,0.72,0.0,0.56,19.58,0.03,-0.06,6.79,0.47,0
2012-09-12,1.4,0.0,1.21,20.22,0.06,-0.24,6.61,0.3,0
2012-09-13,3.99,1.0,2.04,19.32,0.07,1.07,8.51,0.88,1
2012-09-14,0.97,0.0,1.55,17.93,0.18,0.0,8.71,0.39,1
2012-09-17,1.38,1.0,1.11,17.96,0.0,-0.64,7.57,0.13,0
2012-09-18,1.38,0.0,1.2,18.05,-0.1,0.36,8.18,0.91,0
2012-09-19,1.3,0.0,0.93,17.69,0.04,-0.01,7.95,0.42,0
2012-09-20,1.12,1.0,0.86,17.32,-0.04,0.22,7.52,0.74,0
2012-09-21,1.39,0.0,1.5,17.1,0.01,-0.26,7.55,0.27,0
2012-09-24,1.74,1.0,1.15,17.07,0.06,0.19,6.81,0.65,0
2012-09-25,1.12,1.0,1.14,16.57,-0.04,-0.38,6.29,0.1,0
2012-09-26,2.07,1.0,2.11,16.24,-0.04,0.18,5.55,0.53,1
2012-09-27,2.11,0.0,1.78,16.94,-0.01,0.61,6.92,0.92,1
2012-09-28,1.17,1.0,1.17,16.86,-0.06,-0.18,6.33,0.32,0
2012-10-01,1.96,0.0,1.55,16.94,-0.07,-0.07,6.3,0.47,0
2012-10-02,0.94,0.0,1.2,16.45,0.33,-0.13,5.96,0.34,1
2012-10-03,0.79,0.0,0.74,16.67,0.01,0.09,5.92,0.72,0
2012-10-04,1.3,1.0,1.29,17.34,0.03,0.16,6.43,0.75,0
2012-10-05,1.68,1.0,1.17,16.03,0.0,-0.16,5.6,0.36,0
2012-10-08,1.18,0.0,0.7,16.1,-0.05,0.13,5.0,0.54,0
2012-10-09,1.43,1.0,0.94,15.68,0.08,-0.3,4.19,0.27,0
2012-10-10,0.79,1.0,0.64,15.58,0.06,0.01,3.89,0.52,0
2012-10-11,1.26,2.0,0.54,15.31,-0.1,-0.03,3.98,0.53,0
2012-10-12,1.61,0.0,0.79,15.72,0.03,-0.53,3.01,0.12,0
2012-10-15,2.18,1.0,1.17,15.54,0.3,-0.16,1.77,0.29,1
2012-10-16,1.32,1.0,0.58,15.07,-0.58,0.34,2.25,1.0,1
2012-10-17,0.73,0.0,0.61,14.64,0.02,-0.05,2.14,0.51,0
2012-10-18,1.06,1.0,0.7,14.71,-0.04,-0.2,1.52,0.18,0
2012-10-19,2.41,1.0,1.41,15.18,0.1,-0.3,0.26,0.35,1
2012-10-22,1.06,1.0,0.68,14.76,-0.16,0.25,0.49,0.92,0
2012-10-23,1.87,1.0,0.96,15.76,0.11,-0.35,-0.84,0.13,0
2012-10-24,1.45,1.0,0.72,15.77,0.0,-0.27,-1.33,0.31,0
2012-10-25,1.14,1.0,0.63,15.39,0.07,-0.04,-0.78,0.66,0
2012-10-26,1.67,0.0,0.81,15.14,-0.03,0.07,-0.9,0.5,0
2012-10-29,0.74,0.0,0.36,14.92,-0.02,-0.06,-1.19,0.28,0
2012-10-30,0.69,1.0,0.34,14.92,-0.15,-0.07,-1.27,0.45,0
2012-10-31,1.22,2.0,0.88,14.95,0.05,0.06,-0.74,0.67,0
2012-11-01,0.96,1.0,0.72,14.45,0.12,-0.34,-1.23,0.0,0
2012-11-02,3.4,0.0,2.28,15.83,0.3,-0.77,-3.39,0.07,1
2012-11-05,0.88,1.0,0.81,17.12,-0.04,0.18,-3.05,0.83,0
2012-11-06,2.55,0.0,1.31,17.47,-0.01,0.73,-1.21,0.89,1
2012-11-07,1.97,1.0,2.04,16.74,-0.02,-0.01,-1.16,0.51,1
2012-11-08,1.51,1.0,1.05,17.02,0.08,0.55,-0.37,0.89,0
2012-11-09,0.84,0.0,1.01,16.04,-0.1,-0.11,-0.52,0.37,0
2012-11-12,0.81,1.0,0.55,15.86,0.34,-0.24,-0.8,0.19,1
2012-11-13,1.28,2.0,0.88,14.5,-0.06,-0.15,-1.06,0.35,0
2012-11-14,1.0,1.0,0.72,14.68,-0.07,-0.11,-1.04,0.4,0
2012-11-15,1.65,0.0,1.08,14.24,0.11,-0.14,-1.71,0.41,0
2012-11-16,0.85,1.0,0.77,13.27,-0.36,-0.06,-1.85,0.53,1
2012-11-19,1.73,0.0,0.92,13.41,0.0,0.25,-0.62,0.9,0
2012-11-20,0.98,1.0,0.78,13.53,-0.15,-0.1,-0.88,0.48,0
2012-11-21,1.18,1.0,0.73,13.09,-0.07,0.19,-0.8,0.87,0
2012-11-26,0.45,0.0,0.94,13.16,-0.01,-0.03,0.34,0.38,0
2012-11-27,0.8,1.0,0.98,13.63,0.04,-0.28,-0.09,0.02,0
2012-11-28,3.22,1.0,1.12,13.62,-0.02,0.04,-1.26,0.49,1
2012-11-29,0.74,1.0,1.12,12.69,0.45,0.09,-0.75,0.69,1
2012-11-30,1.78,1.0,1.0,13.15,-0.01,-0.3,-1.34,0.24,0
2012-12-03,0.7,1.0,0.84,13.29,-0.06,-0.17,-1.28,0.18,0
2012-12-04,2.37,0.0,1.77,13.99,0.1,-0.13,-2.22,0.39,1
2012-12-05,1.48,0.0,1.31,13.99,-0.24,-0.09,-2.37,0.39,1
2012-12-06,1.21,1.0,1.1,14.01,-0.02,0.24,-2.03,0.71,0
2012-12-07,2.07,0.0,1.35,13.87,0.11,0.28,-1.63,0.76,0
2012-12-10,1.23,1.0,0.67,14.16,0.0,0.07,-1.06,0.76,0
2012-12-11,0.81,0.0,0.62,14.25,-0.05,0.01,-1.16,0.42,0
2012-12-12,1.1,1.0,1.78,13.37,-0.07,-0.21,-0.94,0.29,0
2012-12-13,1.66,0.0,1.35,13.13,-0.09,0.02,-1.73,0.35,0
2012-12-14,0.51,1.0,0.52,12.66,0.07,-0.12,-1.8,0.14,0
2012-12-17,0.92,0.0,0.58,12.15,0.17,0.22,-1.48,0.87,0
2012-12-18,3.26,1.0,1.96,13.62,-0.01,-0.38,-2.85,0.27,1
2012-12-19,0.93,0.0,1.02,13.56,-0.06,-0.07,-2.96,0.43,0
2012-12-20,2.88,1.0,2.03,14.47,-0.03,-0.09,-4.0,0.35,1
2012-12-21,1.66,0.0,0.96,13.7,0.06,0.31,-3.49,0.85,0
2012-12-26,1.3,1.0,0.37,13.58,-0.07,0.0,-2.97,0.62,0
2012-12-27,0.92,0.0,0.51,14.82,0.0,0.25,-2.68,0.94,0
2012-12-28,0.98,1.0,0.4,15.17,-0.07,-0.08,-2.99,0.34,0
2012-12-31,1.73,1.0,0.79,14.34,0.15,0.2,-2.03,0.67,0
2013-01-02,1.8,1.0,0.89,13.42,0.13,-0.09,-1.2,0.62,0
2013-01-03,2.15,0.0,1.1,13.69,-0.02,-0.51,-2.36,0.17,0
2013-01-04,2.52,1.0,2.38,13.88,-0.03,0.79,-2.78,0.81,1
2013-01-07,1.2,0.0,0.8,14.53,-0.14,-0.18,-3.26,0.24,0
2013-01-08,0.98,1.0,0.71,14.0,0.04,0.19,-2.56,0.75,0
2013-01-09,0.86,1.0,0.62,14.08,0.05,-0.08,-2.55,0.43,0
2013-01-10,1.56,1.0,1.13,13.27,0.04,0.18,-1.58,0.77,0
2013-01-11,1.61,2.0,1.4,13.86,-0.01,-0.04,-2.15,0.38,0
2013-01-14,0.84,1.0,1.03,13.72,-0.09,0.0,-1.78,0.52,0
2013-01-15,1.35,1.0,1.26,13.72,-0.04,-0.03,-1.08,0.74,0
2013-01-16,0.63,1.0,0.64,14.59,-0.03,0.05,-0.99,0.59,0
2013-01-17,2.0,1.0,1.55,14.91,0.03,0.3,-0.58,0.64,0
2013-01-18,0.77,1.0,0.78,13.79,0.14,-0.33,-0.81,0.0,0
2013-01-22,0.72,2.0,0.89,12.72,0.15,-0.02,-0.34,0.5,0
2013-01-23,0.88,0.0,0.73,12.54,0.03,-0.25,-0.64,0.23,0
2013-01-24,1.41,1.0,1.24,13.04,-0.16,-0.41,-1.67,0.11,0
2013-01-25,1.13,1.0,0.89,14.07,-0.05,-0.13,-2.05,0.24,0
2013-01-28,0.73,2.0,0.71,14.35,-0.12,-0.05,-2.23,0.33,0
2013-01-29,0.71,0.0,0.53,13.55,-0.06,0.05,-1.71,0.77,0
2013-01-30,1.5,1.0,1.29,13.32,0.14,0.07,-0.74,0.64,0
2013-01-31,1.71,2.0,1.24,13.72,-0.14,-0.08,-1.39,0.26,0
2013-02-01,1.49,0.0,1.82,13.31,0.07,-0.14,-1.12,0.34,0
2013-02-04,1.08,1.0,0.69,13.69,0.14,0.22,-0.75,0.73,0
2013-02-05,1.41,0.0,1.35,13.04,0.03,-0.13,-0.73,0.29,0
2013-02-06,0.82,1.0,0.64,13.4,0.08,0.16,-0.37,0.82,0
2013-02-07,1.45,0.0,1.7,13.65,0.0,-0.1,-0.6,0.46,0
2013-02-08,0.61,1.0,0.58,13.17,0.03,0.0,-0.73,0.41,0
2013-02-11,2.21,1.0,1.05,14.53,0.0,-0.25,-1.79,0.22,0
2013-02-12,0.99,0.0,0.88,14.13,-0.22,0.26,-1.61,0.87,0
2013-02-13,1.05,1.0,0.79,14.52,0.08,-0.27,-2.05,0.16,0
2013-02-14,1.33,1.0,1.16,14.74,0.01,-0.4,-2.38,0.19,0
2013-02-15,3.05,0.0,2.17,16.04,0.09,-0.24,-3.88,0.32,1
2013-02-19,1.25,3.0,0.95,15.77,-0.06,-0.27,-4.06,0.22,0
2013-02-20,3.59,1.0,2.68,18.41,0.03,-0.99,-6.37,0.11,1
2013-02-21,1.84,0.0,1.78,16.98,0.06,0.17,-5.53,0.71,0
2013-02-22,1.05,1.0,0.8,16.28,0.05,0.21,-5.13,0.58,0
2013-02-25,1.55,0.0,0.9,16.98,-0.08,0.41,-4.08,0.94,0
2013-02-26,2.03,0.0,2.44,15.64,-0.07,0.69,-2.82,0.83,1
2013-02-27,1.44,1.0,0.99,15.53,-0.03,-0.47,-3.71,0.2,0
2013-02-28,1.51,0.0,1.26,15.8,0.01,-0.35,-4.6,0.2,0
2013-03-01,1.14,0.0,1.24,15.73,0.01,-0.13,-4.75,0.48,0
2013-03-04,0.82,1.0,0.69,16.13,0.17,-0.1,-4.72,0.27,0
2013-03-05,0.74,1.0,0.78,15.48,0.07,-0.21,-4.53,0.23,0
2013-03-06,0.93,0.0,1.13,15.02,-0.02,0.41,-3.93,0.91,0
2013-03-07,0.57,1.0,0.81,14.8,0.04,-0.17,-4.21,0.23,0
2013-03-08,1.25,0.0,1.79,13.53,-0.03,0.35,-4.07,0.76,0
2013-03-11,0.44,1.0,0.22,12.91,0.02,0.07,-3.84,0.55,0
2013-03-12,1.05,2.0,0.68,12.05,0.06,0.1,-2.98,0.68,0
2013-03-13,0.8,1.0,0.67,12.23,0.06,-0.24,-3.2,0.19,0
2013-03-14,0.91,1.0,0.86,12.51,-0.02,0.17,-3.09,0.73,0
2013-03-15,0.55,1.0,0.57,12.46,-0.03,-0.18,-2.82,0.26,0
2013-03-18,1.14,0.0,0.9,13.15,0.2,0.04,-1.84,0.71,0
2013-03-19,0.87,1.0,0.7,14.59,0.06,0.18,-1.36,0.75,0
2013-03-20,0.78,0.0,0.5,13.13,0.02,-0.13,-1.69,0.35,0
2013-03-21,0.74,0.0,0.56,13.38,-0.03,0.1,-1.08,0.84,0
2013-03-22,0.77,1.0,0.55,12.85,0.04,-0.05,-1.44,0.33,0
2013-03-25,1.48,1.0,0.74,13.03,-0.09,0.23,-1.61,0.61,0
2013-03-26,1.02,0.0,0.46,12.45,-0.02,0.16,-1.78,0.6,0
2013-03-27,1.03,0.0,0.87,12.35,0.05,0.24,-1.31,0.79,0
2013-03-28,0.78,1.0,0.75,12.41,0.05,-0.2,-1.78,0.17,0
2013-04-01,0.5,0.0,0.45,13.09,0.08,0.06,-1.5,0.75,0
2013-04-02,1.77,1.0,1.06,13.69,0.01,-0.57,-2.86,0.05,0
2013-04-03,1.58,0.0,1.72,15.3,0.0,-0.37,-3.82,0.3,0
2013-04-04,1.45,1.0,1.34,15.99,-0.05,0.34,-3.94,0.75,0
2013-04-05,1.73,1.0,1.76,14.6,0.0,0.77,-2.23,0.93,0
2013-04-08,0.89,0.0,0.64,14.23,-0.04,-0.12,-2.48,0.31,0
2013-04-09,1.07,1.0,1.05,13.44,-0.06,0.13,-1.61,0.71,0
2013-04-10,1.66,1.0,1.52,14.89,0.04,-0.78,-3.13,0.06,0
2013-04-11,1.17,2.0,0.92,15.27,0.07,-0.04,-2.94,0.64,0
2013-04-12,4.08,1.0,5.56,20.74,-0.04,-1.74,-7.31,0.07,1
2013-04-15,6.34,1.0,9.28,34.25,-0.15,-2.86,-15.27,0.07,1
2013-04-16,2.7,1.0,3.72,30.33,0.12,-0.16,-13.89,0.63,1
2013-04-17,0.86,1.0,1.52,27.16,0.14,-0.57,-13.62,0.24,1
2013-04-18,1.97,0.0,1.42,24.64,-0.02,0.29,-12.35,0.79,1
2013-04-19,1.18,2.0,1.05,24.45,0.18,-0.36,-11.32,0.39,1
2013-04-22,1.02,1.0,0.81,23.18,0.04,0.06,-9.4,0.62,0
2013-04-23,0.8,1.0,0.93,23.76,0.01,-0.01,-9.77,0.36,0
2013-04-24,0.59,1.0,0.55,21.69,0.01,0.34,-8.47,0.86,0
2013-04-25,1.22,1.0,0.7,22.38,0.0,0.84,-6.06,0.89,0
2013-04-26,1.1,1.0,1.09,24.32,-0.01,-0.6,-6.29,0.26,0
2013-04-29,0.49,0.0,0.44,23.21,0.08,0.04,-5.2,0.51,0
2013-04-30,0.55,0.0,0.48,22.2,0.0,0.34,-4.66,0.76,0
2013-05-01,1.13,2.0,0.82,23.26,-0.04,0.25,-5.58,0.5,0
2013-05-02,0.75,0.0,0.4,22.13,0.04,0.2,-4.85,0.74,0
2013-05-03,0.98,2.0,0.75,20.43,-0.04,-0.04,-4.56,0.4,0
2013-05-06,0.44,0.0,0.26,20.43,-0.03,-0.08,-4.4,0.35,0
2013-05-07,0.99,1.0,0.62,22.06,0.14,-0.07,-5.42,0.34,0
2013-05-08,0.88,2.0,0.51,20.7,0.0,0.76,-3.89,0.87,0
2013-05-09,0.72,2.0,0.33,21.51,-0.05,-0.65,-4.8,0.12,0
2013-05-10,1.3,1.0,0.69,24.15,0.01,0.61,-5.51,0.57,0
2013-05-13,0.66,1.0,0.47,24.69,-0.04,-0.18,-6.1,0.26,0
2013-05-14,0.75,1.0,0.8,24.84,-0.02,-0.43,-6.35,0.18,0
2013-05-15,1.33,1.0,1.67,27.92,-0.01,-0.95,-8.36,0.09,1
2013-05-16,0.85,0.0,1.08,26.8,0.05,0.28,-8.51,0.62,0
2013-05-17,1.23,1.0,1.12,28.04,-0.04,-1.31,-10.39,0.0,1
2013-05-20,2.12,1.0,2.0,26.62,0.06,1.99,-7.32,0.96,1
2013-05-21,1.21,0.0,1.65,27.02,-0.03,-0.34,-8.68,0.34,1
2013-05-22,1.72,1.0,2.75,27.66,0.0,-1.04,-9.0,0.18,1
2013-05-23,1.15,1.0,1.26,26.07,-0.03,0.52,-6.95,0.83,0
2013-05-24,0.44,2.0,0.46,24.85,-0.01,-0.38,-7.18,0.13,0
2013-05-28,0.82,1.0,0.69,24.74,-0.08,-0.39,-7.13,0.26,0
2013-05-29,0.41,1.0,0.24,22.92,0.05,0.44,-5.98,0.94,0
2013-05-30,0.82,0.0,0.83,21.52,0.0,0.39,-4.31,0.87,0
2013-05-31,1.11,1.0,0.87,22.28,-0.04,-1.03,-6.0,0.01,0
2013-06-03,0.84,1.0,0.56,21.74,0.09,0.49,-4.01,0.78,0
2013-06-04,0.77,0.0,0.56,22.35,0.08,0.09,-4.53,0.41,0
2013-06-05,0.46,1.0,0.7,22.64,0.01,-0.1,-4.07,0.41,0
2013-06-06,1.0,1.0,0.9,22.36,-0.05,0.32,-3.08,0.64,0
2013-06-07,1.36,1.0,1.09,23.44,0.01,-0.93,-5.14,0.08,0
2013-06-10,0.4,1.0,0.42,22.72,0.0,0.24,-4.38,0.78,0
2013-06-11,0.67,1.0,0.66,23.21,-0.01,0.35,-4.58,0.63,0
2013-06-12,0.69,0.0,0.67,22.18,0.02,0.21,-3.67,0.69,0
2013-06-13,0.76,1.0,0.53,22.85,0.02,0.1,-3.75,0.48,0
2013-06-14,0.46,0.0,0.3,20.97,0.02,0.32,-2.99,0.86,0
2013-06-17,0.4,0.0,0.32,21.25,-0.02,0.03,-3.19,0.34,0
2013-06-18,0.86,0.0,0.59,22.67,-0.05,-0.18,-4.1,0.28,0
2013-06-19,0.94,1.0,1.06,21.77,0.04,-1.03,-4.97,0.09,0
2013-06-20,2.66,1.0,1.93,30.19,0.06,-1.95,-9.83,0.03,1
2013-06-21,1.06,0.0,1.16,27.25,-0.12,0.17,-8.41,0.75,0
2013-06-24,0.82,1.0,1.03,27.64,-0.09,-0.21,-8.83,0.26,0
2013-06-25,0.62,0.0,1.01,25.91,-0.01,-0.23,-8.94,0.38,0
2013-06-26,1.86,1.0,2.32,31.16,-0.02,-1.36,-12.64,0.06,1
2013-06-27,1.47,1.0,1.65,33.16,-0.14,-1.8,-14.19,0.05,1
2013-06-28,1.59,1.0,2.16,32.21,0.07,2.23,-11.54,1.0,1
2013-07-01,1.07,0.0,1.39,28.74,-0.06,0.76,-9.83,0.79,1
2013-07-02,0.84,1.0,0.86,28.12,0.0,-0.71,-10.5,0.13,0
2013-07-03,0.71,1.0,0.63,27.25,0.02,0.25,-9.51,0.71,0
2013-07-05,1.49,2.0,1.07,27.41,0.02,-0.5,-11.57,0.28,0
2013-07-08,0.67,0.0,0.55,26.76,0.0,0.57,-10.29,0.88,0
2013-07-09,0.8,1.0,0.78,25.63,-0.07,-0.17,-9.11,0.55,0
2013-07-10,0.66,1.0,0.65,26.16,0.0,-0.21,-8.62,0.37,0
2013-07-11,0.93,0.0,0.73,23.91,0.24,0.08,-5.83,0.58,1
2013-07-12,0.6,1.0,0.41,23.99,-0.01,0.44,-5.66,0.79,0
2013-07-15,0.65,0.0,0.32,23.57,0.03,-0.04,-5.35,0.51,0
2013-07-16,0.55,1.0,0.4,23.21,-0.01,0.21,-4.53,0.82,0
2013-07-17,1.02,2.0,0.92,23.64,0.01,-0.65,-5.44,0.26,0
2013-07-18,0.49,0.0,0.46,22.5,-0.09,0.02,-4.62,0.71,0
2013-07-19,0.48,0.0,1.03,21.24,0.0,0.11,-3.55,0.77,0
2013-07-22,1.43,1.0,1.07,21.68,0.0,0.63,-0.42,0.86,0
2013-07-23,0.68,1.0,0.53,21.58,0.03,0.64,0.56,0.85,0
2013-07-24,1.09,1.0,0.61,22.67,0.08,-0.65,-1.06,0.2,0
2013-07-25,0.8,1.0,0.59,21.86,-0.02,0.66,-0.03,0.92,0
2013-07-26,0.95,1.0,0.6,22.29,0.0,0.52,0.18,0.68,0
2013-07-29,0.49,1.0,0.41,22.78,-0.08,-0.11,0.07,0.39,0
2013-07-30,0.43,1.0,0.28,23.68,0.03,0.12,-0.08,0.69,0
2013-07-31,1.29,1.0,0.73,24.47,0.06,0.21,-0.28,0.55,0
2013-08-01,0.79,0.0,0.42,24.52,-0.01,-0.58,-1.12,0.11,0
2013-08-02,1.21,1.0,0.88,24.17,-0.2,0.38,-1.21,0.71,0
2013-08-05,0.74,2.0,0.5,23.4,-0.04,-0.39,-1.63,0.16,0
2013-08-06,0.96,0.0,0.96,23.78,0.02,-0.27,-2.86,0.18,0
2013-08-07,0.56,2.0,0.7,23.39,0.0,0.21,-2.61,0.72,0
2013-08-08,1.1,0.0,1.07,21.77,0.0,0.72,-0.31,0.96,0
2013-08-09,0.43,0.0,0.61,21.41,-0.03,0.05,-0.21,0.63,0
2013-08-12,1.07,1.0,0.71,21.45,0.02,0.33,1.82,0.77,0
2013-08-13,0.82,0.0,0.96,21.39,-0.03,-0.45,0.74,0.14,0
2013-08-14,0.75,1.0,0.73,21.21,0.0,0.57,1.9,0.95,0
2013-08-15,1.86,0.0,1.62,22.37,0.08,1.35,4.14,0.87,1
2013-08-16,0.76,1.0,1.12,22.9,-0.07,0.31,4.99,0.71,0
2013-08-19,0.77,1.0,0.78,24.1,-0.1,-0.21,4.64,0.24,0
2013-08-20,0.85,0.0,0.99,23.79,-0.04,0.15,4.91,0.73,0
2013-08-21,0.66,1.0,1.08,23.12,-0.04,0.0,4.73,0.46,0
2013-08-22,1.02,1.0,1.03,22.77,0.04,0.26,5.24,0.77,0
2013-08-23,1.24,1.0,1.24,22.75,0.06,0.64,6.95,0.89,0
2013-08-26,0.62,2.0,0.95,23.61,0.03,0.44,7.35,0.74,0
2013-08-27,1.01,1.0,1.26,23.86,0.03,0.07,8.37,0.71,0
2013-08-28,0.69,1.0,0.99,25.84,-0.02,-0.45,8.3,0.07,0
2013-08-29,0.56,1.0,0.95,24.41,-0.05,-0.14,7.61,0.32,0
2013-08-30,0.75,1.0,0.96,24.47,-0.09,-0.3,6.52,0.17,0
2013-09-03,1.7,8.0,1.46,25.33,0.0,1.05,7.71,0.9,1
2013-09-04,1.11,1.0,1.04,24.67,-0.03,-0.08,6.18,0.32,0
2013-09-05,1.29,0.0,1.41,25.5,-0.02,-0.73,4.04,0.11,0
2013-09-06,1.24,0.0,1.06,23.59,0.11,0.5,5.32,0.82,0
2013-09-09,0.44,2.0,0.37,22.06,-0.04,-0.01,5.02,0.41,0
2013-09-10,1.2,2.0,0.84,22.53,0.13,-0.2,3.02,0.2,0
2013-09-11,0.51,1.0,0.49,22.61,0.06,0.07,2.77,0.66,0
2013-09-12,1.65,1.0,1.32,24.98,0.03,-1.01,-0.37,0.05,0
2013-09-13,0.94,1.0,1.23,25.02,0.03,0.54,-0.57,0.75,0
2013-09-16,1.09,2.0,1.14,24.86,0.12,-0.81,-1.73,0.05,0
2013-09-17,0.68,0.0,0.71,25.36,-0.01,-0.25,-1.78,0.28,0
2013-09-18,2.89,1.0,1.8,23.18,-0.09,3.2,2.35,0.99,1
2013-09-19,0.59,1.0,0.81,21.79,0.13,-0.06,2.16,0.46,0
2013-09-20,1.35,1.0,1.18,22.15,0.02,-1.29,-0.97,0.02,0
2013-09-23,0.58,1.0,0.84,22.59,0.0,-0.27,-1.47,0.38,0
2013-09-24,0.75,1.0,1.1,22.91,-0.07,0.43,-1.39,0.73,0
2013-09-25,0.68,1.0,1.36,21.87,-0.03,0.39,-0.66,0.77,0
2013-09-26,0.69,0.0,1.08,22.09,0.01,-0.4,-1.38,0.24,0
2013-09-27,0.76,0.0,1.17,22.36,0.02,0.1,-0.53,0.67,0
2013-09-30,0.92,0.0,1.09,23.61,0.18,-0.27,-1.22,0.22,0
2013-10-01,1.83,0.0,2.57,25.5,-0.03,-0.5,-4.11,0.14,1
2013-10-02,1.56,0.0,1.73,24.0,-0.03,0.7,-2.09,0.85,0
2013-10-03,0.63,0.0,1.3,24.54,-0.02,0.33,-1.98,0.77,0
2013-10-04,0.74,0.0,0.94,24.87,0.0,-0.22,-2.52,0.26,0
2013-10-07,0.69,0.0,0.73,24.78,0.04,0.18,-1.55,0.69,0
2013-10-08,0.5,1.0,0.68,25.38,-0.01,-0.32,-1.79,0.28,0
2013-10-09,0.96,1.0,1.21,25.88,-0.04,-0.01,-2.8,0.44,0
2013-10-10,0.88,1.0,0.94,24.89,0.07,-0.93,-4.2,0.06,0
2013-10-11,1.17,2.0,1.37,25.86,-0.11,-0.33,-5.45,0.29,0
2013-10-14,0.7,1.0,0.85,26.41,0.13,-0.51,-5.17,0.19,0
2013-10-15,1.22,1.0,1.6,26.13,0.04,0.9,-4.51,0.83,0
2013-10-16,0.69,1.0,0.98,24.61,-0.07,0.12,-4.59,0.51,0
2013-10-17,1.66,0.0,1.65,22.26,-0.08,0.72,-1.59,0.92,0
2013-10-18,0.55,2.0,0.53,21.43,-0.04,-0.22,-2.06,0.18,0
2013-10-21,0.37,1.0,0.32,21.58,-0.02,-0.1,-1.95,0.26,0
2013-10-22,1.2,1.0,1.11,20.71,-0.03,0.78,-0.13,0.88,0
2013-10-23,0.46,0.0,0.5,20.49,-0.04,-0.08,-0.67,0.34,0
2013-10-24,0.78,2.0,0.95,20.65,-0.05,0.13,0.25,0.72,0
2013-10-25,0.78,1.0,0.69,19.9,0.02,0.42,0.67,0.76,0
2013-10-28,0.57,0.0,0.53,20.31,0.06,-0.07,0.77,0.47,0
2013-10-29,0.69,1.0,0.69,20.63,-0.01,-0.25,0.16,0.18,0
2013-10-30,0.94,1.0,1.3,20.83,-0.06,-0.37,0.08,0.35,0
2013-10-31,0.91,2.0,1.07,20.61,-0.13,-0.34,-1.37,0.17,0
2013-11-01,0.79,2.0,0.84,20.84,0.03,0.09,-1.88,0.44,0
2013-11-04,0.41,1.0,0.51,20.3,-0.17,-0.15,-1.86,0.29,0
2013-11-05,0.56,1.0,0.73,20.14,-0.1,0.0,-1.97,0.4,0
2013-11-06,0.49,1.0,0.66,19.41,0.03,0.04,-1.39,0.67,0
2013-11-07,1.23,1.0,1.43,20.07,0.03,-0.36,-2.08,0.32,0
2013-11-08,1.33,0.0,1.26,19.45,0.02,-0.49,-3.37,0.19,0
2013-11-11,0.4,1.0,0.5,19.14,0.05,0.0,-3.48,0.38,0
2013-11-12,0.98,1.0,1.37,21.32,0.01,-0.49,-4.43,0.32,0
2013-11-13,0.58,1.0,1.28,20.48,-0.01,-0.09,-3.91,0.48,0
2013-11-14,0.67,0.0,2.11,19.51,0.0,0.05,-2.62,0.6,0
2013-11-15,0.48,2.0,0.61,18.16,-0.05,0.08,-2.48,0.62,0
2013-11-18,0.83,1.0,1.28,19.57,-0.01,-0.33,-3.39,0.2,0
2013-11-19,0.44,2.0,0.83,19.32,0.0,-0.07,-3.21,0.51,0
2013-11-20,1.54,1.0,2.85,23.05,0.07,-0.94,-5.33,0.1,1
2013-11-21,0.58,1.0,1.2,21.28,-0.03,0.03,-5.26,0.49,0
2013-11-22,0.34,1.0,0.71,20.48,0.03,-0.12,-5.14,0.27,0
2013-11-25,1.27,1.0,1.48,19.97,-0.03,0.57,-4.63,0.76,0
2013-11-26,0.88,1.0,0.53,19.65,0.2,-0.31,-4.93,0.19,0
2013-11-27,0.76,0.0,0.8,19.83,-0.03,-0.52,-5.19,0.1,0
2013-12-02,1.44,1.0,0.9,21.47,-0.06,-1.11,-6.45,0.02,0
2013-12-03,0.46,0.0,0.81,21.08,-0.01,0.07,-5.98,0.66,0
2013-12-04,1.82,1.0,2.12,20.69,0.03,0.68,-4.19,0.81,1
2013-12-05,1.1,0.0,1.52,21.82,-0.07,-0.12,-5.4,0.38,0
2013-12-06,1.58,1.0,2.95,20.71,0.0,-0.15,-5.1,0.56,1
2013-12-09,0.69,1.0,0.56,20.67,0.11,0.42,-4.04,0.86,0
2013-12-10,1.25,1.0,1.26,19.6,0.06,0.33,-2.16,0.83,0
2013-12-11,0.46,1.0,0.67,19.92,0.07,-0.36,-2.8,0.1,0
2013-12-12,1.39,1.0,0.97,22.24,0.03,-0.51,-4.86,0.08,0
2013-12-13,0.75,0.0,0.54,21.9,-0.04,0.42,-3.86,0.92,0
2013-12-16,0.99,1.0,0.71,21.87,-0.03,-0.05,-3.49,0.52,0
2013-12-17,0.86,0.0,0.89,21.76,0.02,-0.26,-4.09,0.21,0
2013-12-18,1.19,3.0,1.74,20.37,-0.04,-0.91,-4.84,0.15,1
2013-12-19,1.56,1.0,1.38,21.93,0.1,-0.98,-7.03,0.05,1
2013-12-20,0.75,0.0,0.91,21.0,0.0,0.3,-5.97,0.72,0
2013-12-23,0.56,1.0,0.41,20.8,0.04,-0.1,-6.08,0.42,0
2013-12-26,0.59,2.0,0.4,19.79,-0.04,-0.1,-5.0,0.55,0
2013-12-27,0.46,1.0,0.37,19.17,0.0,0.01,-4.52,0.56,0
2013-12-30,1.04,1.0,0.57,20.67,0.12,-0.53,-5.77,0.15,0
2013-12-31,1.42,0.0,1.63,21.74,0.07,0.35,-5.0,0.7,0
2014-01-02,1.28,1.0,0.87,20.42,-0.06,0.01,-3.42,0.63,0
2014-01-03,0.69,0.0,0.73,19.18,-0.08,0.27,-2.12,0.83,0
2014-01-06,1.27,0.0,1.03,19.52,0.03,-0.11,-1.94,0.64,0
2014-01-07,0.86,1.0,0.59,19.15,0.03,0.1,-2.16,0.39,0
2014-01-08,0.58,0.0,1.04,19.43,-0.03,0.05,-2.61,0.45,0
2014-01-09,0.34,2.0,0.45,18.49,0.0,0.05,-2.16,0.55,0
2014-01-10,0.98,0.0,1.15,17.33,0.02,0.48,-0.45,0.89,0
2014-01-13,0.5,1.0,0.55,16.72,0.03,0.39,0.34,0.98,0
2014-01-14,0.63,1.0,0.82,16.5,-0.04,-0.36,-0.39,0.15,0
2014-01-15,0.49,0.0,0.56,16.51,-0.02,0.21,-0.44,0.7,0
2014-01-16,0.42,0.0,0.46,15.42,0.02,0.11,-0.24,0.67,0
2014-01-17,0.84,1.0,0.69,14.3,0.0,0.43,0.82,0.95,0
2014-01-21,1.45,1.0,1.05,15.92,-0.08,-0.33,-0.08,0.21,0
2014-01-22,0.44,1.0,0.42,15.53,-0.06,-0.34,-0.39,0.04,0
2014-01-23,1.8,0.0,1.58,15.93,0.02,0.58,1.84,0.87,0
2014-01-24,1.18,1.0,1.11,17.38,0.0,0.2,2.38,0.47,0
2014-01-27,1.28,2.0,1.02,18.37,0.08,-0.6,1.37,0.15,0
2014-01-28,0.66,1.0,0.71,18.71,-0.06,0.0,1.25,0.41,0
2014-01-29,0.96,2.0,0.35,17.47,-0.25,0.6,2.53,0.98,1
2014-01-30,1.45,0.0,1.09,17.8,-0.07,-0.31,0.38,0.18,0
2014-01-31,0.76,1.0,1.12,18.53,0.04,-0.03,0.64,0.37,0
2014-02-03,1.23,0.0,1.56,19.15,-0.01,0.09,1.74,0.66,0
2014-02-04,0.65,1.0,0.6,18.51,0.0,0.18,1.52,0.61,0
2014-02-05,1.06,0.0,1.49,18.54,-0.07,-0.26,1.77,0.25,0
2014-02-06,0.71,1.0,0.77,17.88,0.0,-0.12,1.73,0.32,0
2014-02-07,0.81,1.0,1.25,16.6,-0.09,0.37,2.47,0.69,0
2014-02-10,0.59,0.0,0.62,17.09,0.03,0.12,3.08,0.77,0
2014-02-11,1.07,0.0,1.75,16.88,0.01,0.37,4.28,0.83,0
2014-02-12,0.6,0.0,0.93,16.27,-0.08,-0.06,4.2,0.53,0
2014-02-13,0.83,1.0,0.67,16.07,-0.02,0.44,5.05,0.95,0
2014-02-14,1.08,0.0,0.94,16.21,-0.06,0.24,6.26,0.86,0
2014-02-18,1.06,2.0,1.25,16.31,0.01,-0.01,6.35,0.48,0
2014-02-19,0.72,1.0,0.85,16.22,0.01,-0.51,5.31,0.11,0
2014-02-20,0.91,1.0,0.84,15.87,-0.01,0.64,6.26,0.93,0
2014-02-21,0.69,2.0,0.63,15.78,0.01,0.12,6.1,0.66,0
2014-02-24,1.03,1.0,0.96,15.98,-0.01,0.29,6.97,0.87,0
2014-02-25,0.63,1.0,0.67,15.89,-0.16,0.16,7.14,0.73,0
2014-02-26,1.25,0.0,1.09,16.42,-0.04,-0.25,6.06,0.31,0
2014-02-27,0.65,1.0,0.56,15.88,-0.05,-0.01,6.05,0.56,0
2014-02-28,0.86,1.0,0.94,16.02,0.02,-0.14,5.37,0.4,0
2014-03-03,1.33,0.0,1.26,17.12,0.23,0.34,7.43,0.88,1
2014-03-04,1.13,1.0,1.13,16.8,0.1,-0.26,5.87,0.19,0
2014-03-05,0.46,1.0,0.63,16.61,-0.03,-0.03,5.88,0.48,0
2014-03-06,1.18,1.0,1.07,16.39,-0.09,0.5,6.71,0.86,0
2014-03-07,1.43,0.0,1.67,15.79,-0.1,0.1,5.57,0.47,0
2014-03-10,0.82,0.0,0.6,15.89,-0.02,0.12,5.38,0.72,0
2014-03-11,0.75,1.0,1.08,16.11,0.07,0.16,5.73,0.66,0
2014-03-12,1.28,1.0,1.25,16.66,-0.09,0.28,7.07,0.84,0
2014-03-13,0.54,1.0,0.79,17.27,0.03,0.13,7.2,0.72,0
2014-03-14,1.08,1.0,1.47,18.26,0.09,0.19,7.68,0.71,0
2014-03-17,1.58,1.0,1.33,17.82,0.13,-0.67,6.12,0.14,0
2014-03-18,0.84,1.0,1.36,17.39,-0.01,-0.16,5.07,0.26,0
2014-03-19,1.65,1.0,1.92,17.68,0.1,-0.77,2.88,0.08,0
2014-03-20,0.7,2.0,0.97,16.89,0.11,-0.04,2.55,0.48,0
2014-03-21,0.7,0.0,0.78,16.36,0.09,-0.17,2.88,0.4,0
2014-03-24,1.36,1.0,1.25,17.55,0.01,-0.63,0.83,0.07,0
2014-03-25,0.61,0.0,0.64,17.15,-0.13,-0.02,0.9,0.54,0
2014-03-26,0.97,0.0,1.19,17.29,0.0,-0.4,-0.07,0.18,0
2014-03-27,0.93,1.0,0.48,17.68,0.11,-0.28,-0.71,0.27,0
2014-03-28,0.68,0.0,0.83,17.52,0.04,-0.01,-0.82,0.54,0
2014-03-31,0.83,1.0,0.72,17.43,-0.12,-0.48,-1.62,0.08,0
2014-04-01,0.63,1.0,0.65,16.67,-0.03,-0.13,-1.91,0.39,0
2014-04-02,0.83,1.0,0.78,16.15,0.05,0.06,-1.23,0.71,0
2014-04-03,0.69,1.0,0.53,16.09,0.05,0.01,-1.58,0.38,0
2014-04-04,1.48,1.0,1.08,15.74,0.05,0.36,-0.38,0.69,0
2014-04-07,0.51,1.0,0.52,15.98,-0.02,-0.28,-1.0,0.05,0
2014-04-08,0.94,0.0,0.73,16.02,-0.04,0.02,-0.07,0.69,0
2014-04-09,0.83,1.0,0.85,14.84,0.01,0.26,-0.03,0.64,0
2014-04-10,0.75,2.0,0.7,14.98,0.03,-0.09,0.5,0.47,0
2014-04-11,0.51,0.0,0.45,15.16,0.02,-0.04,0.39,0.41,0
2014-04-14,0.74,0.0,0.79,15.32,0.23,0.05,0.94,0.62,0
2014-04-15,2.58,2.0,1.67,16.09,-0.08,0.07,-0.97,0.47,1
2014-04-16,0.72,1.0,0.61,15.46,-0.05,0.2,-1.04,0.75,0
2014-04-17,0.65,1.0,0.57,16.02,0.01,-0.32,-1.77,0.14,0
2014-04-21,1.11,1.0,0.86,16.3,0.06,0.13,-2.22,0.35,0
2014-04-22,0.96,0.0,0.94,16.27,0.03,0.08,-2.62,0.56,0
2014-04-23,0.43,0.0,0.59,15.56,0.03,0.01,-2.67,0.46,0
2014-04-24,1.71,0.0,1.89,15.85,-0.07,0.65,-2.04,0.81,0
2014-04-25,0.79,0.0,0.86,16.06,0.05,0.2,-1.35,0.79,0
2014-04-28,0.75,0.0,0.8,15.56,0.02,-0.19,-1.79,0.3,0
2014-04-29,0.83,1.0,0.89,15.36,0.0,0.1,-1.82,0.63,0
2014-04-30,0.74,1.0,1.29,15.55,-0.1,-0.12,-2.25,0.38,0
2014-05-01,0.88,2.0,0.95,15.18,0.09,0.18,-2.59,0.49,0
2014-05-02,1.8,0.0,1.77,14.91,0.0,0.57,-1.51,0.81,0
2014-05-05,1.06,1.0,0.76,15.55,0.05,0.08,-0.57,0.74,0
2014-05-06,0.51,1.0,0.55,15.01,0.02,-0.06,-0.77,0.35,0
2014-05-07,1.55,1.0,1.64,15.43,0.02,-0.68,-2.09,0.14,0
2014-05-08,0.56,0.0,0.67,14.83,0.04,-0.03,-2.04,0.44,0
2014-05-09,0.49,1.0,0.49,14.79,0.07,-0.05,-2.01,0.4,0
2014-05-12,1.45,1.0,1.19,14.07,0.02,0.11,-1.32,0.74,0
2014-05-13,0.61,2.0,0.76,13.62,-0.04,-0.03,-1.53,0.57,0
2014-05-14,0.98,0.0,0.91,13.63,0.01,0.24,-0.49,0.84,0
2014-05-15,1.08,1.0,0.83,14.65,-0.05,-0.23,-1.26,0.43,0
2014-05-16,0.6,1.0,0.54,14.07,-0.07,-0.01,-1.4,0.51,0
2014-05-19,0.83,1.0,0.67,14.13,-0.03,-0.37,-1.27,0.19,0
2014-05-20,0.64,0.0,0.83,14.09,0.01,0.17,-1.12,0.78,0
2014-05-21,0.75,0.0,0.87,14.54,-0.07,0.13,-1.28,0.65,0
2014-05-22,0.83,1.0,0.83,13.98,0.0,-0.13,-0.92,0.38,0
2014-05-23,0.53,0.0,0.83,14.57,0.02,0.05,-0.98,0.7,0
2014-05-27,1.88,5.0,1.57,16.25,-0.07,-0.81,-2.94,0.09,1
2014-05-28,0.69,0.0,0.66,15.9,-0.1,-0.31,-3.32,0.29,0
2014-05-29,0.56,0.0,1.51,15.02,0.12,0.02,-3.35,0.48,0
2014-05-30,1.1,1.0,1.06,15.36,0.05,0.06,-3.62,0.46,0
2014-06-02,0.58,1.0,0.85,15.64,0.02,-0.17,-4.01,0.25,0
2014-06-03,0.44,1.0,0.62,15.11,0.01,0.15,-3.66,0.86,0
2014-06-04,0.42,0.0,0.43,14.76,0.06,-0.2,-3.77,0.07,0
2014-06-05,1.06,1.0,1.17,14.27,0.01,0.22,-2.92,0.71,0
2014-06-06,0.79,1.0,0.95,13.28,0.06,0.0,-2.87,0.57,0
2014-06-09,0.33,0.0,0.29,12.71,-0.06,-0.05,-2.72,0.29,0
2014-06-10,0.9,1.0,0.71,12.33,0.03,0.19,-2.08,0.8,0
2014-06-11,0.44,1.0,0.41,12.35,0.0,-0.1,-2.02,0.32,0
2014-06-12,1.14,0.0,0.87,12.94,0.02,0.43,-1.0,0.93,0
2014-06-13,0.48,1.0,0.57,12.41,0.03,0.2,-0.77,0.78,0
2014-06-16,1.02,1.0,1.18,12.42,0.08,-0.38,-1.1,0.1,0
2014-06-17,1.16,2.0,1.0,12.5,-0.05,0.29,-1.2,0.83,0
2014-06-18,0.68,1.0,0.73,12.02,0.07,0.26,-0.85,0.85,0
2014-06-19,3.27,0.0,2.47,14.5,0.06,1.25,2.61,0.91,1
2014-06-20,1.0,0.0,1.13,12.98,-0.01,0.11,2.42,0.56,0
2014-06-23,0.54,0.0,0.57,12.91,-0.03,0.22,2.57,0.83,0
2014-06-24,0.77,0.0,1.0,12.89,-0.01,-0.16,2.68,0.38,0
2014-06-25,1.43,1.0,1.07,12.86,-0.02,0.21,2.71,0.75,0
2014-06-26,0.9,1.0,1.04,12.73,0.08,0.19,2.48,0.7,0
2014-06-27,0.57,1.0,0.7,12.64,-0.03,-0.13,2.46,0.33,0
2014-06-30,1.23,1.0,1.15,14.16,0.08,0.74,3.44,0.98,0
2014-07-01,0.68,0.0,1.32,13.76,-0.11,-0.06,3.21,0.31,0
2014-07-02,0.71,1.0,0.7,13.73,0.07,-0.09,3.11,0.44,0
2014-07-03,1.4,0.0,1.35,12.99,-0.06,0.13,2.49,0.61,0
2014-07-07,0.79,1.0,0.76,12.96,-0.01,0.19,2.46,0.69,0
2014-07-08,0.85,0.0,0.97,12.84,-0.03,0.02,2.37,0.44,0
2014-07-09,1.02,1.0,1.13,13.04,-0.01,0.19,2.99,0.66,0
2014-07-10,1.37,2.0,1.63,12.86,-0.12,-0.16,3.61,0.53,0
2014-07-11,0.44,2.0,0.51,13.27,0.09,0.07,3.67,0.58,0
2014-07-14,2.7,1.0,2.24,14.33,0.05,-0.77,1.15,0.14,1
2014-07-15,1.37,1.0,1.51,14.47,0.06,-0.56,0.22,0.11,0
2014-07-16,0.59,1.0,0.68,14.31,0.03,-0.12,0.44,0.34,0
2014-07-17,1.75,1.0,1.74,14.99,0.01,0.54,2.24,0.83,0
2014-07-18,1.21,1.0,0.8,14.36,-0.16,0.0,1.48,0.31,0
2014-07-21,0.6,1.0,0.6,14.69,-0.13,-0.05,1.58,0.42,0
2014-07-22,0.86,0.0,1.31,14.63,0.06,-0.17,1.06,0.33,0
2014-07-23,0.51,1.0,0.98,14.05,0.07,-0.12,0.95,0.24,0
2014-07-24,1.11,0.0,1.62,14.35,-0.08,-0.15,-0.04,0.31,0
2014-07-25,1.22,1.0,0.78,14.68,0.01,0.67,1.04,0.79,0
2014-07-28,0.47,1.0,0.5,14.56,0.02,-0.01,0.87,0.43,0
2014-07-29,0.98,2.0,0.58,15.01,0.1,-0.21,0.53,0.29,0
2014-07-30,0.74,1.0,0.53,14.84,0.14,0.07,0.41,0.52,0
2014-07-31,1.15,1.0,0.79,15.53,-0.04,-0.42,-0.82,0.1,0
2014-08-01,1.25,0.0,0.7,14.36,0.04,0.16,0.03,0.67,0
2014-08-04,0.57,1.0,0.3,14.16,0.03,-0.14,-0.33,0.28,0
2014-08-05,0.75,1.0,0.61,14.72,0.01,-0.02,-0.36,0.48,0
2014-08-06,1.49,1.0,0.85,14.58,0.2,0.41,1.12,0.88,0
2014-08-07,0.75,1.0,0.61,14.79,-0.06,0.19,1.36,0.71,0
2014-08-08,1.13,1.0,0.88,14.87,0.06,-0.09,1.37,0.39,0
2014-08-11,0.43,1.0,0.4,14.43,-0.17,0.02,1.0,0.51,0
2014-08-12,0.8,1.0,0.63,14.4,-0.06,-0.23,0.95,0.26,0
2014-08-13,0.68,0.0,0.78,13.69,-0.01,0.0,1.04,0.65,0
2014-08-14,0.7,1.0,0.68,12.59,0.03,-0.02,1.08,0.37,0
2014-08-15,1.56,1.0,1.28,13.46,-0.04,0.2,0.27,0.53,0
2014-08-18,0.59,0.0,0.57,13.48,-0.04,-0.08,-0.31,0.27,0
2014-08-19,0.58,1.0,0.53,13.5,0.01,-0.08,-0.5,0.31,0
2014-08-20,0.71,1.0,0.52,13.56,0.13,-0.2,-1.02,0.26,0
2014-08-21,1.34,0.0,1.51,13.86,0.04,-0.18,-2.1,0.24,0
2014-08-22,0.59,2.0,0.61,13.49,0.05,0.15,-1.86,0.76,0
2014-08-25,0.4,2.0,0.52,13.57,-0.11,-0.13,-2.23,0.07,0
2014-08-26,1.43,1.0,1.04,13.15,-0.19,-0.24,-1.73,0.41,0
2014-08-27,0.52,0.0,0.45,12.84,-0.19,-0.11,-1.78,0.3,0
2014-08-28,1.0,0.0,1.0,12.73,0.03,-0.05,-1.19,0.51,0
2014-08-29,0.61,0.0,0.69,12.83,0.03,0.02,-1.4,0.46,0
2014-09-02,1.99,1.0,1.83,14.09,0.05,-0.61,-3.06,0.09,0
2014-09-03,0.77,1.0,0.82,13.42,0.04,0.2,-2.65,0.84,0
2014-09-04,1.2,1.0,1.79,13.9,0.04,-0.53,-3.1,0.14,0
2014-09-05,1.23,2.0,0.95,13.28,-0.11,0.25,-2.61,0.69,0
2014-09-08,1.4,2.0,1.32,14.46,-0.09,-0.16,-3.53,0.21,0
2014-09-09,0.75,1.0,1.28,15.35,0.1,0.33,-3.33,0.84,0
2014-09-10,0.95,1.0,1.5,16.22,0.03,0.02,-3.75,0.44,0
2014-09-11,1.1,0.0,1.48,16.51,0.04,0.04,-4.25,0.5,0
2014-09-12,0.97,0.0,1.43,17.94,-0.07,-0.19,-5.01,0.22,0
2014-09-15,0.96,1.0,0.84,16.46,-0.05,0.08,-4.6,0.63,0
2014-09-16,0.74,1.0,1.22,16.48,-0.08,-0.12,-4.37,0.32,0
2014-09-17,1.39,2.0,1.87,16.16,0.03,-0.84,-5.29,0.01,0
2014-09-18,0.82,0.0,1.48,15.54,-0.01,0.22,-4.95,0.73,0
2014-09-19,0.99,0.0,1.72,16.95,0.07,-0.25,-5.45,0.2,0
2014-09-22,0.79,1.0,1.21,16.44,-0.03,0.05,-5.35,0.6,0
2014-09-23,1.52,1.0,1.7,16.63,-0.01,-0.23,-4.61,0.37,0
2014-09-24,0.67,1.0,1.18,17.14,-0.18,-0.26,-4.93,0.11,0
2014-09-25,1.23,0.0,1.53,17.89,-0.03,0.48,-4.49,0.8,0
2014-09-26,1.35,1.0,1.44,17.92,0.02,-0.05,-4.65,0.29,0
2014-09-29,0.53,2.0,0.57,17.17,0.1,-0.23,-4.64,0.05,0
2014-09-30,1.11,0.0,2.27,18.89,-0.05,-0.19,-5.07,0.31,0
2014-10-01,0.99,1.0,1.37,18.7,0.09,0.06,-4.46,0.66,0
2014-10-02,1.14,1.0,1.16,18.27,-0.02,-0.1,-4.38,0.29,0
2014-10-03,1.64,0.0,1.56,19.16,0.07,-0.74,-5.99,0.06,0
2014-10-06,1.63,1.0,2.09,17.62,0.01,0.62,-4.66,0.92,0
2014-10-07,0.68,1.0,0.62,17.45,0.01,0.15,-4.24,0.74,0
2014-10-08,1.19,2.0,1.06,17.65,0.06,0.6,-3.2,0.88,0
2014-10-09,0.89,1.0,0.88,17.79,-0.03,-0.26,-2.94,0.29,0
2014-10-10,0.5,2.0,0.61,18.12,-0.04,0.17,-2.79,0.77,0
2014-10-13,0.85,2.0,1.02,17.47,0.05,0.24,-1.98,0.67,0
2014-10-14,0.49,1.0,0.89,17.94,0.07,-0.03,-1.79,0.37,0
2014-10-15,1.79,1.0,2.19,20.07,-0.04,0.02,-1.41,0.56,1
2014-10-16,0.96,0.0,0.64,19.67,0.41,-0.01,-1.14,0.34,1
2014-10-17,0.6,1.0,0.58,18.21,0.0,0.06,-1.21,0.62,0
2014-10-20,0.88,0.0,0.47,17.38,0.03,0.26,-0.42,0.81,0
2014-10-21,0.61,1.0,0.78,16.99,0.1,-0.18,-0.14,0.3,0
2014-10-22,0.62,1.0,0.45,16.53,0.05,-0.26,-0.6,0.12,0
2014-10-23,1.19,0.0,1.15,16.87,-0.03,-0.01,-1.21,0.37,0
2014-10-24,0.4,0.0,0.47,16.27,0.11,-0.04,-1.23,0.44,0
2014-10-27,0.39,0.0,0.2,16.51,-0.03,-0.08,-1.31,0.42,0
2014-10-28,0.87,0.0,0.5,16.3,-0.03,-0.06,-1.18,0.47,0
2014-10-29,1.59,1.0,1.44,16.65,-0.03,-0.71,-2.49,0.11,0
2014-10-30,1.36,0.0,1.67,18.05,0.02,-0.37,-3.38,0.15,0
2014-10-31,2.7,1.0,1.59,21.44,0.01,-0.29,-5.45,0.26,1
2014-11-03,0.69,1.0,0.62,21.14,-0.1,-0.17,-5.66,0.39,0
2014-11-04,0.67,0.0,0.7,20.04,0.07,-0.15,-5.47,0.26,0
2014-11-05,1.92,0.0,2.38,23.05,0.01,-0.36,-7.28,0.15,1
2014-11-06,0.65,2.0,1.1,23.08,0.07,-0.13,-7.04,0.43,0
2014-11-07,2.69,1.0,2.88,21.54,0.05,1.61,-4.2,0.94,1
2014-11-10,1.58,1.0,1.29,22.1,-0.06,-1.3,-6.24,0.03,1
2014-11-11,1.42,1.0,1.15,21.28,-0.02,0.62,-4.62,0.72,0
2014-11-12,0.7,1.0,1.01,21.39,0.03,-0.28,-4.91,0.28,0
2014-11-13,0.77,1.0,0.84,20.99,-0.06,0.06,-4.54,0.62,0
2014-11-14,2.48,1.0,2.73,23.36,-0.04,1.69,-2.03,0.94,1
2014-11-17,0.62,0.0,1.09,23.43,-0.05,-0.01,-2.25,0.41,0
2014-11-18,1.14,1.0,1.17,23.93,0.11,0.13,-1.25,0.66,0
2014-11-19,1.34,0.0,1.7,24.31,0.02,-0.53,-2.31,0.31,0
2014-11-20,0.95,1.0,0.89,21.47,0.0,0.45,-1.29,0.9,0
2014-11-21,1.03,1.0,1.45,21.29,0.08,0.07,-0.72,0.67,0
2014-11-24,0.57,0.0,0.59,20.58,0.06,-0.04,-0.92,0.42,0
2014-11-25,0.65,0.0,0.47,20.69,0.12,0.21,-0.69,0.71,0
2014-11-26,0.41,0.0,0.46,21.22,-0.05,0.01,-0.71,0.44,0
2014-12-01,4.0,1.0,2.46,22.72,-0.24,2.14,0.71,0.91,1
2014-12-02,0.89,0.0,0.81,21.25,0.02,-0.15,-0.57,0.29,0
2014-12-03,0.91,0.0,0.64,20.66,-0.09,0.4,0.54,0.8,0
2014-12-04,0.53,1.0,0.59,20.27,-0.05,-0.12,0.18,0.4,0
2014-12-05,0.96,1.0,1.03,20.01,-0.03,-0.36,-1.03,0.24,0
2014-12-08,0.96,1.0,0.76,19.61,-0.03,0.62,0.13,0.8,0
2014-12-09,1.75,0.0,1.62,20.08,0.06,0.54,2.29,0.78,0
2014-12-10,0.57,1.0,0.84,19.27,0.01,-0.15,2.13,0.25,0
2014-12-11,0.72,2.0,0.88,19.21,-0.07,0.14,1.83,0.55,0
2014-12-12,0.67,0.0,0.77,19.45,-0.07,-0.06,1.53,0.52,0
2014-12-15,1.51,2.0,0.95,21.07,0.04,-1.45,-0.99,0.02,0
2014-12-16,1.56,0.0,1.05,22.03,0.08,-0.57,-0.65,0.23,0
2014-12-17,0.96,1.0,0.72,21.73,-0.07,-0.38,-1.17,0.34,0
2014-12-18,1.08,0.0,0.75,19.29,-0.03,-0.12,-0.4,0.39,0
2014-12-19,0.3,1.0,0.38,18.56,-0.02,-0.19,-0.68,0.15,0
2014-12-22,1.44,0.0,0.76,20.28,0.13,-1.09,-2.51,0.08,0
2014-12-23,0.52,1.0,0.44,19.79,0.02,-0.31,-2.33,0.11,0
2014-12-26,1.05,2.0,0.59,19.02,0.15,0.32,-0.35,0.82,0
2014-12-29,0.81,0.0,0.43,20.23,-0.03,-0.23,-1.24,0.28,0
2014-12-30,1.32,2.0,1.08,19.53,0.03,0.08,0.14,0.62,0
2014-12-31,1.07,2.0,0.74,20.03,-0.01,-0.59,-1.14,0.15,0
2015-01-02,1.22,0.0,1.21,20.3,0.04,0.38,-0.74,0.71,0
2015-01-05,1.31,2.0,1.29,21.32,0.11,0.69,0.88,0.91,0
2015-01-06,0.94,0.0,1.08,20.79,-0.04,0.53,2.18,0.82,0
2015-01-07,0.46,1.0,0.76,20.34,0.0,-0.08,1.64,0.33,0
2015-01-08,0.51,1.0,0.81,19.1,0.0,-0.29,1.19,0.17,0
2015-01-09,0.65,0.0,0.96,18.52,-0.04,0.43,2.36,0.94,0
2015-01-12,0.84,1.0,1.18,17.47,0.0,0.51,3.45,0.84,0
2015-01-13,0.79,1.0,1.43,17.71,-0.01,-0.45,3.24,0.2,0
2015-01-14,0.94,1.0,1.81,18.42,0.09,-0.51,3.01,0.18,0
2015-01-15,1.91,0.0,2.41,21.94,0.02,0.51,5.44,0.81,1
2015-01-16,1.21,1.0,1.7,22.72,-0.1,0.47,6.66,0.76,1
2015-01-20,1.1,4.0,1.79,23.47,0.0,0.54,7.9,0.83,1
2015-01-21,0.97,0.0,1.49,22.42,0.02,-0.17,7.66,0.42,0
2015-01-22,1.29,1.0,1.34,21.25,-0.06,0.61,8.28,0.87,0
2015-01-23,0.79,0.0,0.82,20.53,-0.05,0.03,7.26,0.56,0
2015-01-26,1.04,0.0,0.85,20.04,-0.06,-0.31,5.81,0.18,0
2015-01-27,1.11,0.0,1.1,20.08,0.0,0.71,6.84,0.9,0
2015-01-28,0.6,1.0,0.4,19.24,0.0,-0.16,5.75,0.32,0
2015-01-29,1.53,1.0,1.02,20.28,-0.04,-0.78,3.37,0.16,0
2015-01-30,1.2,1.0,1.0,19.76,0.07,1.17,5.48,0.98,0
2015-02-02,0.71,1.0,0.84,20.29,-0.1,-0.1,4.45,0.46,0
2015-02-03,1.46,0.0,1.04,20.28,-0.03,-0.59,3.26,0.17,0
2015-02-04,0.68,0.0,0.64,20.24,-0.03,0.06,3.5,0.56,0
2015-02-05,0.81,1.0,0.72,19.9,0.02,0.26,3.52,0.6,0
2015-02-06,1.79,1.0,1.21,20.47,0.11,-0.73,0.76,0.16,0
2015-02-09,0.38,0.0,0.51,20.31,0.08,0.12,1.16,0.71,0
2015-02-10,0.63,1.0,0.38,19.77,-0.09,-0.27,0.47,0.17,0
2015-02-11,0.97,1.0,0.76,20.1,0.01,-0.59,-0.74,0.1,0
2015-02-12,0.62,1.0,0.48,19.32,0.05,-0.2,-0.67,0.2,0
2015-02-13,0.55,1.0,0.68,18.53,0.08,-0.07,-0.07,0.45,0
2015-02-17,1.56,3.0,1.44,19.59,0.03,-0.79,-1.78,0.14,0
2015-02-18,0.69,2.0,0.73,19.62,0.02,0.45,-1.57,0.84,0
2015-02-19,0.83,2.0,0.77,18.59,0.05,-0.47,-1.85,0.13,0
2015-02-20,0.76,1.0,0.68,19.64,0.07,-0.54,-2.43,0.11,0
2015-02-23,1.07,0.0,0.91,19.36,0.1,0.15,-2.29,0.66,0
2015-02-24,0.63,0.0,0.78,18.77,0.02,0.19,-2.41,0.71,0
2015-02-25,0.52,0.0,0.61,17.4,0.1,-0.11,-1.95,0.4,0
2015-02-26,0.74,1.0,0.9,16.74,0.07,-0.3,-1.65,0.27,0
2015-02-27,0.69,1.0,0.86,15.86,0.02,-0.17,-1.42,0.44,0
2015-03-02,0.91,1.0,1.17,16.38,-0.05,-0.63,-1.86,0.06,0
2015-03-03,0.95,0.0,1.13,16.66,0.06,-0.31,-2.15,0.37,0
2015-03-04,0.54,0.0,0.7,16.71,0.0,-0.3,-2.43,0.12,0
2015-03-05,0.63,1.0,0.86,16.83,0.06,-0.31,-2.55,0.13,0
2015-03-06,1.87,0.0,2.05,18.27,0.03,-1.14,-5.24,0.04,1
2015-03-09,0.42,0.0,0.75,17.59,0.06,-0.32,-5.12,0.01,0
2015-03-10,0.83,0.0,1.24,19.05,0.09,-0.2,-5.54,0.43,0
2015-03-11,0.87,0.0,0.87,20.11,0.04,-0.11,-6.11,0.37,0
2015-03-12,0.87,1.0,0.91,19.07,-0.07,-0.28,-6.1,0.26,0
2015-03-13,0.5,0.0,0.68,18.9,-0.03,-0.06,-5.88,0.4,0
2015-03-16,0.74,0.0,0.84,19.05,-0.25,-0.12,-5.84,0.34,1
2015-03-17,0.9,1.0,1.21,20.83,-0.03,-0.38,-6.36,0.31,0
2015-03-18,1.67,1.0,1.55,18.95,0.03,1.1,-4.39,0.87,0
2015-03-19,1.06,1.0,1.06,17.26,-0.09,0.15,-4.4,0.53,0
2015-03-20,0.98,1.0,1.05,17.27,-0.04,0.39,-3.22,0.77,0
2015-03-23,0.61,1.0,0.67,17.22,0.15,0.47,-2.6,0.92,0
2015-03-24,0.48,1.0,0.84,16.87,0.07,0.27,-2.32,0.89,0
2015-03-25,0.68,0.0,0.52,16.33,0.03,0.06,-2.09,0.7,0
2015-03-26,1.36,1.0,0.99,16.02,-0.02,-0.25,-1.44,0.34,0
2015-03-27,0.7,0.0,0.49,15.74,-0.08,-0.06,-1.74,0.42,0
2015-03-30,0.91,0.0,0.76,16.63,0.12,-0.13,-2.73,0.2,0
2015-03-31,0.64,1.0,0.69,16.34,0.01,-0.03,-2.69,0.5,0
2015-04-01,1.54,1.0,1.07,16.07,0.04,0.64,-0.93,0.84,0
2015-04-02,0.68,0.0,0.75,16.03,-0.02,0.01,-1.02,0.53,0
2015-04-06,0.77,1.0,0.97,15.78,0.41,-0.28,0.31,0.39,1
2015-04-07,0.46,1.0,0.57,15.2,0.05,-0.09,0.02,0.35,0
2015-04-08,0.8,1.0,0.87,14.82,0.02,-0.21,-0.46,0.36,0
2015-04-09,0.6,0.0,0.8,15.02,0.01,-0.13,-1.0,0.22,0
2015-04-10,1.01,1.0,0.9,14.22,-0.02,0.39,0.24,0.84,0
2015-04-13,0.76,0.0,0.73,14.81,0.03,-0.22,-0.36,0.23,0
2015-04-14,1.03,1.0,1.28,15.12,-0.02,0.02,-0.78,0.51,0
2015-04-15,0.89,1.0,0.86,14.59,0.02,0.58,0.16,0.89,0
2015-04-16,0.82,0.0,0.9,14.56,0.01,-0.22,0.0,0.32,0
2015-04-17,0.6,1.0,0.72,14.47,0.03,0.06,0.53,0.67,0
2015-04-20,1.06,0.0,0.92,15.37,0.12,-0.24,-0.1,0.24,0
2015-04-21,0.78,1.0,0.66,15.07,-0.26,0.26,0.53,0.84,1
2015-04-22,1.24,0.0,1.22,15.83,-0.01,-0.53,-0.75,0.03,0
2015-04-23,0.87,1.0,1.01,15.88,0.06,0.33,0.07,0.78,0
2015-04-24,1.24,1.0,1.43,16.43,0.01,-0.42,-1.31,0.14,0
2015-04-27,1.75,1.0,1.71,16.46,-0.1,0.54,0.77,0.82,0
2015-04-28,0.88,1.0,1.05,16.24,0.02,0.39,1.73,0.83,0
2015-04-29,0.73,1.0,0.98,15.98,0.05,-0.36,1.01,0.2,0
2015-04-30,1.79,1.0,1.84,16.73,0.06,-0.55,-0.82,0.17,0
2015-05-01,0.86,0.0,1.18,17.35,0.06,0.24,-1.1,0.57,0
2015-05-04,0.92,0.0,1.05,17.61,0.03,0.15,-0.18,0.75,0
2015-05-05,0.75,1.0,0.78,17.15,0.03,-0.08,0.23,0.53,0
2015-05-06,0.55,0.0,0.71,17.56,0.04,-0.09,0.09,0.38,0
2015-05-07,0.79,0.0,0.94,17.9,-0.05,-0.12,-0.65,0.27,0
2015-05-08,0.71,1.0,1.06,15.87,-0.01,0.07,-0.15,0.53,0
2015-05-11,0.76,1.0,0.82,15.95,0.06,-0.15,-0.49,0.36,0
2015-05-12,0.96,2.0,0.98,15.67,-0.01,0.18,0.4,0.8,0
2015-05-13,1.67,0.0,1.71,15.96,-0.01,0.55,2.27,0.87,0
2015-05-14,0.84,0.0,1.25,16.21,-0.02,0.11,2.81,0.63,0
2015-05-15,0.83,1.0,1.0,15.49,0.06,0.44,3.06,0.97,0
2015-05-18,0.7,0.0,0.73,15.82,-0.06,-0.11,3.04,0.34,0
2015-05-19,1.16,0.0,1.18,15.83,-0.04,-0.55,1.43,0.1,0
2015-05-20,0.58,1.0,0.59,15.29,0.05,0.07,1.54,0.66,0
2015-05-21,0.68,1.0,0.73,14.66,-0.03,-0.01,1.1,0.38,0
2015-05-22,0.82,1.0,0.86,14.18,-0.01,-0.12,1.01,0.31,0
2015-05-26,1.43,2.0,1.25,15.16,-0.1,-0.58,-0.64,0.07,0
2015-05-27,0.43,1.0,0.63,14.1,0.03,0.08,-0.66,0.57,0
2015-05-28,0.73,1.0,1.01,14.54,-0.01,0.13,-0.59,0.69,0
2015-05-29,0.49,2.0,0.59,14.0,0.02,0.0,-0.51,0.53,0
2015-06-01,1.33,1.0,1.08,14.85,-0.09,-0.41,-0.58,0.3,0
2015-06-02,0.66,0.0,0.74,14.87,0.03,0.16,-0.35,0.74,0
2015-06-03,1.06,1.0,1.0,15.15,-0.02,-0.22,-1.07,0.39,0
2015-06-04,0.85,0.0,1.11,15.96,0.0,-0.16,-1.79,0.27,0
2015-06-05,1.04,1.0,0.87,15.09,-0.04,0.09,-2.3,0.49,0
2015-06-08,0.53,1.0,0.55,15.17,-0.13,0.07,-2.0,0.51,0
2015-06-09,0.68,0.0,0.6,14.84,-0.01,-0.16,-1.69,0.4,0
2015-06-10,1.14,1.0,0.81,14.37,0.05,0.01,-0.82,0.67,0
2015-06-11,0.84,1.0,0.63,14.3,0.0,-0.05,-1.29,0.43,0
2015-06-12,0.52,1.0,0.57,14.01,-0.02,0.02,-1.29,0.59,0
2015-06-15,1.23,1.0,1.26,14.3,0.01,0.29,-0.8,0.75,0
2015-06-16,0.8,0.0,0.75,14.36,-0.03,0.01,-1.17,0.45,0
2015-06-17,1.0,1.0,0.81,13.67,-0.04,0.55,-0.61,0.89,0
2015-06-18,1.54,1.0,1.28,13.52,-0.07,0.36,0.73,0.85,0
2015-06-19,0.37,0.0,0.52,13.28,-0.01,-0.07,0.57,0.38,0
2015-06-22,1.31,0.0,1.15,13.83,-0.03,-0.38,-0.77,0.15,0
2015-06-23,0.79,1.0,0.74,13.9,0.0,-0.23,-1.34,0.13,0
2015-06-24,0.68,1.0,0.99,13.82,0.07,-0.04,-1.61,0.42,0
2015-06-25,0.43,0.0,0.5,13.14,0.01,-0.09,-1.69,0.25,0
2015-06-26,0.7,1.0,1.08,13.09,0.05,0.11,-1.53,0.55,0
2015-06-29,1.04,0.0,1.52,14.45,0.5,-0.1,-1.04,0.38,1
2015-06-30,1.15,0.0,1.46,15.26,0.02,-0.04,-1.58,0.49,0
2015-07-01,0.53,0.0,0.86,14.84,0.14,-0.18,-1.93,0.08,0
2015-07-02,0.88,0.0,1.43,14.45,0.02,0.13,-2.09,0.71,0
2015-07-06,0.89,4.0,1.22,14.3,0.09,0.01,-1.77,0.51,0
2015-07-07,1.64,0.0,1.88,15.41,-0.04,-0.15,-2.91,0.34,0
2015-07-08,1.23,2.0,1.4,15.65,-0.04,0.19,-2.54,0.69,0
2015-07-09,0.81,1.0,0.83,15.49,0.1,-0.09,-2.3,0.4,0
2015-07-10,0.58,2.0,0.71,14.39,0.05,0.19,-2.05,0.71,0
2015-07-13,0.97,0.0,1.21,13.46,-0.04,0.13,-2.43,0.48,0
2015-07-14,0.47,2.0,0.76,13.22,-0.01,-0.11,-2.62,0.27,0
2015-07-15,1.01,0.0,1.33,14.29,0.03,0.04,-3.11,0.4,0
2015-07-16,0.62,0.0,0.77,13.95,-0.01,-0.02,-3.37,0.42,0
2015-07-17,1.09,0.0,1.1,16.32,-0.03,-0.21,-4.24,0.21,0
2015-07-20,3.66,1.0,2.9,19.43,-0.3,-0.62,-6.78,0.39,1
2015-07-21,0.81,1.0,1.24,19.58,0.12,-0.45,-6.9,0.2,0
2015-07-22,1.1,0.0,1.29,19.69,-0.05,0.12,-7.25,0.42,0
2015-07-23,1.2,1.0,1.41,19.33,0.05,-0.67,-7.54,0.09,0
2015-07-24,1.84,1.0,1.79,19.47,-0.03,1.18,-6.45,0.93,1
2015-07-27,1.01,1.0,1.47,20.16,-0.06,-0.24,-6.69,0.32,0
2015-07-28,0.47,0.0,0.64,18.38,0.02,0.02,-6.38,0.49,0
2015-07-29,0.72,1.0,0.49,17.23,-0.02,0.11,-6.08,0.55,0
2015-07-30,1.02,0.0,0.97,17.09,-0.03,-0.12,-6.58,0.33,0
2015-07-31,1.59,0.0,1.2,16.83,0.06,0.18,-5.82,0.6,0
2015-08-03,0.75,1.0,0.56,17.56,-0.07,-0.45,-6.33,0.08,0
2015-08-04,0.84,1.0,0.74,17.29,-0.07,-0.1,-6.03,0.51,0
2015-08-05,0.62,0.0,0.67,17.73,-0.06,-0.25,-6.21,0.1,0
2015-08-06,0.69,1.0,0.6,17.2,-0.07,0.05,-5.57,0.54,0
2015-08-07,1.12,1.0,1.33,16.57,0.07,0.06,-5.11,0.59,0
2015-08-10,1.28,1.0,1.2,16.42,0.03,0.19,-3.98,0.72,0
2015-08-11,2.0,1.0,1.41,16.55,0.0,0.12,-3.37,0.51,0
2015-08-12,1.48,1.0,1.28,16.84,-0.07,0.47,-1.96,0.92,0
2015-08-13,0.75,0.0,0.74,15.87,0.05,-0.28,-2.63,0.1,0
2015-08-14,0.56,1.0,0.68,15.63,0.01,0.0,-2.45,0.42,0
2015-08-17,0.57,0.0,0.67,15.49,-0.04,-0.09,-2.14,0.45,0
2015-08-18,0.75,0.0,1.27,15.89,0.0,0.17,-2.13,0.66,0
2015-08-19,1.17,1.0,1.54,15.92,0.03,0.6,-0.62,0.92,0
2015-08-20,1.38,1.0,1.75,16.89,-0.03,0.58,1.15,0.9,0
2015-08-21,1.19,0.0,1.67,18.44,0.2,0.21,1.86,0.53,1
2015-08-24,1.46,1.0,2.67,20.98,-0.05,-0.44,1.47,0.36,1
2015-08-25,1.32,0.0,1.32,19.85,-0.06,-0.25,0.2,0.22,0
2015-08-26,1.69,1.0,1.41,20.0,-0.23,-0.32,-1.12,0.21,1
2015-08-27,0.62,2.0,0.9,18.75,0.15,0.12,-0.92,0.65,0
2015-08-28,0.99,3.0,1.2,18.81,0.1,0.12,0.0,0.62,0
2015-08-31,0.66,1.0,0.48,19.36,-0.13,0.37,0.23,0.9,0
2015-09-01,0.77,0.0,0.75,19.62,0.0,-0.12,0.76,0.42,0
2015-09-02,0.62,0.0,0.65,18.71,0.08,-0.28,0.24,0.15,0
2015-09-03,0.8,0.0,0.81,18.58,0.07,-0.12,-0.4,0.28,0
2015-09-04,1.07,1.0,0.81,18.6,0.01,-0.02,-0.62,0.36,0
2015-09-08,0.69,4.0,0.69,18.36,-0.16,0.1,-0.48,0.65,1
2015-09-09,1.46,1.0,0.83,17.69,-0.01,-0.32,-1.75,0.26,0
2015-09-10,0.69,1.0,0.58,16.9,-0.05,0.08,-1.33,0.63,0
2015-09-11,0.94,1.0,0.59,17.47,0.2,0.29,-1.48,0.58,0
2015-09-14,0.44,0.0,0.45,17.61,-0.16,0.15,-1.23,0.81,0
2015-09-15,0.4,1.0,0.31,17.75,-0.03,-0.08,-1.49,0.4,0
2015-09-16,1.32,2.0,0.84,18.02,-0.03,0.37,0.0,0.79,0
2015-09-17,1.37,1.0,0.75,16.73,0.01,0.79,1.05,0.9,0
2015-09-18,0.89,0.0,0.94,16.4,0.04,0.24,1.92,0.85,0
2015-09-21,0.62,0.0,0.46,16.56,-0.11,-0.07,1.36,0.36,0
2015-09-22,0.93,1.0,0.76,17.39,-0.09,-0.11,0.71,0.28,0
2015-09-23,0.76,1.0,0.76,17.35,-0.12,-0.02,1.15,0.64,0
2015-09-24,1.64,1.0,1.73,19.5,0.03,0.33,3.25,0.85,0
2015-09-25,0.75,0.0,0.91,18.18,-0.07,0.11,2.76,0.52,0
2015-09-28,1.21,1.0,1.02,18.33,-0.08,-0.22,1.34,0.18,0
2015-09-29,0.64,1.0,0.78,17.69,-0.01,-0.18,0.98,0.32,0
2015-09-30,1.03,0.0,1.43,17.48,-0.09,-0.2,-0.09,0.28,0
2015-10-01,0.48,1.0,0.6,16.92,0.1,-0.09,-0.27,0.4,0
2015-10-02,2.32,1.0,2.37,16.75,0.04,0.78,1.81,0.9,1
2015-10-05,0.73,1.0,1.09,16.7,0.0,-0.05,1.57,0.5,0
2015-10-06,0.98,1.0,0.9,17.48,-0.05,0.16,2.45,0.73,0
2015-10-07,0.68,1.0,0.91,17.09,0.02,-0.22,2.24,0.27,0
2015-10-08,0.94,0.0,1.48,17.02,-0.01,-0.26,1.61,0.23,0
2015-10-09,1.3,0.0,1.1,16.96,0.1,0.32,3.14,0.91,0
2015-10-12,0.94,0.0,1.15,16.23,-0.12,-0.07,3.45,0.61,0
2015-10-13,0.97,1.0,1.16,17.02,-0.02,0.54,3.78,1.0,0
2015-10-14,1.62,1.0,1.94,17.99,-0.12,1.06,5.47,0.93,1
2015-10-15,1.02,0.0,2.03,17.94,-0.01,-0.04,4.83,0.5,0
2015-10-16,0.62,1.0,1.08,16.69,-0.05,-0.49,3.91,0.03,0
2015-10-19,0.59,0.0,0.65,16.92,-0.13,-0.3,3.31,0.11,0
2015-10-20,0.85,2.0,1.21,16.75,-0.09,0.21,3.89,0.74,0
2015-10-21,0.93,0.0,0.98,15.91,-0.05,-0.28,2.79,0.22,0
2015-10-22,0.62,1.0,0.82,15.71,0.0,-0.03,2.63,0.46,0
2015-10-23,1.33,1.0,1.13,15.67,0.07,-0.31,2.35,0.26,0
2015-10-26,0.45,2.0,0.36,15.87,-0.04,-0.18,2.22,0.19,0
2015-10-27,0.49,0.0,0.41,15.3,-0.06,0.14,2.4,0.73,0
2015-10-28,1.98,1.0,1.58,15.87,-0.09,-1.07,1.48,0.16,1
2015-10-29,1.03,0.0,1.07,15.78,0.0,-0.67,0.36,0.0,0
2015-10-30,0.65,0.0,0.73,15.39,0.06,-0.2,-0.08,0.19,0
2015-11-02,0.6,2.0,0.73,15.37,0.04,-0.17,-0.65,0.16,0
2015-11-03,1.47,1.0,1.22,16.89,0.02,-0.58,-2.14,0.11,0
2015-11-04,1.01,1.0,1.03,17.9,0.09,-0.66,-2.94,0.07,0
2015-11-05,0.51,1.0,0.79,17.83,-0.03,-0.42,-3.26,0.02,0
2015-11-06,1.5,0.0,1.33,17.35,0.05,-0.54,-4.56,0.1,0
2015-11-09,0.44,1.0,0.69,17.52,-0.04,-0.03,-4.24,0.39,0
2015-11-10,0.81,0.0,0.78,17.37,-0.01,-0.18,-4.39,0.25,0
2015-11-11,0.66,2.0,0.61,17.78,-0.15,-0.34,-4.65,0.11,0
2015-11-12,0.98,0.0,2.13,18.5,-0.03,0.11,-4.57,0.66,0
2015-11-13,0.55,0.0,0.8,18.28,0.07,-0.11,-4.71,0.24,0
2015-11-16,1.09,1.0,1.04,18.56,0.2,-0.57,-4.5,0.12,0
2015-11-17,1.26,0.0,1.59,19.8,0.08,-0.51,-5.66,0.21,0
2015-11-18,0.72,1.0,1.02,19.44,0.0,0.04,-5.57,0.51,0
2015-11-19,1.16,1.0,1.33,18.12,-0.04,0.34,-4.4,0.71,0
2015-11-20,0.75,1.0,0.88,17.45,0.08,-0.4,-4.81,0.09,0
2015-11-23,0.71,1.0,0.87,17.81,0.0,-0.22,-5.52,0.19,0
2015-11-24,0.81,0.0,0.72,16.77,0.0,0.0,-4.8,0.55,0
2015-11-25,0.83,1.0,0.37,16.41,-0.02,-0.28,-5.18,0.2,0
2015-11-30,1.09,1.0,0.84,16.95,0.04,0.36,-5.5,0.73,0
2015-12-01,0.71,1.0,1.11,16.61,0.0,0.05,-5.04,0.49,0
2015-12-02,1.39,2.0,0.93,17.34,-0.04,-0.58,-6.42,0.09,0
2015-12-03,1.21,1.0,1.48,17.74,0.04,0.7,-5.28,0.93,0
2015-12-04,1.93,0.0,2.49,15.99,0.04,1.1,-3.05,0.95,1
2015-12-07,0.93,1.0,0.74,16.29,0.04,-0.57,-4.19,0.12,0
2015-12-08,0.67,0.0,0.89,16.13,-0.27,0.14,-3.95,0.61,1
2015-12-09,0.99,0.0,1.17,17.35,0.0,-0.38,-4.01,0.2,0
2015-12-10,0.43,0.0,0.59,16.98,-0.04,-0.14,-4.03,0.27,0
2015-12-11,1.06,0.0,1.54,18.16,0.02,0.56,-3.41,0.87,0
2015-12-14,0.88,1.0,1.01,18.98,-0.06,-0.55,-4.59,0.04,0
2015-12-15,0.63,0.0,1.13,18.06,0.04,-0.23,-4.76,0.22,0
2015-12-16,1.08,1.0,1.72,15.5,0.01,0.2,-3.42,0.74,0
2015-12-17,1.6,0.0,1.6,16.04,0.01,-0.63,-5.41,0.11,0
2015-12-18,1.24,0.0,1.13,15.2,0.05,0.47,-3.8,0.75,0
2015-12-21,1.05,2.0,1.19,15.33,0.0,0.29,-2.56,0.81,0
2015-12-22,0.54,1.0,0.79,15.17,-0.03,-0.35,-2.97,0.09,0
2015-12-23,0.42,0.0,0.48,14.95,0.03,-0.12,-3.07,0.17,0
2015-12-28,0.72,1.0,0.39,16.01,0.03,-0.25,-2.83,0.19,0
2015-12-29,0.49,0.0,0.68,15.23,-0.01,-0.24,-2.67,0.04,0
2015-12-30,0.84,0.0,0.68,15.25,0.01,-0.33,-3.16,0.09,0
2015-12-31,0.39,1.0,0.52,15.02,0.05,-0.06,-2.98,0.47,0
2016-01-04,1.5,0.0,1.2,16.16,0.1,0.04,-1.37,0.62,0
2016-01-05,0.62,1.0,0.83,15.22,-0.13,0.03,-0.93,0.61,0
2016-01-06,1.39,1.0,1.63,16.27,-0.01,0.63,0.72,0.93,0
2016-01-07,1.24,2.0,1.76,17.22,0.01,0.63,2.23,0.95,0
2016-01-08,1.4,1.0,1.64,17.23,0.0,0.31,1.91,0.58,0
2016-01-11,0.91,1.0,1.14,16.56,-0.02,-0.58,1.14,0.03,0
2016-01-12,1.01,1.0,0.82,16.43,0.06,-0.04,0.78,0.36,0
2016-01-13,1.05,2.0,1.0,16.89,0.0,0.69,1.41,0.94,0
2016-01-14,1.61,1.0,1.06,16.1,0.03,-0.56,-0.16,0.22,0
2016-01-15,1.36,0.0,1.46,17.69,0.03,-0.1,1.08,0.59,0
2016-01-19,0.79,6.0,1.01,16.16,0.05,-0.04,1.03,0.43,1
2016-01-20,1.38,1.0,1.19,16.77,0.04,0.16,2.37,0.63,0
2016-01-21,0.74,1.0,0.93,16.8,0.0,0.39,2.48,0.84,0
2016-01-22,0.55,0.0,0.62,15.89,-0.02,0.0,2.04,0.43,0
2016-01-25,0.74,3.0,0.78,16.87,0.03,0.33,3.01,0.99,0
2016-01-26,1.04,1.0,0.93,17.2,0.04,0.53,4.14,0.85,0
2016-01-27,0.81,1.0,0.51,16.69,-0.01,0.64,4.52,0.87,0
2016-01-28,1.0,0.0,0.95,15.36,0.08,-0.23,3.37,0.25,0
2016-01-29,0.6,0.0,0.65,15.78,0.01,0.26,3.61,0.93,0
2016-02-01,0.93,1.0,0.49,16.61,0.1,0.52,4.7,1.0,0
2016-02-02,0.56,2.0,0.69,16.16,-0.01,0.28,4.58,0.88,0
2016-02-03,1.44,2.0,1.22,18.12,-0.03,0.64,5.53,0.77,0
2016-02-04,1.18,0.0,1.14,17.46,-0.05,0.43,6.76,0.93,0
2016-02-05,1.9,1.0,1.88,18.97,0.01,1.65,8.28,0.99,1
2016-02-08,2.25,1.0,2.11,20.56,0.01,0.4,9.6,0.72,1
2016-02-09,0.75,1.0,1.45,21.65,0.0,-0.36,9.13,0.2,0
2016-02-10,0.91,2.0,1.46,21.25,0.1,0.64,9.62,0.96,1
2016-02-11,3.89,0.0,4.66,29.12,-0.01,0.64,13.78,0.72,1
2016-02-12,0.85,0.0,1.45,24.15,0.0,-0.03,12.78,0.32,1
2016-02-16,2.44,4.0,2.36,24.61,0.1,-0.85,8.99,0.19,1
2016-02-17,0.86,2.0,1.02,24.71,0.08,0.03,9.33,0.64,1
2016-02-18,1.87,1.0,1.0,26.07,0.01,1.58,11.72,0.92,1
2016-02-19,0.66,0.0,1.19,24.92,-0.02,0.09,10.76,0.65,0
2016-02-22,1.16,1.0,1.03,23.34,0.02,-0.31,8.43,0.21,0
2016-02-23,0.93,0.0,1.03,23.63,0.03,0.41,9.82,0.89,0
2016-02-24,1.43,1.0,2.11,24.19,0.0,-0.84,9.93,0.25,1
2016-02-25,1.0,2.0,1.36,23.62,-0.04,-0.24,9.86,0.53,0
2016-02-26,1.31,0.0,1.36,21.75,-0.03,-0.06,8.8,0.44,0
2016-02-29,1.14,1.0,0.89,22.56,-0.11,0.69,9.9,0.96,0
2016-03-01,0.92,0.0,1.02,22.1,-0.06,-0.55,8.79,0.19,0
2016-03-02,0.9,2.0,0.74,21.96,-0.01,0.57,9.4,0.9,0
2016-03-03,1.36,1.0,0.92,23.67,0.04,0.91,10.84,0.8,0
2016-03-04,1.3,1.0,1.72,22.19,-0.02,-0.46,10.42,0.38,0
2016-03-07,0.69,1.0,0.66,22.12,0.03,0.05,10.51,0.61,0
2016-03-08,0.78,1.0,0.81,23.08,-0.06,-0.67,9.63,0.04,0
2016-03-09,0.95,0.0,0.99,22.38,-0.02,-0.13,8.42,0.38,0
2016-03-10,1.62,2.0,1.36,23.1,-0.04,1.02,9.73,0.91,1
2016-03-11,1.69,1.0,1.01,21.96,-0.1,-1.21,7.54,0.02,1
2016-03-14,1.3,1.0,0.86,21.33,-0.05,-1.19,5.77,0.12,0
2016-03-15,0.5,1.0,0.71,19.75,-0.01,0.1,5.48,0.62,0
2016-03-16,1.49,2.0,0.98,20.28,0.02,1.58,7.52,0.95,1
2016-03-17,0.67,1.0,1.04,18.94,-0.09,-0.63,6.81,0.1,0
2016-03-18,0.73,2.0,0.65,18.25,-0.05,-0.16,6.24,0.28,0
2016-03-21,0.61,0.0,0.64,17.38,-0.03,-0.13,5.14,0.21,0
2016-03-22,0.76,1.0,0.7,17.6,-0.01,-0.27,5.25,0.33,0
2016-03-23,1.4,1.0,0.96,17.95,-0.01,-0.51,2.6,0.14,0
2016-03-24,0.63,1.0,0.49,17.89,0.04,-0.14,2.14,0.58,0
2016-03-28,0.8,0.0,0.45,17.45,0.01,0.29,2.15,0.86,0
2016-03-29,1.13,1.0,0.33,19.36,-0.04,1.5,3.83,0.99,0
2016-03-30,0.86,1.0,0.74,18.79,0.07,-0.65,2.23,0.11,0
2016-03-31,0.67,2.0,0.65,18.53,0.0,-0.12,2.55,0.49,0
2016-04-01,1.1,1.0,1.14,18.04,-0.02,0.2,1.52,0.53,0
2016-04-04,0.34,1.0,0.51,17.93,-0.06,-0.31,0.63,0.04,0
2016-04-05,0.94,0.0,0.89,18.25,0.03,0.1,1.75,0.71,0
2016-04-06,0.67,1.0,0.79,17.8,0.03,0.03,0.94,0.45,0
2016-04-07,0.91,1.0,1.03,19.32,0.04,0.43,2.19,0.89,0
2016-04-08,0.57,1.0,0.81,18.74,-0.03,0.2,1.86,0.73,0
2016-04-11,0.8,0.0,0.88,19.66,0.13,0.32,3.07,0.85,0
2016-04-12,0.52,2.0,0.96,19.18,0.01,-0.01,2.85,0.47,0
2016-04-13,0.79,1.0,0.93,17.92,0.0,-0.31,1.46,0.19,0
2016-04-14,0.96,0.0,1.24,17.93,-0.05,-0.69,-0.19,0.06,0
2016-04-15,0.49,1.0,0.83,17.44,-0.04,0.29,0.35,0.79,0
2016-04-18,0.52,1.0,0.94,17.35,0.09,-0.33,0.01,0.09,0
2016-04-19,1.43,1.0,1.08,17.45,-0.03,0.36,1.47,0.8,0
2016-04-20,0.74,1.0,0.95,16.79,-0.02,-0.43,0.85,0.19,0
2016-04-21,1.32,0.0,1.9,17.97,-0.03,-0.46,1.17,0.26,0
2016-04-22,1.22,1.0,1.3,17.25,-0.01,-0.65,-0.32,0.24,0
2016-04-25,0.67,1.0,0.85,17.66,0.0,0.11,-0.02,0.67,0
2016-04-26,0.65,0.0,0.92,17.43,0.04,0.33,0.41,0.82,0
2016-04-27,0.67,1.0,1.13,16.49,0.02,-0.07,0.68,0.48,0
2016-04-28,1.71,1.0,1.45,17.41,-0.03,0.93,2.46,0.97,0
2016-04-29,1.51,1.0,1.79,20.41,0.0,0.81,4.34,0.88,0
2016-05-02,0.76,0.0,1.32,19.37,-0.07,-0.45,3.95,0.11,0
2016-05-03,0.93,0.0,1.48,18.68,0.0,-0.44,3.6,0.23,0
2016-05-04,0.85,1.0,1.09,19.36,-0.07,-0.16,2.87,0.4,0
2016-05-05,0.83,1.0,1.0,18.44,-0.03,-0.11,2.62,0.47,0
2016-05-06,1.01,1.0,1.4,18.65,-0.02,0.11,3.49,0.66,0
2016-05-09,1.23,1.0,1.2,18.67,-0.08,-0.73,1.31,0.04,0
2016-05-10,0.62,1.0,0.94,18.07,0.0,0.25,1.53,0.72,0
2016-05-11,0.67,1.0,0.94,18.32,-0.01,0.27,2.37,0.9,0
2016-05-12,0.73,1.0,1.02,17.89,0.01,-0.29,1.52,0.18,0
2016-05-13,0.66,1.0,0.91,18.28,0.03,0.23,1.88,0.79,0
2016-05-16,0.89,1.0,0.89,18.49,-0.07,-0.38,1.95,0.21,0
2016-05-17,0.66,1.0,1.09,18.16,-0.04,0.24,2.33,0.76,0
2016-05-18,1.39,2.0,1.16,18.25,0.03,-1.05,0.52,0.1,0
2016-05-19,0.87,1.0,1.13,17.86,-0.01,0.25,0.29,0.61,0
2016-05-20,0.55,1.0,0.48,17.09,0.03,-0.17,0.11,0.32,0
2016-05-23,0.66,1.0,0.54,16.82,-0.03,0.0,-0.13,0.49,0
2016-05-24,1.24,1.0,0.73,16.7,-0.02,-0.85,-1.88,0.01,0
2016-05-25,0.61,1.0,0.62,15.87,0.02,0.08,-2.12,0.54,0
2016-05-26,0.8,1.0,0.48,15.3,-0.04,-0.53,-2.46,0.09,0
2016-05-27,0.85,1.0,0.87,15.27,0.17,-0.43,-3.03,0.22,0
2016-05-31,0.99,3.0,1.22,15.78,-0.03,0.41,-2.61,0.82,0
2016-06-01,0.74,1.0,0.78,15.83,0.01,-0.05,-2.67,0.51,0
2016-06-02,0.4,0.0,0.56,16.06,0.05,-0.23,-2.85,0.1,0
2016-06-03,2.01,1.0,0.95,17.31,-0.02,1.02,-0.08,0.99,0
2016-06-06,0.47,1.0,0.72,17.81,-0.06,0.11,-0.03,0.61,0
2016-06-07,0.62,1.0,0.61,17.39,-0.01,0.23,-0.18,0.77,0
2016-06-08,1.15,0.0,0.85,18.7,0.06,0.42,1.25,0.89,0
2016-06-09,0.8,2.0,1.02,20.25,-0.05,0.4,1.8,0.83,0
2016-06-10,0.7,1.0,0.96,20.62,-0.01,0.23,2.12,0.73,0
2016-06-13,0.8,1.0,1.27,21.05,0.04,0.16,2.83,0.77,0
2016-06-14,0.75,1.0,1.27,20.61,0.02,0.15,2.88,0.69,0
2016-06-15,1.03,1.0,0.96,20.57,-0.04,0.69,3.49,0.88,0
2016-06-16,1.98,1.0,2.28,21.87,0.04,-1.56,2.35,0.05,1
2016-06-17,1.21,1.0,1.24,22.59,0.03,0.84,3.57,0.97,0
2016-06-20,0.75,2.0,1.32,20.94,-0.35,0.43,2.83,0.86,1
2016-06-21,1.56,0.0,1.24,20.64,0.0,-0.86,0.76,0.03,0
2016-06-22,0.48,0.0,0.74,22.16,0.04,0.0,0.81,0.54,0
2016-06-23,0.77,2.0,1.05,19.99,-0.07,-0.45,0.08,0.01,0
2016-06-24,5.77,2.0,3.66,22.12,-0.19,0.58,4.97,0.63,1
2016-06-27,0.93,1.0,1.47,22.6,0.2,-0.06,5.39,0.4,1
2016-06-28,0.9,1.0,1.05,20.2,0.0,-0.1,4.14,0.34,0
2016-06-29,0.72,1.0,0.93,19.46,0.02,-0.26,4.39,0.39,0
2016-06-30,0.48,1.0,0.95,18.41,0.01,0.42,4.73,0.97,0
2016-07-01,1.04,1.0,0.93,18.24,0.0,0.73,6.24,1.0,0
2016-07-05,0.93,2.0,1.66,20.09,0.01,0.46,6.9,0.86,0
2016-07-06,0.84,0.0,1.15,21.12,0.04,-0.29,7.4,0.41,0
2016-07-07,0.91,1.0,0.84,20.51,0.02,-0.19,6.71,0.39,0
2016-07-08,1.6,1.0,1.12,18.64,-0.09,0.87,7.11,0.88,0
2016-07-11,1.06,1.0,0.84,19.02,0.07,-0.46,5.96,0.14,0
2016-07-12,1.2,0.0,0.92,18.04,-0.01,-0.97,4.04,0.06,0
2016-07-13,0.77,1.0,0.68,17.58,0.06,0.33,4.91,0.92,0
2016-07-14,1.19,1.0,0.89,17.11,0.07,0.32,3.99,0.49,0
2016-07-15,0.62,2.0,0.6,16.96,0.03,-0.03,3.56,0.46,0
2016-07-18,0.53,1.0,0.66,16.95,-0.14,0.14,3.63,0.61,0
2016-07-19,0.42,0.0,0.48,16.68,0.0,0.11,3.65,0.72,0
2016-07-20,1.26,1.0,0.76,17.07,0.0,-0.63,2.13,0.04,0
2016-07-21,1.05,1.0,0.71,17.7,0.0,0.88,3.56,0.98,0
2016-07-22,0.65,0.0,0.54,17.73,-0.02,-0.1,2.65,0.27,0
2016-07-25,0.59,1.0,0.42,17.58,-0.01,-0.17,1.91,0.27,0
2016-07-26,0.5,1.0,0.41,17.38,-0.01,0.02,2.24,0.56,0
2016-07-27,1.3,1.0,0.44,16.78,-0.04,1.19,3.77,0.95,0
2016-07-28,0.61,1.0,0.52,16.29,0.35,-0.16,3.98,0.37,1
2016-07-29,1.27,2.0,0.67,15.81,0.02,0.71,4.99,0.88,0
2016-08-01,0.38,0.0,0.33,16.29,0.03,0.29,4.98,0.87,0
2016-08-02,0.97,0.0,0.5,16.42,0.03,0.39,5.66,0.87,0
2016-08-03,0.62,0.0,0.54,16.15,0.02,-0.25,4.98,0.33,0
2016-08-04,0.8,2.0,0.61,16.19,0.0,0.14,4.88,0.66,0
2016-08-05,1.51,1.0,0.84,15.59,-0.02,-0.93,2.8,0.04,0
2016-08-08,0.39,1.0,0.41,15.51,-0.03,0.08,2.56,0.7,0
2016-08-09,0.61,0.0,0.41,14.52,0.04,0.27,2.77,0.84,0
2016-08-10,0.87,0.0,0.74,14.85,0.0,-0.22,3.02,0.37,0
2016-08-11,0.93,1.0,0.69,15.3,0.04,-0.55,2.09,0.11,0
2016-08-12,1.21,1.0,0.97,15.32,-0.01,-0.68,1.68,0.08,0
2016-08-15,0.43,0.0,0.41,14.76,0.04,0.01,1.84,0.51,0
2016-08-16,1.1,1.0,1.07,16.13,0.03,-0.16,2.17,0.32,0
2016-08-17,0.87,0.0,0.71,16.01,-0.06,0.13,1.97,0.66,0
2016-08-18,0.53,1.0,0.8,15.03,0.0,0.09,2.29,0.61,0
2016-08-19,0.84,1.0,1.06,15.39,0.0,-0.33,1.21,0.19,0
2016-08-22,0.52,2.0,0.85,15.77,-0.02,0.15,0.9,0.68,0
2016-08-23,0.53,1.0,0.64,15.6,-0.01,-0.17,0.75,0.28,0
2016-08-24,0.96,1.0,0.92,16.95,-0.01,-0.59,-0.45,0.01,0
2016-08-25,0.5,0.0,0.72,16.72,0.03,-0.02,-0.61,0.52,0
2016-08-26,1.39,0.0,1.52,16.08,-0.03,-0.5,-0.74,0.13,0
2016-08-29,0.98,1.0,0.74,16.01,0.02,0.27,-0.64,0.89,0
2016-08-30,0.96,1.0,0.81,16.0,0.02,-0.59,-1.65,0.12,0
2016-08-31,0.67,1.0,0.87,16.04,0.03,-0.13,-1.84,0.39,0
2016-09-01,0.74,0.0,0.96,16.2,0.06,0.27,-1.54,0.84,0
2016-09-02,1.55,1.0,1.11,14.54,0.01,0.52,-0.66,0.79,0
2016-09-06,1.78,5.0,1.29,15.53,0.02,1.08,1.1,0.9,1
2016-09-07,0.55,1.0,0.81,15.06,-0.05,-0.29,0.67,0.17,0
2016-09-08,0.8,1.0,0.8,14.92,0.09,-0.48,0.06,0.13,0
2016-09-09,0.63,1.0,0.75,15.4,0.04,-0.44,-0.66,0.0,0
2016-09-12,0.58,1.0,0.84,15.17,0.02,0.08,-0.77,0.66,0
2016-09-13,0.97,1.0,0.69,15.93,0.01,-0.55,-1.5,0.12,0
2016-09-14,0.73,0.0,0.75,15.31,-0.04,0.05,-1.12,0.7,0
2016-09-15,1.16,0.0,1.06,15.04,-0.11,-0.27,-1.66,0.28,0
2016-09-16,0.7,0.0,0.75,14.9,0.04,0.02,-1.87,0.39,0
2016-09-19,0.55,1.0,0.66,15.68,0.04,-0.08,-1.63,0.39,0
2016-09-20,0.33,0.0,0.46,15.78,-0.01,-0.05,-1.48,0.41,0
2016-09-21,1.83,1.0,1.79,14.66,-0.04,0.79,0.12,0.96,0
2016-09-22,0.74,1.0,0.96,13.79,0.0,-0.02,0.33,0.45,0
2016-09-23,0.41,1.0,0.76,13.94,-0.01,0.05,0.39,0.59,0
2016-09-26,0.6,1.0,0.94,14.99,-0.02,-0.05,0.33,0.47,0
2016-09-27,0.98,0.0,1.27,14.53,0.06,-0.36,-0.49,0.17,0
2016-09-28,0.6,0.0,0.98,14.02,0.03,-0.01,-0.78,0.53,0
2016-09-29,0.66,2.0,1.28,13.96,0.03,0.03,-0.94,0.5,0
2016-09-30,1.0,1.0,1.28,13.85,0.05,-0.36,-1.23,0.29,0
2016-10-03,0.66,2.0,0.7,14.08,-0.02,-0.1,-1.58,0.35,0
2016-10-04,3.1,1.0,2.55,15.69,0.05,-1.51,-4.95,0.03,1
2016-10-05,0.9,1.0,1.85,15.24,0.02,-0.28,-4.99,0.3,0
2016-10-06,1.2,1.0,1.6,16.04,0.07,-0.34,-5.91,0.19,0
2016-10-07,1.45,1.0,2.17,15.75,0.05,0.03,-5.67,0.58,0
2016-10-10,0.46,0.0,0.74,15.65,-0.03,-0.07,-5.24,0.32,0
2016-10-11,0.55,1.0,0.78,15.68,-0.01,-0.27,-5.56,0.09,0
2016-10-12,0.54,1.0,0.73,15.68,-0.04,0.08,-5.29,0.61,0
2016-10-13,0.6,1.0,0.81,15.62,0.05,-0.01,-4.91,0.53,0
2016-10-14,0.84,1.0,1.02,15.01,0.02,-0.18,-5.33,0.38,0
2016-10-17,0.47,1.0,0.62,15.26,-0.05,0.03,-4.91,0.65,0
2016-10-18,0.62,0.0,0.88,14.75,-0.05,0.17,-4.19,0.78,0
2016-10-19,0.89,0.0,0.94,14.56,0.02,0.08,-3.56,0.68,0
2016-10-20,0.69,0.0,0.8,14.71,0.02,-0.3,-3.73,0.13,0
2016-10-21,0.46,2.0,0.61,14.51,0.02,0.15,-3.52,0.84,0
2016-10-24,0.85,0.0,0.88,14.97,-0.03,-0.11,-3.62,0.37,0
2016-10-25,1.05,1.0,0.78,14.54,0.03,0.31,-2.76,0.8,0
2016-10-26,0.81,2.0,0.81,14.48,-0.02,-0.36,-3.21,0.15,0
2016-10-27,0.56,1.0,0.62,14.94,-0.01,0.06,-2.85,0.57,0
2016-10-28,1.65,2.0,1.58,16.66,0.01,0.23,-2.28,0.6,0
2016-10-31,0.58,1.0,0.61,17.65,0.1,0.25,-1.93,0.83,0
2016-11-01,1.16,2.0,0.9,19.64,-0.09,0.13,-1.09,0.73,0
2016-11-02,1.43,2.0,1.38,19.56,0.01,-0.23,-0.31,0.43,0
2016-11-03,1.47,1.0,1.68,19.72,0.03,0.56,0.28,0.84,0
2016-11-04,0.98,1.0,1.17,20.16,-0.03,0.16,0.39,0.64,0
2016-11-07,1.19,1.0,1.55,18.55,-0.61,-0.46,-1.42,0.16,1
2016-11-08,1.15,1.0,1.27,17.83,-0.01,-0.42,-1.76,0.16,0
2016-11-09,4.41,1.0,4.92,16.7,-0.05,-1.85,-1.73,0.1,1
2016-11-10,2.19,1.0,2.33,18.57,0.0,-1.4,-3.17,0.1,1
2016-11-11,2.35,1.0,1.86,23.33,0.02,-1.27,-5.3,0.19,1
2016-11-14,0.95,1.0,2.04,20.48,0.0,-0.13,-5.89,0.36,0
2016-11-15,0.61,0.0,1.0,16.03,0.04,0.21,-4.99,0.72,0
2016-11-16,0.59,0.0,0.81,15.72,0.05,-0.22,-5.05,0.28,0
2016-11-17,1.03,1.0,1.01,17.63,0.0,-0.44,-5.36,0.37,0
2016-11-18,0.79,0.0,0.96,17.09,-0.02,-0.08,-5.95,0.41,0
2016-11-21,0.61,1.0,0.56,15.95,0.01,-0.04,-5.44,0.56,0
2016-11-22,0.78,2.0,0.58,15.37,-0.02,-0.13,-5.27,0.45,0
2016-11-23,1.75,1.0,1.02,18.3,0.11,-0.6,-7.05,0.19,0
2016-11-28,0.74,1.0,0.5,17.4,-0.04,0.28,-6.22,0.72,0
2016-11-29,0.73,0.0,0.66,17.28,0.19,0.06,-6.23,0.53,0
2016-11-30,1.26,2.0,0.96,19.07,0.01,-0.71,-7.3,0.11,0
2016-12-01,0.82,1.0,1.05,19.34,0.01,0.22,-7.22,0.66,0
2016-12-02,0.6,0.0,0.84,18.4,0.04,0.21,-6.58,0.78,0
2016-12-05,1.61,1.0,1.02,17.47,0.09,0.04,-6.85,0.41,0
2016-12-06,0.43,1.0,0.51,17.01,0.1,-0.21,-6.66,0.26,0
2016-12-07,0.75,1.0,0.53,16.85,-0.02,-0.08,-6.04,0.53,0
2016-12-08,0.5,0.0,0.58,16.49,0.07,-0.22,-6.01,0.18,0
2016-12-09,0.85,1.0,0.68,18.72,-0.01,-0.49,-6.79,0.14,0
2016-12-12,0.81,1.0,0.73,16.87,-0.06,0.33,-6.23,0.75,0
2016-12-13,0.57,0.0,0.7,16.11,-0.05,-0.05,-6.31,0.38,0
2016-12-14,1.52,1.0,1.21,17.24,-0.02,-1.14,-7.39,0.13,0
2016-12-15,1.16,1.0,1.56,17.82,-0.1,-0.43,-8.47,0.2,0
2016-12-16,0.72,1.0,0.76,17.64,-0.01,-0.03,-7.72,0.46,0
2016-12-19,0.55,0.0,0.49,16.03,-0.18,0.08,-7.07,0.74,0
2016-12-20,0.75,1.0,0.73,16.69,0.01,-0.04,-7.58,0.4,0
2016-12-21,0.41,0.0,0.61,15.81,-0.09,-0.23,-7.4,0.22,0
2016-12-22,0.37,1.0,0.59,15.29,0.01,-0.17,-7.42,0.23,0
2016-12-23,0.47,0.0,0.41,16.34,-0.06,0.0,-6.97,0.57,0
2016-12-27,1.07,1.0,0.63,16.73,-0.01,-0.09,-6.26,0.38,0
2016-12-28,0.46,1.0,0.61,16.05,0.01,0.19,-5.85,0.7,0
2016-12-29,1.08,0.0,0.97,15.69,0.02,0.56,-4.41,0.86,0
2016-12-30,0.83,1.0,0.95,16.25,0.0,-0.62,-4.8,0.05,0
2017-01-03,1.16,1.0,1.51,16.23,-0.05,0.46,-3.89,0.69,0
2017-01-04,0.7,1.0,0.79,15.19,0.01,-0.01,-3.39,0.6,0
2017-01-05,1.34,1.0,1.39,15.01,0.05,0.41,-1.74,0.82,0
2017-01-06,0.71,1.0,1.28,14.56,0.04,-0.28,-2.32,0.15,0
2017-01-09,0.85,1.0,0.75,14.37,0.07,0.3,-1.36,0.75,0
2017-01-10,0.62,1.0,1.07,14.43,0.13,0.13,-0.85,0.68,0
2017-01-11,1.32,1.0,1.75,15.04,0.04,0.41,-0.37,0.66,0
2017-01-12,1.01,1.0,1.23,14.69,0.03,-0.49,0.11,0.3,0
2017-01-13,0.84,1.0,1.3,14.62,0.04,0.3,0.44,0.75,0
2017-01-17,1.26,1.0,1.81,15.69,0.18,0.46,2.06,0.84,0
2017-01-18,0.94,1.0,0.97,15.31,0.0,-0.55,1.35,0.21,0
2017-01-19,0.67,1.0,1.41,15.12,-0.01,0.29,1.45,0.8,0
2017-01-20,0.98,1.0,1.02,14.89,0.01,0.22,1.89,0.57,0
2017-01-23,0.63,0.0,0.89,15.17,-0.04,0.02,2.68,0.62,0
2017-01-24,0.85,1.0,0.68,14.66,0.01,-0.36,2.26,0.21,0
2017-01-25,1.08,2.0,1.13,14.46,0.12,-0.03,1.57,0.41,0
2017-01-26,1.12,0.0,1.01,14.72,-0.02,-0.25,0.72,0.23,0
2017-01-27,0.67,1.0,0.57,14.31,-0.05,0.46,0.92,0.92,0
2017-01-30,0.67,0.0,0.69,15.23,0.17,0.17,1.65,0.71,0
2017-01-31,1.35,1.0,1.33,15.46,0.0,0.47,3.08,0.85,0
2017-02-01,0.93,1.0,1.18,14.77,0.0,0.24,2.85,0.76,0
2017-02-02,1.06,1.0,1.26,15.05,-0.02,-0.22,3.41,0.42,0
2017-02-03,0.89,0.0,1.11,15.03,-0.02,0.26,3.64,0.82,0
2017-02-06,1.02,1.0,0.82,15.71,-0.02,0.72,5.06,1.0,0
2017-02-07,0.5,0.0,0.78,15.38,0.01,0.07,4.76,0.62,0
2017-02-08,0.93,1.0,0.98,15.32,0.01,0.19,5.32,0.7,0
2017-02-09,0.93,1.0,1.17,14.88,-0.01,-0.48,4.39,0.05,0
2017-02-10,1.0,2.0,1.11,14.92,0.04,0.44,4.56,0.79,0
2017-02-13,0.9,0.0,0.75,14.67,-0.01,-0.03,3.78,0.47,0
2017-02-14,0.82,0.0,0.99,14.33,-0.02,0.0,3.88,0.48,0
2017-02-15,1.05,1.0,1.01,13.76,-0.04,0.62,4.17,0.97,0
2017-02-16,0.65,0.0,0.84,13.85,-0.03,0.15,4.64,0.71,0
2017-02-17,0.57,1.0,0.8,13.35,0.06,-0.31,4.22,0.08,0
2017-02-21,0.86,2.0,1.31,13.7,0.04,0.21,4.12,0.78,0
2017-02-22,0.62,1.0,0.87,13.3,0.0,0.17,4.17,0.73,0
2017-02-23,1.05,0.0,0.99,13.59,0.03,0.31,4.96,0.85,0
2017-02-24,0.8,1.0,0.87,13.75,-0.01,0.13,5.49,0.74,0
2017-02-27,0.87,1.0,0.95,13.81,-0.06,-0.49,4.85,0.04,0
2017-02-28,0.72,1.0,0.92,14.25,0.04,-0.19,4.66,0.36,0
2017-03-01,0.95,1.0,1.44,14.33,-0.03,0.45,4.35,0.92,0
2017-03-02,1.29,1.0,1.16,13.8,0.02,-0.33,2.9,0.21,0
2017-03-03,0.9,1.0,1.23,13.68,0.03,0.45,2.71,0.88,0
2017-03-06,0.81,1.0,0.71,13.21,-0.03,-0.45,1.82,0.08,0
2017-03-07,0.88,1.0,0.79,13.18,0.0,-0.39,0.81,0.11,0
2017-03-08,0.8,0.0,0.85,13.57,0.0,-0.24,0.08,0.18,0
2017-03-09,0.52,1.0,0.8,13.64,-0.01,-0.29,-0.62,0.05,0
2017-03-10,0.81,0.0,1.1,12.94,-0.03,0.3,-0.53,0.83,0
2017-03-13,0.6,0.0,0.69,11.26,0.01,-0.13,-0.64,0.22,0
2017-03-14,0.74,1.0,0.78,11.69,0.01,-0.37,-1.22,0.13,0
2017-03-15,1.69,1.0,1.2,11.07,-0.01,1.1,0.52,0.99,0
2017-03-16,1.1,2.0,1.11,11.11,0.01,-0.05,0.91,0.51,0
2017-03-17,0.48,2.0,0.6,10.84,0.01,0.0,1.0,0.58,0
2017-03-20,0.6,2.0,0.49,11.33,-0.03,0.14,1.38,0.88,0
2017-03-21,1.44,0.0,1.06,12.37,-0.04,0.62,2.16,0.87,0
2017-03-22,0.5,2.0,0.72,12.31,-0.01,0.0,2.26,0.5,0
2017-03-23,0.72,1.0,0.92,12.55,-0.01,-0.12,2.02,0.31,0
2017-03-24,0.77,1.0,0.79,12.06,0.01,0.16,2.08,0.67,0
2017-03-27,1.17,1.0,1.02,12.55,0.16,-0.01,2.59,0.66,0
2017-03-28,0.76,1.0,0.8,12.34,-0.04,-0.31,2.09,0.25,0
2017-03-29,0.49,1.0,0.49,11.64,0.01,0.11,2.17,0.78,0
2017-03-30,0.79,1.0,0.76,12.07,0.25,-0.33,1.64,0.14,0
2017-03-31,0.8,1.0,0.82,12.47,0.0,0.25,1.82,0.74,0
2017-04-03,0.71,0.0,0.67,12.58,0.03,0.28,2.18,0.93,0
2017-04-04,0.6,1.0,0.93,12.28,0.01,-0.08,2.32,0.3,0
2017-04-05,1.04,1.0,1.23,13.0,-0.01,0.46,2.27,0.93,0
2017-04-06,0.7,1.0,0.78,12.87,0.04,-0.14,1.83,0.23,0
2017-04-07,1.56,1.0,1.95,13.58,0.04,-0.64,1.94,0.17,0
2017-04-10,0.76,1.0,0.9,13.81,0.08,0.16,1.82,0.72,0
2017-04-11,1.67,1.0,1.32,15.58,0.04,0.59,3.21,0.88,0
2017-04-12,0.84,2.0,1.1,15.91,0.0,0.46,3.84,0.84,0
2017-04-13,0.49,1.0,0.97,16.03,-0.11,0.12,4.17,0.81,0
2017-04-17,1.0,1.0,1.01,16.16,0.13,-0.5,3.69,0.12,0
2017-04-18,0.97,1.0,1.41,15.68,-0.08,0.32,4.13,0.84,0
2017-04-19,1.21,2.0,1.53,14.6,0.0,-0.21,3.09,0.3,0
2017-04-20,0.5,1.0,1.15,14.5,-0.04,0.08,3.17,0.63,0
2017-04-21,0.74,2.0,1.08,15.22,-0.03,0.13,3.42,0.66,0
2017-04-24,1.18,1.0,2.2,12.25,-0.25,0.32,2.61,0.71,1
2017-04-25,1.21,1.0,1.12,12.37,0.04,-0.38,1.53,0.14,0
2017-04-26,0.81,2.0,1.16,11.95,0.0,0.41,1.96,0.89,0
2017-04-27,0.62,0.0,0.84,11.52,0.0,-0.03,1.49,0.44,0
2017-04-28,0.4,2.0,0.67,11.59,0.0,0.16,1.7,0.91,0
2017-05-01,1.32,1.0,1.07,12.42,0.03,-0.44,0.71,0.16,0
2017-05-02,0.44,1.0,0.54,12.38,-0.02,0.14,0.69,0.85,0
2017-05-03,1.36,1.0,0.93,12.43,-0.01,-0.84,-0.77,0.0,0
2017-05-04,1.16,1.0,1.19,12.56,0.01,-0.24,-1.68,0.18,0
2017-05-05,0.68,0.0,0.84,11.93,0.0,-0.07,-1.6,0.35,0
2017-05-08,1.21,2.0,0.9,11.94,-0.27,-0.28,-1.76,0.42,1
2017-05-09,1.05,1.0,0.92,11.83,0.01,-0.16,-2.3,0.39,0
2017-05-10,0.59,1.0,0.69,11.2,-0.01,-0.21,-2.25,0.26,0
2017-05-11,0.78,0.0,0.68,11.26,0.0,0.11,-1.83,0.66,0
2017-05-12,0.53,1.0,0.63,11.12,0.03,-0.05,-1.5,0.47,0
2017-05-15,0.79,1.0,0.8,11.3,0.07,-0.11,-1.25,0.37,0
2017-05-16,0.68,0.0,0.7,11.18,0.08,0.09,-0.8,0.69,0
2017-05-17,1.93,1.0,1.43,12.64,-0.06,0.63,0.99,0.92,0
2017-05-18,1.41,1.0,1.65,12.96,0.03,-0.63,0.1,0.16,0
2017-05-19,0.73,1.0,0.79,12.15,-0.03,0.26,0.53,0.87,0
2017-05-22,0.8,1.0,0.66,12.37,0.17,0.24,0.87,0.8,0
2017-05-23,0.99,1.0,0.93,11.87,-0.01,-0.53,0.1,0.09,0
2017-05-24,0.78,1.0,0.95,11.77,-0.06,0.4,0.45,0.9,0
2017-05-25,0.45,0.0,0.67,11.2,0.01,-0.08,0.24,0.34,0
2017-05-26,1.26,1.0,0.85,11.32,-0.04,0.26,1.06,0.87,0
2017-05-30,0.85,3.0,0.81,11.61,0.42,-0.18,0.86,0.3,1
2017-05-31,1.13,1.0,0.81,11.92,-0.04,0.13,1.24,0.61,0
2017-06-01,0.72,1.0,0.74,11.88,0.0,0.18,1.15,0.74,0
2017-06-02,1.56,1.0,1.13,12.11,-0.01,0.59,1.92,0.94,0
2017-06-05,0.44,1.0,0.56,12.43,-0.01,-0.07,1.97,0.35,0
2017-06-06,1.28,0.0,0.98,13.07,0.05,0.25,3.06,0.86,0
2017-06-07,0.91,2.0,0.93,13.11,0.0,-0.24,2.43,0.37,0
2017-06-08,1.34,1.0,1.21,12.74,-0.01,-0.09,1.68,0.41,0
2017-06-09,1.27,1.0,1.08,12.52,0.15,-0.3,0.74,0.14,0
2017-06-12,0.49,0.0,0.81,12.42,0.01,-0.14,0.54,0.24,0
2017-06-13,0.75,1.0,0.9,12.16,-0.04,0.23,0.62,0.77,0
2017-06-14,1.96,1.0,1.89,11.62,-0.02,-0.9,0.01,0.1,1
2017-06-15,1.11,1.0,1.13,11.09,-0.06,-0.29,-0.46,0.19,0
2017-06-16,0.36,1.0,0.72,10.53,0.04,-0.02,-0.45,0.5,0
2017-06-19,0.84,1.0,0.82,10.62,-0.01,-0.37,-1.22,0.09,0
2017-06-20,0.52,0.0,0.85,11.17,0.04,-0.14,-1.41,0.21,0
2017-06-21,0.53,1.0,0.77,11.25,0.0,0.1,-1.14,0.72,0
2017-06-22,0.7,1.0,0.92,11.19,-0.07,-0.09,-0.81,0.46,0
2017-06-23,0.71,1.0,0.74,10.88,-0.02,0.05,-0.32,0.66,0
2017-06-26,1.77,1.0,1.58,11.04,-0.01,-0.05,-1.21,0.38,0
2017-06-27,0.88,1.0,0.92,11.89,0.03,0.07,-0.76,0.66,0
2017-06-28,0.61,0.0,0.84,11.34,-0.01,-0.07,-0.63,0.43,0
2017-06-29,1.05,0.0,1.24,11.33,-0.01,-0.1,-1.03,0.38,0
2017-06-30,0.71,1.0,0.69,10.91,-0.02,-0.19,-1.25,0.22,0
2017-07-03,1.86,0.0,1.24,11.93,0.03,-0.56,-2.77,0.1,0
2017-07-05,0.88,3.0,1.77,11.86,0.03,0.16,-2.39,0.68,0
2017-07-06,0.52,0.0,0.74,11.61,0.03,-0.09,-2.37,0.26,0
2017-07-07,1.63,1.0,1.42,12.63,-0.02,-0.46,-3.27,0.24,0
2017-07-10,0.78,1.0,0.98,12.25,0.05,0.29,-3.02,0.9,0
2017-07-11,0.75,0.0,0.96,12.29,0.01,0.29,-2.79,0.81,0
2017-07-12,0.95,0.0,1.06,11.64,0.03,-0.03,-2.4,0.54,0
2017-07-13,0.58,0.0,0.68,11.36,-0.05,-0.17,-2.51,0.18,0
2017-07-14,1.54,0.0,0.98,11.19,-0.02,0.23,-1.6,0.76,0
2017-07-17,0.57,0.0,0.65,11.05,0.02,0.07,-1.16,0.67,0
2017-07-18,0.92,1.0,0.82,11.41,-0.03,0.21,-0.5,0.78,0
2017-07-19,0.64,0.0,0.62,11.12,0.03,0.06,-0.55,0.7,0
2017-07-20,1.01,0.0,0.81,11.01,-0.02,0.18,-0.42,0.66,0
2017-07-21,1.01,1.0,0.63,11.63,0.01,0.37,0.45,0.88,0
2017-07-24,0.53,1.0,0.66,11.81,0.01,-0.03,0.45,0.46,0
2017-07-25,0.72,0.0,0.75,12.09,-0.03,-0.16,0.03,0.19,0
2017-07-26,1.65,1.0,0.91,11.99,-0.01,0.88,0.82,0.88,0
2017-07-27,0.87,0.0,0.69,11.34,-0.02,-0.11,0.69,0.52,0
2017-07-28,1.05,1.0,0.62,11.47,0.52,0.41,1.92,0.9,1
2017-07-31,0.41,2.0,0.49,11.6,0.13,0.14,1.94,0.79,0
2017-08-01,0.93,1.0,0.88,11.34,0.0,-0.01,1.86,0.6,0
2017-08-02,0.82,2.0,1.03,11.21,0.01,-0.15,1.56,0.34,0
2017-08-03,1.13,0.0,1.17,11.01,-0.01,0.28,1.74,0.83,0
2017-08-04,1.3,1.0,1.28,10.92,0.06,-0.29,0.85,0.26,0
2017-08-07,0.34,0.0,0.53,10.74,-0.05,-0.04,0.75,0.36,0
2017-08-08,1.11,0.0,1.32,10.92,0.0,0.21,1.02,0.69,0
2017-08-09,1.44,1.0,1.71,12.43,0.06,0.42,2.23,0.84,0
2017-08-10,1.03,1.0,1.48,13.33,0.0,0.26,2.99,0.83,0
2017-08-11,0.85,1.0,1.71,13.36,0.03,0.33,3.4,0.91,0
2017-08-14,0.91,2.0,1.16,11.99,0.08,-0.15,2.63,0.29,0
2017-08-15,1.14,2.0,1.28,12.28,-0.03,-0.06,1.84,0.36,0
2017-08-16,1.22,1.0,1.17,12.47,0.08,0.62,2.63,0.9,0
2017-08-17,0.7,0.0,1.36,13.05,0.07,0.19,3.15,0.82,0
2017-08-18,1.36,1.0,1.75,13.12,0.01,-0.43,3.01,0.19,0
2017-08-21,1.0,0.0,1.04,12.98,-0.13,0.23,3.36,0.81,0
2017-08-22,0.78,0.0,0.97,12.44,0.01,-0.07,2.83,0.33,0
2017-08-23,0.68,2.0,0.75,12.76,0.02,0.23,3.18,0.87,0
2017-08-24,0.54,0.0,0.74,12.67,-0.02,-0.13,2.78,0.24,0
2017-08-25,1.52,1.0,1.36,12.66,0.02,0.31,3.14,0.75,0
2017-08-28,1.6,1.0,1.29,13.93,0.09,0.67,4.75,0.98,0
2017-08-29,1.57,1.0,1.72,13.36,0.33,-0.73,4.39,0.15,1
2017-08-30,0.66,0.0,1.08,12.79,0.04,-0.05,4.25,0.4,0
2017-08-31,1.97,1.0,1.18,13.17,0.05,0.92,5.29,0.98,0
2017-09-01,0.93,1.0,1.27,12.7,-0.01,0.3,5.39,0.72,0
2017-09-05,1.28,3.0,2.29,15.43,0.49,0.43,6.44,0.81,1
2017-09-06,0.75,1.0,1.04,14.16,0.01,-0.28,5.73,0.22,0
2017-09-07,1.25,2.0,1.26,14.5,0.02,0.46,6.7,0.89,0
2017-09-08,1.03,0.0,1.29,13.91,0.06,-0.22,6.37,0.26,0
2017-09-11,0.96,2.0,1.28,13.04,-0.52,-0.56,4.64,0.06,1
2017-09-12,0.64,1.0,1.04,11.91,-0.03,0.37,4.84,0.97,0
2017-09-13,0.99,0.0,1.1,11.98,0.01,-0.42,3.93,0.09,0
2017-09-14,1.0,1.0,1.15,12.18,0.04,0.31,4.18,0.82,0
2017-09-15,1.01,1.0,1.19,12.46,0.03,-0.42,3.46,0.07,0
2017-09-18,1.1,0.0,1.05,12.68,-0.03,-0.37,2.3,0.22,0
2017-09-19,0.45,2.0,0.79,12.19,0.0,0.2,2.35,0.91,0
2017-09-20,1.42,1.0,1.14,12.41,-0.02,-0.6,1.37,0.22,0
2017-09-21,0.94,1.0,1.11,12.25,0.03,-0.23,0.45,0.22,0
2017-09-22,0.49,1.0,0.67,12.33,0.01,0.08,0.79,0.76,0
2017-09-25,1.56,1.0,1.1,13.77,0.05,0.91,1.77,0.97,0
2017-09-26,1.32,2.0,1.11,13.15,0.0,-0.56,0.44,0.1,0
2017-09-27,0.9,0.0,1.08,12.94,0.0,-0.38,-0.6,0.09,0
2017-09-28,0.7,1.0,0.83,11.75,-0.01,0.25,-0.47,0.81,0
2017-09-29,0.68,1.0,0.83,11.65,0.01,-0.42,-1.04,0.04,0
2017-10-02,0.59,1.0,0.8,11.72,-0.05,-0.24,-1.78,0.02,0
2017-10-03,0.42,0.0,0.61,11.46,-0.04,0.04,-1.79,0.52,0
2017-10-04,0.79,0.0,0.8,11.42,0.0,-0.07,-1.56,0.4,0
2017-10-05,0.81,1.0,0.63,11.43,0.05,-0.44,-2.12,0.1,0
2017-10-06,1.04,3.0,1.22,11.52,0.0,0.46,-1.71,0.91,0
2017-10-09,0.69,1.0,0.61,11.92,0.02,0.28,-0.91,0.96,0
2017-10-10,0.83,1.0,0.82,12.13,0.04,-0.09,-0.67,0.51,0
2017-10-11,0.61,1.0,0.64,12.06,0.03,0.31,-0.36,0.92,0
2017-10-12,0.56,1.0,0.64,11.81,-0.01,0.0,-0.32,0.52,0
2017-10-13,0.92,1.0,0.83,11.66,0.0,0.45,0.44,1.0,0
2017-10-16,1.12,1.0,0.71,12.12,-0.01,-0.54,-0.35,0.25,0
2017-10-17,1.07,1.0,1.18,11.66,0.01,-0.25,-1.11,0.26,0
2017-10-18,0.83,0.0,1.02,11.84,0.0,-0.09,-1.51,0.33,0
2017-10-19,0.98,0.0,1.17,11.81,0.06,0.33,-0.94,0.89,0
2017-10-20,0.95,1.0,1.12,11.84,0.0,-0.25,-1.65,0.14,0
2017-10-23,0.78,1.0,0.91,11.6,-0.15,0.43,-1.45,0.9,0
2017-10-24,0.72,1.0,0.94,11.73,0.0,-0.08,-1.81,0.39,0
2017-10-25,0.65,2.0,1.12,12.03,0.01,0.23,-1.78,0.76,0
2017-10-26,1.25,1.0,1.3,11.58,0.0,-0.66,-2.64,0.06,0
2017-10-27,0.77,1.0,1.02,11.37,-0.01,0.41,-2.14,0.92,0
2017-10-30,1.0,0.0,0.75,11.82,-0.09,0.19,-1.92,0.75,0
2017-10-31,0.78,0.0,0.67,11.78,0.04,-0.16,-2.29,0.29,0
2017-11-01,0.98,0.0,1.21,11.78,0.01,-0.03,-1.89,0.55,0
2017-11-02,0.81,2.0,1.14,10.98,0.0,-0.16,-1.81,0.25,0
2017-11-03,1.12,0.0,1.04,10.7,0.03,-0.21,-2.28,0.29,0
2017-11-06,1.29,1.0,0.83,10.86,0.0,0.56,-1.36,0.89,0
2017-11-07,0.78,0.0,0.87,10.98,0.01,-0.04,-1.72,0.43,0
2017-11-08,0.92,2.0,0.89,11.29,-0.02,-0.1,-1.33,0.46,0
2017-11-09,0.65,1.0,0.91,11.81,0.01,0.11,-0.85,0.7,0
2017-11-10,1.05,1.0,0.84,11.64,-0.01,-0.39,-1.64,0.17,0
2017-11-13,0.44,0.0,0.44,11.55,-0.04,0.01,-1.42,0.6,0
2017-11-14,1.07,0.0,0.99,11.75,0.02,0.31,-1.16,0.75,0
2017-11-15,1.04,1.0,0.99,11.76,0.0,-0.36,-1.23,0.12,0
2017-11-16,0.51,1.0,0.66,11.01,-0.04,0.03,-1.1,0.55,0
2017-11-17,1.53,1.0,0.92,11.24,0.09,0.5,0.21,0.82,0
2017-11-20,1.63,1.0,0.96,11.18,0.01,-0.59,-1.03,0.15,0
2017-11-21,0.65,1.0,0.79,10.86,0.01,-0.05,-0.75,0.4,0
2017-11-22,1.2,1.0,0.84,10.81,0.0,0.41,0.27,0.81,0
2017-11-27,0.96,1.0,0.85,10.71,0.0,-0.02,0.55,0.57,0
2017-11-28,0.55,0.0,0.67,10.69,0.02,-0.09,0.51,0.36,0
2017-11-29,1.17,1.0,1.01,11.02,0.37,-0.26,0.2,0.19,1
2017-11-30,1.18,1.0,1.52,11.81,0.07,-0.32,-0.59,0.28,0
2017-12-01,1.41,1.0,1.59,11.61,-0.05,0.14,-0.06,0.51,0
2017-12-04,0.5,1.0,0.95,11.3,-0.32,0.15,-0.38,0.82,1
2017-12-05,1.27,0.0,1.13,12.22,-0.02,-0.11,-1.08,0.39,0
2017-12-06,0.52,0.0,0.79,11.87,0.03,-0.09,-1.23,0.29,0
2017-12-07,1.63,1.0,1.2,13.3,-0.02,-0.54,-2.48,0.2,0
2017-12-08,0.71,0.0,0.92,11.58,0.02,0.01,-2.44,0.52,0
2017-12-11,0.83,1.0,0.6,11.37,-0.03,-0.37,-2.8,0.19,0
2017-12-12,0.73,1.0,0.83,12.41,-0.09,0.25,-2.62,0.83,0
2017-12-13,1.37,1.0,1.04,10.91,-0.08,0.67,-1.66,0.89,0
2017-12-14,0.67,1.0,0.97,10.39,-0.05,-0.16,-1.81,0.28,0
2017-12-15,0.77,0.0,0.72,9.88,-0.03,0.01,-1.49,0.46,0
2017-12-18,0.89,0.0,0.73,9.87,-0.05,0.16,-1.04,0.78,0
2017-12-19,0.5,1.0,0.66,10.3,-0.02,0.01,-0.96,0.47,0
2017-12-20,0.56,2.0,0.64,9.79,0.02,0.1,-0.63,0.67,0
2017-12-21,0.54,1.0,0.62,9.61,0.01,0.12,-0.43,0.79,0
2017-12-22,1.01,0.0,0.71,9.98,0.01,0.26,0.15,0.81,0
2017-12-26,0.9,0.0,0.58,11.17,-0.05,0.26,0.91,0.92,0
2017-12-27,0.62,1.0,0.63,10.57,-0.01,0.21,1.29,0.85,0
2017-12-28,0.59,1.0,0.93,10.69,0.0,0.15,1.69,0.94,0
2017-12-29,1.21,1.0,0.88,11.06,0.0,0.17,2.32,0.66,0
2018-01-02,1.35,1.0,0.98,11.89,0.02,0.53,3.42,0.97,0
2018-01-03,1.21,1.0,1.6,11.52,-0.01,-0.01,3.11,0.53,0
2018-01-04,1.72,1.0,1.82,11.71,-0.01,0.55,3.58,0.8,0
2018-01-05,0.82,0.0,1.49,11.3,0.02,0.08,3.37,0.67,0
2018-01-08,0.61,1.0,0.95,11.21,0.19,0.09,3.26,0.69,0
2018-01-09,0.98,1.0,1.24,10.77,0.0,0.01,2.74,0.47,0
2018-01-10,1.64,1.0,1.61,10.92,-0.05,-0.04,2.92,0.47,0
2018-01-11,0.71,0.0,1.11,10.98,0.01,0.12,3.14,0.7,0
2018-01-12,1.59,1.0,1.9,11.75,0.02,0.64,4.37,0.94,0
2018-01-16,1.06,1.0,2.54,12.08,-0.06,0.07,4.33,0.57,1
2018-01-17,1.43,3.0,1.88,11.57,0.02,-0.49,3.43,0.13,1
2018-01-18,0.72,1.0,1.0,12.22,0.02,-0.17,3.11,0.24,0
2018-01-19,0.93,1.0,1.01,11.78,0.01,-0.09,3.47,0.5,0
2018-01-22,0.64,0.0,0.8,11.63,0.1,0.15,3.55,0.78,0
2018-01-23,0.87,1.0,0.98,11.64,-0.06,0.34,3.95,0.92,0
2018-01-24,1.86,2.0,1.21,13.43,0.02,0.52,5.15,0.81,0
2018-01-25,1.89,1.0,1.77,13.32,0.02,-0.64,4.26,0.24,0
2018-01-26,0.92,1.0,1.02,12.91,0.03,-0.17,4.23,0.39,0
2018-01-29,1.11,0.0,0.6,13.28,0.05,-0.19,3.5,0.3,0
2018-01-30,1.09,0.0,1.25,13.86,0.36,-0.3,3.35,0.17,1
2018-01-31,1.13,1.0,1.38,13.2,0.01,0.34,3.97,0.9,0
2018-02-01,0.99,1.0,1.01,12.2,0.01,0.55,4.16,0.93,0
2018-02-02,1.67,2.0,1.66,13.16,0.0,-0.41,2.66,0.2,0
2018-02-05,0.91,1.0,0.79,14.69,-0.03,0.12,2.93,0.59,0
2018-02-06,1.86,1.0,1.62,13.67,-0.08,-0.94,1.7,0.06,0
2018-02-07,1.45,0.0,0.99,13.66,0.0,-0.49,1.11,0.2,0
2018-02-08,1.0,1.0,1.09,14.5,-0.03,0.26,1.24,0.71,0
2018-02-09,0.77,0.0,1.01,15.39,-0.01,-0.07,0.98,0.31,0
2018-02-12,0.84,0.0,0.61,14.34,-0.09,-0.03,1.47,0.57,0
2018-02-13,0.65,1.0,0.62,14.04,-0.03,0.21,2.02,0.82,0
2018-02-14,2.66,1.0,1.52,15.26,0.03,1.11,3.72,0.91,1
2018-02-15,0.56,1.0,0.84,15.06,-0.03,0.06,3.68,0.6,0
2018-02-16,1.09,1.0,0.9,14.26,0.01,-0.43,3.17,0.22,0
2018-02-20,1.48,2.0,1.48,14.06,0.02,-0.81,1.62,0.09,0
2018-02-21,0.87,1.0,0.9,13.82,0.01,-0.3,1.07,0.16,0
2018-02-22,0.71,0.0,0.6,13.42,0.01,0.36,1.42,0.9,0
2018-02-23,0.4,1.0,0.46,12.0,-0.04,-0.01,1.13,0.47,0
2018-02-26,0.95,1.0,0.79,11.84,0.02,-0.14,1.3,0.46,0
2018-02-27,1.57,1.0,0.88,11.73,0.0,-0.52,0.03,0.23,0
2018-02-28,0.46,1.0,0.58,11.67,-0.03,-0.08,-0.16,0.31,0
2018-03-01,1.24,2.0,1.08,12.07,0.02,0.31,-0.44,0.67,0
2018-03-02,0.67,1.0,0.77,11.98,0.02,0.15,0.01,0.66,0
2018-03-05,0.67,1.0,0.64,11.92,0.16,-0.26,-0.28,0.21,0
2018-03-06,1.22,1.0,0.91,12.41,0.01,0.26,0.71,0.73,0
2018-03-07,1.21,1.0,1.05,12.37,0.19,-0.52,-0.07,0.13,0
2018-03-08,0.63,0.0,0.63,11.53,0.0,-0.11,-0.37,0.31,0
2018-03-09,0.81,0.0,0.92,10.9,0.02,0.3,-0.33,0.87,0
2018-03-12,0.6,1.0,0.62,11.01,-0.07,0.31,-0.39,0.93,0
2018-03-13,0.98,0.0,0.98,10.51,0.0,0.2,-0.28,0.83,0
2018-03-14,0.59,1.0,0.77,10.45,-0.01,-0.02,-0.38,0.43,0
2018-03-15,0.89,3.0,0.79,10.38,-0.01,-0.35,-1.08,0.11,0
2018-03-16,0.83,2.0,0.94,10.28,0.1,-0.08,-1.31,0.32,0
2018-03-19,0.84,0.0,0.95,10.97,-0.04,0.29,-1.06,0.75,0
2018-03-20,0.79,0.0,0.89,11.06,0.02,-0.1,-1.53,0.32,0
2018-03-21,1.91,0.0,1.64,10.65,-0.02,0.83,0.24,0.88,0
2018-03-22,0.71,1.0,1.14,10.94,-0.07,-0.12,-0.18,0.33,0
2018-03-23,1.43,0.0,1.49,13.28,0.05,0.21,1.12,0.78,0
2018-03-26,0.83,0.0,0.94,12.94,-0.05,0.18,1.62,0.76,0
2018-03-27,1.14,1.0,0.69,12.09,-0.02,-0.24,0.88,0.24,0
2018-03-28,1.61,1.0,1.03,11.84,0.44,-0.72,-0.16,0.1,1
2018-03-29,0.45,1.0,0.74,11.0,0.0,0.14,-0.11,0.7,0
2018-04-02,1.34,0.0,0.92,13.01,0.07,0.52,1.08,0.85,0
2018-04-03,0.89,0.0,1.04,11.79,0.0,-0.33,0.26,0.21,0
2018-04-04,1.12,2.0,1.63,12.02,0.07,-0.51,0.37,0.12,0
2018-04-05,0.82,0.0,1.0,11.54,0.01,-0.08,-0.19,0.3,0
2018-04-06,1.07,0.0,1.72,12.16,0.05,0.35,0.34,0.87,0
2018-04-09,0.73,1.0,0.97,12.31,0.07,0.36,0.66,0.94,0
2018-04-10,0.78,1.0,1.35,12.81,-0.01,0.25,0.95,0.83,0
2018-04-11,1.78,2.0,2.15,14.16,-0.02,-0.15,1.74,0.44,1
2018-04-12,1.29,1.0,1.46,12.87,-0.03,-0.68,0.47,0.06,0
2018-04-13,0.96,1.0,0.98,13.66,0.05,0.27,1.18,0.81,0
2018-04-16,0.67,1.0,1.2,13.17,0.11,0.02,1.29,0.58,0
2018-04-17,0.76,1.0,1.09,13.07,0.0,0.28,1.38,0.84,0
2018-04-18,0.89,1.0,1.12,13.65,0.01,-0.05,1.46,0.47,0
2018-04-19,0.92,2.0,1.26,12.82,0.02,-0.12,1.24,0.4,0
2018-04-20,0.78,1.0,0.88,12.06,0.05,-0.31,0.37,0.06,0
2018-04-23,0.9,1.0,0.9,12.11,-0.01,-0.26,-0.5,0.2,0
2018-04-24,0.71,1.0,0.83,12.19,-0.03,0.3,0.01,0.92,0
2018-04-25,0.9,1.0,0.84,12.0,0.03,-0.07,-0.72,0.29,0
2018-04-26,0.8,1.0,0.92,11.47,0.01,-0.26,-1.11,0.25,0
2018-04-27,0.72,1.0,0.86,11.05,0.07,0.26,-0.67,0.82,0
2018-04-30,1.03,1.0,1.01,11.15,-0.01,-0.15,-1.31,0.3,0
2018-05-01,1.03,0.0,0.92,11.82,-0.01,-0.19,-1.97,0.23,0
2018-05-02,0.69,2.0,0.89,11.67,0.01,-0.25,-1.93,0.09,0
2018-05-03,0.95,1.0,0.91,11.49,-0.06,-0.08,-1.38,0.51,0
2018-05-04,0.63,1.0,0.85,11.0,0.04,0.2,-1.15,0.71,0
2018-05-07,0.66,0.0,0.8,11.28,-0.17,-0.01,-1.12,0.46,0
2018-05-08,0.87,1.0,1.17,11.59,0.07,0.21,-1.09,0.73,0
2018-05-09,0.99,1.0,1.1,11.4,0.05,0.03,-1.29,0.57,0
2018-05-10,0.92,1.0,1.2,11.47,0.07,0.27,-0.61,0.8,0
2018-05-11,0.57,1.0,0.81,11.05,0.0,-0.24,-0.76,0.08,0
2018-05-14,0.71,1.0,0.68,11.09,0.03,-0.42,-1.2,0.06,0
2018-05-15,2.0,1.0,1.47,11.88,-0.02,-0.49,-2.79,0.15,0
2018-05-16,0.75,1.0,1.05,11.67,0.01,-0.05,-2.9,0.42,0
2018-05-17,0.71,1.0,0.75,11.72,-0.01,0.09,-2.83,0.63,0
2018-05-18,0.61,1.0,0.75,11.11,-0.07,0.17,-2.69,0.73,0
2018-05-21,0.83,1.0,0.9,11.57,-0.14,0.38,-2.62,0.94,0
2018-05-22,0.63,1.0,0.84,10.99,0.04,-0.1,-2.62,0.43,0
2018-05-23,0.85,1.0,1.22,11.17,0.06,0.06,-2.44,0.52,0
2018-05-24,1.11,1.0,0.92,11.24,0.02,0.3,-1.54,0.83,0
2018-05-25,0.55,1.0,0.73,10.35,-0.04,-0.26,-1.8,0.05,0
2018-05-29,1.17,8.0,1.34,12.42,-0.08,0.11,-1.79,0.59,1
2018-05-30,0.69,0.0,0.85,10.86,0.39,0.15,-1.27,0.76,1
2018-05-31,0.73,1.0,0.94,10.97,-0.03,-0.26,-1.46,0.19,0
2018-06-01,0.94,2.0,1.01,10.61,0.02,-0.18,-1.96,0.35,0
2018-06-04,0.69,1.0,0.67,10.55,0.11,-0.17,-2.02,0.24,0
2018-06-05,0.93,1.0,0.89,10.46,-0.02,0.24,-1.58,0.68,0
2018-06-06,0.67,1.0,0.88,10.28,0.01,-0.04,-1.5,0.42,0
2018-06-07,0.7,0.0,0.78,10.52,0.01,-0.1,-1.42,0.25,0
2018-06-08,0.73,0.0,0.66,10.71,-0.02,0.13,-1.21,0.84,0
2018-06-11,0.77,1.0,0.74,10.52,0.02,0.12,-1.09,0.74,0
2018-06-12,0.79,1.0,0.87,10.11,-0.08,-0.08,-1.39,0.36,0
2018-06-13,0.88,1.0,1.1,10.54,0.01,0.29,-1.01,0.92,0
2018-06-14,1.13,0.0,1.29,9.84,-0.02,-0.07,-0.78,0.4,0
2018-06-15,2.53,1.0,2.23,10.52,0.03,-0.66,-2.49,0.18,1
2018-06-18,0.43,1.0,0.61,9.79,-0.02,-0.11,-2.58,0.28,0
2018-06-19,1.21,0.0,0.95,10.97,-0.02,-0.16,-2.74,0.41,0
2018-06-20,0.65,1.0,0.64,11.08,-0.02,-0.29,-3.13,0.14,0
2018-06-21,0.8,1.0,1.01,11.18,-0.02,0.13,-3.19,0.66,0
2018-06-22,0.38,1.0,0.56,10.66,-0.02,0.08,-2.87,0.72,0
2018-06-25,0.73,0.0,0.96,10.77,0.13,-0.2,-3.1,0.17,0
2018-06-26,1.12,1.0,0.88,10.86,0.05,-0.1,-3.5,0.32,0
2018-06-27,0.79,1.0,0.99,11.01,-0.02,-0.34,-3.93,0.09,0
2018-06-28,0.73,1.0,0.87,11.18,0.01,-0.2,-4.07,0.27,0
2018-06-29,0.87,1.0,0.89,10.7,0.08,0.12,-3.59,0.69,0
2018-07-02,1.3,1.0,0.95,11.68,-0.08,-0.54,-4.44,0.02,0
2018-07-03,1.7,1.0,1.06,11.41,-0.1,0.36,-3.3,0.78,0
2018-07-05,0.88,4.0,1.59,11.33,0.01,0.07,-2.87,0.6,1
2018-07-06,0.54,2.0,0.66,10.65,0.0,-0.03,-2.93,0.35,0
2018-07-09,0.98,0.0,1.0,10.55,0.19,-0.2,-2.59,0.27,0
2018-07-10,1.17,2.0,1.05,10.71,0.03,0.1,-2.75,0.62,0
2018-07-11,1.38,1.0,1.09,11.16,0.0,-0.58,-3.69,0.03,0
2018-07-12,0.65,0.0,0.69,10.82,0.02,0.17,-3.21,0.79,0
2018-07-13,1.05,0.0,0.89,10.99,-0.05,-0.06,-3.55,0.45,0
2018-07-16,0.65,1.0,0.65,11.49,-0.03,-0.06,-3.49,0.38,0
2018-07-17,1.71,0.0,1.37,11.77,-0.02,-0.54,-4.42,0.09,0
2018-07-18,0.7,1.0,0.91,12.14,-0.07,0.23,-4.29,0.86,0
2018-07-19,1.62,1.0,1.53,12.71,0.09,0.19,-4.59,0.61,0
2018-07-20,1.45,0.0,1.27,12.15,0.19,0.42,-3.81,0.9,0
2018-07-23,1.07,1.0,1.16,12.16,0.0,-0.32,-4.12,0.21,0
2018-07-24,0.95,1.0,1.01,11.7,-0.04,0.0,-3.98,0.59,0
2018-07-25,0.93,0.0,1.06,11.57,0.02,0.2,-3.29,0.78,0
2018-07-26,1.15,1.0,1.02,11.24,0.01,-0.54,-3.95,0.02,0
2018-07-27,0.82,2.0,0.76,10.98,0.09,0.0,-3.81,0.57,0
2018-07-30,0.52,1.0,0.53,11.17,0.81,-0.07,-3.07,0.4,1
2018-07-31,1.25,1.0,1.22,11.16,-0.03,0.24,-2.76,0.72,0
2018-08-01,0.76,1.0,0.92,10.95,0.02,-0.38,-3.34,0.03,0
2018-08-02,1.1,0.0,1.0,11.16,-0.03,-0.53,-3.83,0.05,0
2018-08-03,1.33,1.0,1.22,10.7,0.0,0.15,-3.36,0.58,0
2018-08-06,0.86,1.0,0.83,10.92,0.03,-0.35,-3.76,0.02,0
2018-08-07,0.74,1.0,0.9,11.09,-0.02,-0.14,-3.42,0.32,0
2018-08-08,0.81,1.0,1.13,11.3,0.0,0.18,-3.04,0.76,0
2018-08-09,0.57,1.0,1.08,11.01,0.03,-0.19,-3.07,0.13,0
2018-08-10,1.02,0.0,1.42,11.79,0.03,-0.02,-2.97,0.49,0
2018-08-13,1.95,0.0,1.63,11.94,-0.09,-0.65,-4.32,0.08,0
2018-08-14,0.57,1.0,1.04,11.88,0.05,-0.07,-4.08,0.38,0
2018-08-15,1.85,0.0,1.66,12.89,0.02,-0.8,-5.56,0.05,1
2018-08-16,1.77,1.0,2.34,13.25,0.05,-0.07,-5.43,0.62,1
2018-08-17,0.98,1.0,1.01,12.85,-0.01,0.56,-4.4,0.99,0
2018-08-20,0.63,0.0,0.89,12.41,-0.02,0.3,-3.75,0.91,0
2018-08-21,0.68,1.0,0.93,11.87,-0.01,0.15,-3.28,0.73,0
2018-08-22,0.72,0.0,0.93,11.79,0.02,-0.01,-2.91,0.45,0
2018-08-23,1.04,1.0,0.95,11.64,0.04,-0.39,-3.69,0.12,0
2018-08-24,2.03,2.0,1.18,11.68,0.04,0.65,-1.87,0.88,0
2018-08-27,0.72,0.0,0.89,11.76,0.06,0.22,-1.36,0.78,0
2018-08-28,1.12,1.0,1.1,11.49,0.01,-0.68,-2.0,0.1,0
2018-08-29,0.46,1.0,0.88,11.25,-0.01,0.22,-1.48,0.97,0
2018-08-30,0.92,0.0,1.24,11.41,0.02,-0.12,-1.88,0.36,0
2018-08-31,0.84,1.0,1.21,10.97,0.05,-0.32,-1.89,0.08,0
2018-09-04,1.16,2.0,1.86,11.39,-0.04,-0.26,-2.3,0.24,0
2018-09-05,0.64,0.0,0.94,11.24,0.0,0.15,-1.86,0.78,0
2018-09-06,0.98,1.0,1.43,11.51,0.0,-0.16,-1.55,0.36,0
2018-09-07,0.85,1.0,1.11,11.31,-0.01,-0.23,-1.76,0.26,0
2018-09-10,0.63,1.0,0.85,11.34,-0.03,0.03,-1.74,0.59,0
2018-09-11,0.88,1.0,1.04,11.28,-0.02,0.25,-1.61,0.83,0
2018-09-12,1.37,0.0,1.15,11.18,-0.02,0.62,-0.7,0.84,0
2018-09-13,1.06,0.0,1.2,11.12,0.02,-0.34,-1.0,0.14,0
2018-09-14,1.34,1.0,1.17,10.87,0.02,-0.62,-1.59,0.08,0
2018-09-17,1.0,1.0,0.92,10.86,0.14,0.1,-0.99,0.62,0
2018-09-18,0.65,0.0,1.06,10.8,0.02,-0.12,-1.09,0.32,0
2018-09-19,0.73,1.0,0.91,10.8,-0.01,0.07,-0.54,0.72,0
2018-09-20,0.66,0.0,1.02,10.66,-0.02,0.19,-0.18,0.83,0
2018-09-21,1.69,2.0,1.48,10.73,0.01,-0.25,-0.84,0.37,0
2018-09-24,0.85,1.0,0.93,10.95,-0.01,-0.1,-0.78,0.42,0
2018-09-25,0.55,1.0,0.83,10.82,-0.01,0.04,-0.52,0.62,0
2018-09-26,1.04,1.0,1.45,10.72,0.04,-0.23,-1.02,0.33,0
2018-09-27,1.43,0.0,1.53,10.87,-0.01,-0.43,-1.86,0.14,0
2018-09-28,1.12,1.0,1.25,10.72,-0.04,0.4,-1.18,0.82,0
2018-10-01,0.66,0.0,0.96,11.03,0.0,0.08,-1.32,0.6,0
2018-10-02,1.68,1.0,1.43,11.18,-0.01,0.37,-0.09,0.75,0
2018-10-03,0.91,0.0,1.13,11.19,0.02,-0.34,-0.44,0.14,0
2018-10-04,0.9,0.0,1.21,11.61,0.05,-0.1,-0.36,0.32,0
2018-10-05,0.73,0.0,1.01,11.55,0.08,0.13,0.01,0.7,0
2018-10-08,1.81,0.0,1.2,12.42,0.01,-0.19,-1.18,0.28,0
2018-10-09,0.71,2.0,1.0,12.01,0.01,0.18,-1.0,0.8,0
2018-10-10,0.69,1.0,1.06,12.45,0.0,0.36,-0.7,0.95,0
2018-10-11,2.89,0.0,2.34,13.51,0.01,1.07,1.81,0.89,1
2018-10-12,0.63,0.0,1.45,13.07,0.01,-0.13,1.44,0.26,0
2018-10-15,1.27,1.0,1.39,13.2,0.02,-0.16,2.05,0.53,0
2018-10-16,0.62,0.0,1.01,12.26,0.02,-0.31,1.98,0.07,0
2018-10-17,0.69,1.0,1.12,12.13,0.0,-0.15,1.82,0.31,0
2018-10-18,0.9,1.0,1.11,12.18,-0.03,0.04,1.92,0.54,0
2018-10-19,0.61,2.0,0.75,11.75,0.06,-0.07,2.04,0.44,0
2018-10-22,0.76,2.0,0.63,11.69,0.07,-0.1,1.69,0.28,0
2018-10-23,1.47,2.0,1.14,12.38,0.0,-0.21,2.32,0.47,0
2018-10-24,0.63,1.0,0.92,12.75,0.06,0.17,2.45,0.9,0
2018-10-25,0.91,0.0,0.87,12.29,0.02,-0.23,2.15,0.18,0
2018-10-26,1.07,1.0,1.05,13.21,0.02,-0.17,2.37,0.27,0
2018-10-29,0.91,1.0,0.65,12.9,0.02,-0.11,1.84,0.42,0
2018-10-30,0.88,1.0,0.67,12.25,0.05,-0.09,1.3,0.34,0
2018-10-31,0.95,2.0,0.84,12.01,0.06,0.03,0.66,0.4,0
2018-11-01,2.0,1.0,1.02,12.67,-0.13,0.55,2.05,0.84,0
2018-11-02,0.53,1.0,0.81,12.51,0.05,-0.04,1.91,0.42,0
2018-11-05,0.64,2.0,0.54,12.37,0.02,-0.05,1.66,0.44,0
2018-11-06,1.01,1.0,0.79,12.47,0.0,-0.34,1.29,0.23,0
2018-11-07,1.1,1.0,0.92,11.24,0.02,-0.29,1.23,0.23,0
2018-11-08,0.57,1.0,0.68,11.28,0.01,-0.07,0.92,0.39,0
2018-11-09,1.4,1.0,0.88,11.44,0.02,-0.38,-0.22,0.18,0
2018-11-12,0.88,1.0,0.69,12.13,-0.04,-0.37,-0.93,0.1,0
2018-11-13,0.7,0.0,0.78,12.17,0.02,0.03,-0.88,0.64,0
2018-11-14,1.55,1.0,1.0,12.79,0.02,0.56,-0.04,0.76,0
2018-11-15,0.7,0.0,0.91,12.54,0.0,0.1,0.05,0.66,0
2018-11-16,1.45,0.0,0.87,12.1,-0.06,0.19,0.74,0.81,0
2018-11-19,0.59,1.0,0.63,12.58,0.05,0.15,0.83,0.71,0
2018-11-20,0.73,0.0,0.76,12.62,0.05,-0.15,0.66,0.23,0
2018-11-21,0.86,2.0,0.65,12.17,0.02,0.05,0.92,0.55,0
2018-11-26,0.58,2.0,0.54,11.79,-0.19,-0.16,0.59,0.17,0
2018-11-27,1.15,1.0,0.79,12.01,-0.01,-0.35,-0.12,0.22,0
2018-11-28,1.39,1.0,0.62,11.3,-0.07,0.32,0.34,0.57,0
2018-11-29,0.64,1.0,0.8,11.39,0.56,-0.12,1.09,0.37,1
2018-11-30,0.75,1.0,0.67,11.25,0.07,0.11,0.89,0.64,0
2018-12-03,1.21,1.0,1.14,10.92,0.0,0.02,1.53,0.69,0
2018-12-04,0.95,1.0,1.13,11.41,0.02,-0.02,2.09,0.65,0
2018-12-05,0.48,1.0,0.65,11.63,0.06,0.08,1.97,0.69,0
2018-12-06,0.85,1.0,1.24,11.6,0.03,-0.11,1.96,0.36,0
2018-12-07,1.12,1.0,1.22,12.34,0.01,0.39,2.76,0.87,0
2018-12-10,0.8,1.0,0.97,12.06,0.05,-0.19,2.26,0.26,0
2018-12-11,0.75,1.0,0.87,11.45,0.03,-0.21,2.06,0.2,0
2018-12-12,0.42,1.0,0.68,11.29,-0.01,0.08,2.2,0.73,0
2018-12-13,0.63,0.0,0.7,10.65,0.03,-0.02,1.84,0.42,0
2018-12-14,0.99,1.0,1.1,10.7,0.07,0.04,1.35,0.53,0
2018-12-17,1.28,0.0,0.86,11.68,0.02,0.35,1.92,0.86,0
2018-12-18,0.49,0.0,0.86,12.26,0.0,0.09,2.08,0.71,0
2018-12-19,1.54,1.0,1.81,11.49,-0.01,-0.66,1.37,0.01,0
2018-12-20,2.14,1.0,2.03,12.6,0.08,0.35,2.8,0.76,1
2018-12-21,0.76,1.0,1.07,11.94,0.02,-0.27,2.19,0.14,0
2018-12-26,1.24,1.0,1.77,14.41,0.09,-0.5,2.92,0.11,0
2018-12-27,1.03,1.0,1.38,15.34,-0.03,0.11,3.51,0.66,0
2018-12-28,0.66,2.0,1.08,14.37,-0.03,0.14,3.86,0.74,0
2018-12-31,0.57,1.0,0.8,13.53,-0.04,0.08,3.89,0.66,0
2019-01-02,0.89,1.0,1.45,13.06,0.01,-0.08,3.87,0.42,0
2019-01-03,0.89,1.0,1.48,13.71,0.15,0.46,4.72,1.0,0
2019-01-04,1.92,1.0,1.84,12.01,-0.01,-0.24,3.79,0.38,0
2019-01-07,1.03,0.0,1.17,11.58,0.0,-0.09,3.98,0.47,0
2019-01-08,0.91,1.0,1.2,11.14,-0.03,0.1,3.59,0.55,0
2019-01-09,1.15,1.0,1.32,11.55,-0.03,0.54,4.14,0.95,0
2019-01-10,0.92,1.0,0.99,11.01,0.01,-0.47,3.45,0.01,0
2019-01-11,0.73,1.0,0.81,10.89,0.02,-0.21,3.49,0.2,0
2019-01-14,0.76,0.0,0.89,11.0,-0.03,-0.03,3.64,0.51,0
2019-01-15,0.69,1.0,0.97,11.09,0.01,-0.14,3.27,0.27,0
2019-01-16,0.63,0.0,0.64,11.04,0.03,0.13,3.54,0.74,0
2019-01-17,0.58,2.0,0.72,10.97,0.0,-0.03,3.3,0.46,0
2019-01-18,1.09,1.0,0.82,11.15,0.04,-0.38,2.3,0.02,0
2019-01-22,0.81,4.0,1.18,10.76,0.03,0.25,2.51,0.89,0
2019-01-23,0.74,0.0,0.73,10.59,-0.02,-0.01,2.29,0.57,0
2019-01-24,0.78,1.0,0.75,10.36,0.03,0.0,2.0,0.53,0
2019-01-25,1.89,1.0,1.07,11.12,0.09,0.62,3.38,0.95,0
2019-01-28,0.61,1.0,0.76,11.0,0.0,0.16,3.57,0.9,0
2019-01-29,0.78,0.0,0.73,11.3,0.04,0.25,3.96,0.93,0
2019-01-30,1.34,1.0,0.88,11.2,0.62,0.37,4.9,0.7,1
2019-01-31,0.74,1.0,1.03,10.78,0.01,-0.17,4.77,0.23,0
2019-02-01,0.64,0.0,0.97,10.12,-0.01,-0.12,4.44,0.24,0
2019-02-04,0.94,0.0,0.78,10.14,0.02,-0.06,3.8,0.33,0
2019-02-05,0.53,0.0,0.68,10.11,0.03,0.09,3.88,0.73,0
2019-02-06,0.88,1.0,0.69,9.75,-0.01,-0.43,3.05,0.08,0
2019-02-07,0.83,1.0,0.94,9.76,0.04,0.15,3.12,0.74,0
2019-02-08,0.71,1.0,0.77,9.94,0.04,0.12,3.34,0.82,0
2019-02-11,1.03,0.0,0.75,10.2,-0.05,0.02,2.72,0.46,0
2019-02-12,0.76,1.0,0.83,10.04,0.0,0.01,2.74,0.54,0
2019-02-13,1.22,1.0,1.12,9.55,0.01,-0.5,2.16,0.05,0
2019-02-14,1.13,1.0,1.09,9.91,0.08,0.28,2.55,0.86,0
2019-02-15,1.02,1.0,0.96,10.13,0.14,0.35,3.12,0.88,0
2019-02-19,1.89,3.0,2.02,11.37,0.04,0.81,4.51,0.95,1
2019-02-20,0.84,1.0,1.14,11.03,-0.05,-0.35,4.16,0.17,0
2019-02-21,1.57,1.0,1.2,10.36,0.0,-0.71,2.82,0.02,0
2019-02-22,0.96,2.0,1.09,9.99,0.02,0.1,3.06,0.62,0
2019-02-25,0.62,1.0,0.88,9.96,0.02,-0.16,2.8,0.28,0
2019-02-26,0.56,1.0,0.94,9.86,0.01,0.16,2.78,0.78,0
2019-02-27,1.14,1.0,0.99,9.69,0.0,-0.26,1.96,0.24,0
2019-02-28,1.26,1.0,1.43,9.52,0.03,-0.48,1.25,0.01,0
2019-03-01,2.1,1.0,1.88,10.08,0.05,-1.07,-0.61,0.01,1
2019-03-04,1.13,1.0,1.52,10.28,0.0,-0.14,-0.96,0.28,0
2019-03-05,0.67,1.0,1.12,10.18,0.0,0.22,-0.9,0.84,0
2019-03-06,0.59,1.0,0.92,10.12,-0.02,0.06,-1.02,0.54,0
2019-03-07,0.68,0.0,0.95,10.35,0.0,0.0,-1.21,0.61,0
2019-03-08,1.29,2.0,1.43,10.48,0.02,0.39,-0.15,0.95,0
2019-03-11,0.7,1.0,0.91,10.11,0.0,-0.06,-0.72,0.36,0
2019-03-12,0.87,1.0,0.81,10.04,0.03,0.35,-0.12,0.92,0
2019-03-13,0.9,1.0,0.81,10.17,0.09,0.3,0.53,0.93,0
2019-03-14,1.46,0.0,1.11,10.08,-0.02,-0.22,-0.65,0.18,0
2019-03-15,1.01,2.0,1.0,9.87,-0.01,0.04,-0.21,0.65,0
2019-03-18,0.71,0.0,0.75,9.85,0.02,-0.03,-0.18,0.53,0
2019-03-19,0.71,2.0,0.76,9.8,0.0,-0.06,0.1,0.48,0
2019-03-20,1.54,1.0,1.39,10.11,0.01,0.57,0.69,0.87,0
2019-03-21,1.39,1.0,1.23,10.12,0.01,-0.31,0.24,0.35,0
2019-03-22,0.64,0.0,0.9,10.25,0.0,0.05,0.46,0.7,0
2019-03-25,1.09,1.0,0.88,10.73,0.01,0.26,1.19,0.83,0
2019-03-26,0.83,0.0,0.89,10.24,-0.03,-0.09,0.61,0.28,0
2019-03-27,0.91,1.0,0.94,10.35,0.01,-0.29,0.07,0.11,0
2019-03-28,1.96,1.0,1.41,10.34,0.55,-0.51,-0.98,0.09,1
2019-03-29,1.01,1.0,1.05,9.95,0.03,-0.09,-0.87,0.42,0
2019-04-01,0.8,1.0,0.76,10.15,0.02,-0.39,-1.29,0.04,0
2019-04-02,0.54,1.0,0.65,9.82,0.0,0.2,-0.97,0.9,0
2019-04-03,0.51,0.0,0.63,9.69,0.0,-0.1,-1.1,0.26,0
2019-04-04,1.13,1.0,0.9,9.94,0.03,0.43,-0.87,0.91,0
2019-04-05,0.79,0.0,0.89,9.65,0.03,0.14,-0.99,0.81,0
2019-04-08,1.12,1.0,0.82,9.71,0.06,-0.03,-0.57,0.58,0
2019-04-09,0.79,1.0,0.96,9.56,0.01,0.1,-0.09,0.79,0
2019-04-10,0.82,1.0,1.01,9.43,-0.02,0.22,0.19,0.74,0
2019-04-11,1.66,1.0,1.29,9.53,0.06,-0.52,-1.11,0.11,0
2019-04-12,0.47,0.0,0.78,9.28,0.02,-0.2,-1.2,0.07,0
2019-04-15,0.81,1.0,0.79,9.59,0.02,0.06,-1.36,0.57,0
2019-04-16,1.34,0.0,1.15,9.79,-0.01,-0.23,-2.21,0.22,0
2019-04-17,0.56,0.0,0.7,9.38,0.01,-0.14,-2.36,0.19,0
2019-04-18,0.55,2.0,0.8,8.97,-0.03,0.05,-2.25,0.61,0
2019-04-22,0.53,1.0,0.59,9.56,0.0,-0.16,-2.2,0.18,0
2019-04-23,0.9,1.0,0.91,9.52,0.03,0.07,-2.38,0.56,0
2019-04-24,0.89,0.0,0.82,9.48,0.02,0.19,-2.0,0.73,0
2019-04-25,0.83,1.0,0.83,9.37,-0.04,-0.06,-1.84,0.43,0
2019-04-26,1.33,1.0,1.57,9.31,0.01,0.21,-1.14,0.79,0
2019-04-29,0.78,0.0,0.68,9.45,0.03,-0.12,-1.57,0.2,0
2019-04-30,0.57,1.0,0.84,9.32,-0.01,0.07,-1.22,0.62,0
2019-05-01,1.31,1.0,1.28,9.21,0.02,-0.39,-1.82,0.17,0
2019-05-02,1.06,2.0,0.99,9.15,-0.01,-0.05,-2.13,0.38,0
2019-05-03,1.36,1.0,1.02,8.9,-0.01,0.17,-1.42,0.72,0
2019-05-06,0.77,1.0,0.81,9.28,0.12,-0.08,-1.21,0.34,0
2019-05-07,0.69,1.0,0.7,9.81,0.03,0.16,-0.81,0.8,0
2019-05-08,1.08,1.0,0.93,9.78,0.03,-0.38,-1.03,0.13,0
2019-05-09,0.76,2.0,0.93,9.92,0.0,0.0,-0.74,0.49,0
2019-05-10,0.56,0.0,0.73,9.3,0.04,-0.04,-0.52,0.45,0
2019-05-13,1.79,1.0,1.22,10.52,0.08,0.49,0.57,0.9,0
2019-05-14,0.85,1.0,0.72,9.71,0.06,-0.07,0.36,0.33,0
2019-05-15,0.72,0.0,0.74,9.43,-0.01,-0.09,0.3,0.41,0
2019-05-16,1.33,2.0,0.92,9.16,0.01,-0.3,-0.49,0.19,0
2019-05-17,1.25,0.0,0.97,9.1,-0.02,-0.27,-1.2,0.23,0
2019-05-20,0.49,1.0,0.6,9.17,0.03,0.11,-1.19,0.82,0
2019-05-21,0.76,1.0,0.66,8.99,0.01,0.1,-1.41,0.63,0
2019-05-22,0.46,0.0,0.56,9.04,0.02,-0.09,-1.47,0.29,0
2019-05-23,1.37,0.0,0.93,9.42,0.05,0.16,-0.68,0.74,0
2019-05-24,0.42,1.0,0.59,9.0,0.01,0.12,-0.57,0.87,0
2019-05-28,1.08,2.0,1.03,9.13,-0.04,-0.14,-0.96,0.31,0
2019-05-29,0.61,2.0,0.53,8.9,0.04,-0.17,-0.86,0.17,0
2019-05-30,1.35,1.0,0.95,9.25,0.51,0.48,0.24,0.98,1
2019-05-31,1.78,1.0,1.27,10.27,0.0,0.59,1.65,0.97,0
2019-06-03,1.95,1.0,1.89,12.02,0.15,0.61,3.11,0.88,1
2019-06-04,0.79,1.0,1.62,10.65,0.0,0.16,3.15,0.7,0
2019-06-05,1.67,1.0,2.29,11.23,-0.01,-0.32,3.32,0.23,1
2019-06-06,1.04,2.0,1.53,11.59,-0.11,-0.12,3.64,0.52,0
2019-06-07,1.51,0.0,1.95,11.46,0.02,0.11,4.18,0.62,0
2019-06-10,1.11,1.0,1.4,10.89,-0.16,-0.1,3.06,0.22,0
2019-06-11,0.81,1.0,1.15,10.61,0.03,0.11,2.91,0.7,0
2019-06-12,0.99,0.0,1.28,11.07,0.0,-0.06,3.32,0.56,0
2019-06-13,0.86,1.0,1.08,11.63,0.06,0.28,3.89,0.82,0
2019-06-14,1.66,1.0,2.01,11.89,0.0,-0.55,3.79,0.16,0
2019-06-17,0.82,0.0,1.56,11.8,-0.03,0.14,3.62,0.66,0
2019-06-18,1.27,2.0,2.29,12.29,0.02,0.0,4.03,0.48,1
2019-06-19,1.22,1.0,1.82,12.5,-0.02,0.68,4.66,0.95,0
2019-06-20,2.69,0.0,3.15,15.63,0.01,0.55,7.22,0.89,1
2019-06-21,1.93,1.0,3.09,15.4,-0.05,0.23,7.79,0.57,1
2019-06-24,1.28,0.0,1.96,17.05,0.04,0.74,9.19,0.95,1
2019-06-25,1.69,1.0,3.63,17.02,0.0,-0.38,9.19,0.38,1
2019-06-26,1.35,1.0,2.17,15.88,-0.01,-0.02,7.99,0.33,1
2019-06-27,0.79,1.0,1.47,15.51,0.02,0.21,7.69,0.71,0
2019-06-28,1.12,0.0,1.41,15.82,0.0,-0.18,7.68,0.29,0
2019-07-01,1.59,1.0,1.31,14.1,-0.31,-0.45,5.41,0.26,1
2019-07-02,1.82,1.0,1.01,15.52,-0.01,1.21,7.45,0.91,1
2019-07-03,1.37,0.0,1.46,15.89,0.19,-0.37,7.56,0.23,1
2019-07-05,1.99,5.0,1.72,15.17,0.01,-0.35,6.02,0.4,1
2019-07-08,0.78,2.0,0.82,13.13,-0.01,-0.61,5.1,0.01,0
2019-07-09,0.71,1.0,0.72,13.46,0.02,0.23,5.28,0.77,0
2019-07-10,1.44,1.0,0.97,14.47,0.02,0.99,6.72,0.98,0
2019-07-11,1.15,1.0,0.88,13.63,0.0,-0.67,5.65,0.14,0
2019-07-12,0.7,1.0,0.73,14.65,0.0,0.45,6.05,0.84,0
2019-07-15,0.6,1.0,0.61,14.86,0.17,0.14,5.86,0.63,0
2019-07-16,0.89,2.0,0.73,14.34,0.01,-0.49,4.75,0.16,0
2019-07-17,1.37,1.0,0.77,15.72,0.01,0.92,6.25,1.0,0
2019-07-18,1.68,0.0,1.09,17.31,0.18,1.38,7.48,0.92,1
2019-07-19,1.59,1.0,1.17,15.91,0.04,-0.65,5.69,0.16,0
2019-07-22,0.39,0.0,0.53,14.98,0.06,-0.13,5.4,0.31,0
2019-07-23,0.81,1.0,0.89,14.27,-0.01,-0.31,4.61,0.22,0
2019-07-24,0.64,0.0,0.66,14.54,0.01,0.05,4.92,0.61,0
2019-07-25,1.13,2.0,1.01,13.6,0.01,-0.51,3.97,0.15,0
2019-07-26,0.57,1.0,0.72,12.26,0.02,-0.16,3.95,0.3,0
2019-07-29,0.66,1.0,0.44,13.68,-0.03,0.4,4.45,0.85,0
2019-07-30,0.55,1.0,0.42,14.41,0.67,0.23,5.53,0.81,1
2019-07-31,1.4,2.0,0.85,13.21,0.01,-0.86,3.9,0.14,0
2019-08-01,2.26,1.0,1.46,15.61,-0.01,1.88,6.08,1.0,1
2019-08-02,0.91,0.0,1.39,15.03,0.01,0.11,5.47,0.53,0
2019-08-05,1.5,2.0,1.76,16.99,-0.06,0.18,6.64,0.73,0
2019-08-06,0.82,1.0,1.4,15.95,0.19,0.44,7.22,0.9,1
2019-08-07,1.71,1.0,2.08,18.69,0.02,0.03,8.52,0.6,1
2019-08-08,0.84,1.0,1.26,17.87,-0.03,0.31,8.68,0.68,0
2019-08-09,0.72,0.0,1.07,16.65,0.1,-0.2,7.97,0.23,0
2019-08-12,1.46,2.0,1.13,18.24,0.03,0.6,8.57,0.74,0
2019-08-13,2.39,0.0,1.93,17.74,0.06,-0.46,7.59,0.42,1
2019-08-14,1.2,1.0,1.48,18.51,0.0,0.2,8.08,0.66,0
2019-08-15,0.76,1.0,1.36,18.57,-0.01,0.38,8.42,0.8,0
2019-08-16,0.99,0.0,1.04,16.78,0.0,0.02,7.47,0.43,0
2019-08-19,0.8,1.0,0.84,14.92,-0.02,-0.38,5.91,0.14,0
2019-08-20,0.64,1.0,0.76,15.35,-0.01,0.38,6.49,0.96,0
2019-08-21,0.48,1.0,0.71,15.04,0.03,0.05,5.87,0.56,0
2019-08-22,0.52,0.0,0.75,15.36,0.0,-0.02,5.3,0.55,0
2019-08-23,1.62,1.0,1.19,18.04,0.0,1.02,7.1,0.94,0
2019-08-26,1.26,1.0,1.32,17.47,0.23,-0.44,6.82,0.12,1
2019-08-27,0.8,1.0,0.78,17.08,0.04,0.48,7.51,0.91,0
2019-08-28,0.62,1.0,0.82,17.01,0.0,-0.01,6.95,0.5,0
2019-08-29,1.32,1.0,0.91,16.03,0.07,-0.57,5.86,0.28,0
2019-08-30,0.68,1.0,0.68,15.39,0.07,-0.14,5.27,0.44,0
2019-09-03,1.32,5.0,1.08,16.76,0.15,0.79,6.57,0.85,1
2019-09-04,1.0,1.0,0.79,17.15,0.06,0.69,7.01,0.91,0
2019-09-05,1.99,0.0,1.15,15.66,0.0,-0.83,4.22,0.25,0
2019-09-06,1.01,1.0,1.19,14.81,-0.05,-0.59,3.19,0.11,0
2019-09-09,0.74,0.0,0.72,14.84,0.01,-0.43,2.67,0.14,0
2019-09-10,0.6,2.0,1.01,14.59,0.01,-0.42,1.66,0.05,0
2019-09-11,0.54,1.0,0.62,14.95,0.01,0.24,2.14,0.83,0
2019-09-12,1.49,1.0,1.18,15.05,-0.03,-0.52,2.17,0.28,0
2019-09-13,0.96,0.0,0.92,14.96,-0.05,-0.77,1.19,0.05,0
2019-09-16,0.67,1.0,0.98,16.18,0.47,-0.28,1.9,0.19,1
2019-09-17,0.58,1.0,0.77,16.02,0.02,0.08,1.98,0.64,0
2019-09-18,1.37,2.0,0.83,14.84,0.01,-0.51,1.15,0.38,0
2019-09-19,0.66,1.0,0.69,15.03,0.06,0.03,1.41,0.63,0
2019-09-20,0.8,1.0,0.73,17.09,0.02,0.74,2.48,0.96,0
2019-09-23,0.69,0.0,0.88,16.92,-0.09,0.34,2.89,0.86,0
2019-09-24,0.87,1.0,1.07,17.18,-0.02,0.51,3.26,0.85,0
2019-09-25,1.51,1.0,1.2,15.64,0.01,-0.97,1.15,0.11,0
2019-09-26,0.51,1.0,0.96,14.95,0.03,-0.2,1.02,0.35,0
2019-09-27,0.91,1.0,1.18,15.23,0.0,-0.01,0.33,0.45,0
2019-09-30,1.58,1.0,1.24,15.42,-0.07,-0.52,-1.32,0.26,0
2019-10-01,1.2,1.0,1.46,15.43,0.01,0.59,-0.86,0.78,0
2019-10-02,1.28,1.0,1.24,15.82,0.02,0.48,0.22,0.79,0
2019-10-03,0.99,0.0,1.36,16.33,0.02,-0.01,0.54,0.41,0
2019-10-04,0.83,1.0,1.25,15.36,-0.02,0.07,0.41,0.48,0
2019-10-07,1.07,1.0,0.83,15.45,0.21,-0.48,-0.58,0.2,0
2019-10-08,0.95,1.0,1.1,16.02,0.01,0.36,0.18,0.84,0
2019-10-09,0.52,1.0,0.88,15.71,0.0,0.06,0.13,0.58,0
2019-10-10,1.1,1.0,1.17,15.76,0.02,-0.6,-0.87,0.1,0
2019-10-11,1.24,1.0,1.45,15.72,-0.01,-0.09,-1.52,0.4,0
2019-10-14,0.59,1.0,0.71,15.67,-0.02,0.09,-1.19,0.64,0
2019-10-15,0.93,0.0,0.93,15.24,0.01,-0.44,-1.99,0.19,0
2019-10-16,0.62,1.0,0.97,14.94,0.0,0.28,-1.45,0.86,0
2019-10-17,0.61,0.0,0.81,14.81,-0.01,0.07,-1.32,0.6,0
2019-10-18,0.42,0.0,0.62,14.85,-0.01,0.03,-1.37,0.61,0
2019-10-21,0.62,1.0,0.7,14.08,0.05,-0.39,-1.84,0.14,0
2019-10-22,0.37,1.0,0.54,13.8,0.02,0.12,-1.56,0.84,0
2019-10-23,0.42,2.0,0.58,13.11,0.02,-0.05,-1.26,0.45,0
2019-10-24,0.81,1.0,0.81,14.02,0.0,0.39,-0.55,0.88,0
2019-10-25,0.87,1.0,0.95,13.56,-0.04,-0.17,-0.32,0.28,0
2019-10-28,0.9,0.0,0.8,13.75,0.0,-0.33,-1.13,0.16,0
2019-10-29,0.58,2.0,0.68,13.4,0.0,-0.04,-1.4,0.45,0
2019-10-30,0.8,2.0,0.83,13.16,0.03,0.34,-0.85,0.97,0
2019-10-31,1.06,1.0,1.04,13.38,0.02,0.3,0.17,0.85,0
2019-11-01,0.68,0.0,0.96,12.81,0.02,0.17,0.28,0.74,0
2019-11-04,0.55,2.0,0.7,12.47,-0.03,-0.12,-0.02,0.4,0
2019-11-05,1.66,1.0,1.34,12.33,-0.01,-0.58,-1.6,0.18,0
2019-11-06,0.62,1.0,0.91,12.03,0.01,0.23,-1.11,0.73,0
2019-11-07,1.7,1.0,1.63,12.34,-0.01,-0.54,-2.61,0.24,0
2019-11-08,0.85,1.0,1.39,12.25,0.0,-0.4,-3.14,0.14,0
2019-11-11,0.95,0.0,1.04,12.64,0.03,-0.23,-3.27,0.37,0
2019-11-12,0.77,1.0,1.23,11.87,0.0,0.38,-2.94,0.88,0
2019-11-13,0.59,1.0,1.11,11.7,-0.01,0.12,-2.43,0.75,0
2019-11-14,0.72,1.0,1.01,11.86,-0.01,0.14,-1.89,0.71,0
2019-11-15,0.5,0.0,0.81,11.16,-0.01,0.03,-2.09,0.49,0
2019-11-18,0.96,0.0,0.98,11.55,-0.04,0.4,-1.71,0.87,0
2019-11-19,0.58,1.0,0.85,11.54,-0.05,0.14,-1.63,0.7,0
2019-11-20,0.73,0.0,1.07,11.54,0.02,0.01,-1.56,0.53,0
2019-11-21,0.77,0.0,0.96,11.33,0.12,-0.29,-2.05,0.21,0
2019-11-22,0.69,0.0,0.81,11.34,0.01,-0.3,-2.19,0.08,0
2019-11-25,0.47,1.0,0.69,11.16,-0.02,-0.22,-2.65,0.1,0
2019-11-26,0.78,1.0,0.61,10.73,-0.01,0.41,-2.07,0.97,0
2019-11-27,0.59,0.0,0.53,10.28,0.44,-0.13,-2.07,0.21,1
2019-12-02,0.72,0.0,0.83,10.76,0.07,0.17,-1.44,0.77,0
2019-12-03,1.4,0.0,1.09,12.12,0.01,0.28,-0.43,0.79,0
2019-12-04,0.81,0.0,0.95,11.4,-0.01,-0.15,-0.54,0.27,0
2019-12-05,0.47,1.0,0.79,11.22,0.0,-0.02,-0.41,0.42,0
2019-12-06,1.37,0.0,1.03,10.73,-0.03,-0.46,-1.44,0.09,0
2019-12-09,0.42,1.0,0.51,10.69,-0.01,-0.07,-1.37,0.34,0
2019-12-10,0.6,1.0,0.67,10.35,0.0,0.0,-1.06,0.52,0
2019-12-11,1.08,1.0,0.67,10.78,-0.01,0.41,-0.34,0.78,0
2019-12-12,1.52,0.0,1.17,11.03,-0.01,-0.17,-0.69,0.26,0
2019-12-13,1.05,1.0,1.13,10.36,-0.11,0.37,-0.2,0.9,0
2019-12-16,0.44,1.0,0.62,10.42,-0.04,0.0,-0.16,0.45,0
2019-12-17,0.42,1.0,0.66,10.08,0.0,-0.07,-0.15,0.27,0
2019-12-18,0.62,0.0,0.72,10.04,-0.01,0.03,-0.14,0.61,0
2019-12-19,0.59,1.0,0.65,10.25,-0.02,0.18,0.12,0.71,0
2019-12-20,0.37,1.0,0.61,9.69,0.0,-0.07,0.02,0.34,0
2019-12-23,0.64,1.0,0.66,10.53,0.02,0.2,0.62,0.97,0
2019-12-26,1.12,1.0,1.11,13.26,0.06,0.37,2.43,0.95,0
2019-12-27,0.56,1.0,0.85,12.28,0.03,-0.05,2.28,0.39,0
2019-12-30,0.41,0.0,0.64,12.6,0.02,0.06,2.43,0.78,0
2019-12-31,0.86,0.0,0.88,12.66,0.0,-0.23,2.59,0.28,0
2020-01-02,1.09,0.0,0.97,12.7,0.02,0.26,3.25,0.79,0
2020-01-03,1.98,0.0,1.62,13.31,0.03,0.3,4.59,0.82,0
2020-01-06,2.21,0.0,2.12,14.19,0.38,-0.41,5.58,0.23,1
2020-01-07,1.17,2.0,1.51,13.76,-0.07,0.34,5.85,0.92,0
2020-01-08,3.88,1.0,4.13,12.97,0.14,-1.42,4.93,0.13,1
2020-01-09,1.21,1.0,1.6,12.59,-0.01,0.01,4.24,0.5,0
2020-01-10,0.87,2.0,1.22,12.0,0.05,0.51,4.78,0.94,0
2020-01-13,0.9,1.0,0.86,10.98,0.02,-0.28,3.88,0.14,0
2020-01-14,0.76,1.0,1.04,10.94,0.03,0.27,3.7,0.83,0
2020-01-15,0.7,1.0,0.98,11.69,-0.03,0.27,4.25,0.82,0
2020-01-16,0.59,0.0,0.81,11.3,0.0,0.02,4.02,0.58,0
2020-01-17,0.72,1.0,0.8,11.5,0.0,0.05,4.18,0.64,0
2020-01-21,1.35,3.0,1.48,11.48,0.04,0.02,4.17,0.56,0
2020-01-22,0.56,1.0,0.69,11.06,0.01,0.2,4.08,0.91,0
2020-01-23,0.97,0.0,1.31,11.57,0.01,0.17,4.17,0.66,0
2020-01-24,1.17,0.0,1.27,12.29,0.05,0.3,4.64,0.78,0
2020-01-27,0.8,1.0,1.35,12.71,0.5,0.08,5.21,0.5,1
2020-01-28,0.97,0.0,0.8,11.8,-0.01,-0.35,4.13,0.15,0
2020-01-29,0.91,1.0,0.58,12.01,-0.01,0.46,4.52,0.92,0
2020-01-30,0.83,0.0,0.81,12.16,0.29,-0.19,4.73,0.35,1
2020-01-31,1.14,0.0,1.07,13.47,0.0,0.29,5.19,0.83,0
2020-02-03,1.66,1.0,0.69,12.19,0.19,-0.2,4.33,0.35,0
2020-02-04,1.78,1.0,0.78,11.99,0.05,-0.46,2.76,0.2,0
2020-02-05,0.81,0.0,0.67,11.2,0.0,0.13,2.78,0.66,0
2020-02-06,0.87,2.0,0.64,11.32,-0.01,0.25,3.22,0.87,0
2020-02-07,0.83,0.0,0.75,11.41,-0.01,0.12,3.34,0.72,0
2020-02-10,0.52,1.0,0.55,11.76,0.09,0.05,3.41,0.62,0
2020-02-11,0.7,0.0,0.68,11.49,0.0,0.01,2.9,0.54,0
2020-02-12,0.52,1.0,0.51,11.08,0.03,0.05,2.65,0.61,0
2020-02-13,0.78,0.0,0.69,11.52,0.06,0.12,3.11,0.83,0
2020-02-14,0.68,1.0,0.56,11.66,0.01,0.21,3.38,0.84,0
2020-02-18,1.59,3.0,1.21,12.81,-0.07,0.73,4.54,0.91,0
2020-02-19,0.79,2.0,1.12,12.83,-0.04,0.43,5.04,1.0,0
2020-02-20,1.18,0.0,1.57,13.55,0.0,0.27,5.28,0.79,0
2020-02-21,1.78,1.0,2.09,15.77,0.03,0.32,6.61,0.81,1
2020-02-24,2.2,1.0,2.9,17.27,0.5,-0.78,7.37,0.23,1
2020-02-25,2.13,1.0,2.51,18.37,0.01,-1.11,5.14,0.12,1
2020-02-26,1.49,1.0,2.0,16.88,0.02,-0.31,5.32,0.38,0
2020-02-27,1.2,1.0,1.79,17.37,0.02,-0.69,5.11,0.06,0
2020-02-28,4.13,0.0,2.52,21.73,0.02,-1.86,1.15,0.19,1
2020-03-02,1.46,1.0,1.37,19.17,0.18,-0.75,1.45,0.28,1
2020-03-03,2.5,1.0,1.52,21.94,-0.09,0.89,4.51,0.79,1
2020-03-04,0.81,1.0,0.98,18.86,-0.02,-0.22,4.45,0.29,0
2020-03-05,1.46,1.0,0.92,22.54,0.04,1.14,6.45,0.96,0
2020-03-06,1.81,1.0,1.8,25.77,0.0,-0.04,6.23,0.64,1
2020-03-09,1.59,0.0,2.52,32.07,0.5,-0.05,6.2,0.43,1
2020-03-10,1.33,1.0,1.19,24.9,-0.06,-1.05,3.7,0.02,1
2020-03-11,1.29,0.0,1.06,27.95,0.0,-1.18,3.14,0.09,1
2020-03-12,2.92,1.0,1.95,29.76,-0.01,-2.13,-1.1,0.12,1
2020-03-13,2.78,1.0,1.91,37.43,0.09,-2.28,-4.21,0.21,1
2020-03-16,3.37,2.0,2.11,40.11,0.57,-0.28,-5.11,0.47,1
2020-03-17,2.16,0.0,1.29,44.31,-0.1,1.87,-3.7,0.73,1
2020-03-18,1.69,1.0,1.16,49.76,-0.01,-0.68,-5.81,0.31,1
2020-03-19,0.92,1.0,0.6,39.0,-0.03,-0.63,-7.31,0.24,1
2020-03-20,1.37,0.0,0.51,37.67,-0.02,-0.32,-5.91,0.54,1
2020-03-23,1.86,1.0,0.62,39.71,0.1,2.66,-1.36,0.91,1
2020-03-24,2.89,1.0,1.01,42.72,0.04,1.25,4.75,0.71,1
2020-03-25,1.61,0.0,0.75,40.3,-0.03,-1.0,3.21,0.26,1
2020-03-26,1.21,1.0,0.56,37.81,0.0,-0.06,3.45,0.54,1
2020-03-27,0.68,1.0,0.19,35.2,0.0,-0.45,2.04,0.3,1
2020-03-30,0.77,1.0,0.43,30.3,0.63,-0.31,3.25,0.26,1
2020-03-31,1.04,1.0,0.41,28.46,0.01,-1.79,-0.14,0.01,1
2020-04-01,0.66,1.0,0.46,29.6,-0.01,0.17,0.43,0.64,0
2020-04-02,0.96,1.0,0.52,32.77,0.01,1.16,2.71,0.84,1
2020-04-03,0.56,0.0,0.42,31.92,0.0,0.65,3.27,0.84,1
2020-04-06,1.5,1.0,0.67,34.83,-0.03,1.97,6.9,0.9,1
2020-04-07,1.33,1.0,1.06,33.63,0.04,-1.05,5.27,0.17,1
2020-04-08,0.49,1.0,0.68,29.88,-0.01,-0.35,4.78,0.34,0
2020-04-09,1.5,1.0,1.11,27.0,0.0,0.69,8.05,0.73,0
2020-04-13,0.91,0.0,1.16,29.65,0.02,1.12,9.74,0.83,1
2020-04-14,0.78,1.0,1.5,28.97,-0.02,-0.73,8.93,0.2,1
2020-04-15,0.53,0.0,1.29,27.2,0.04,-0.05,8.07,0.49,0
2020-04-16,0.87,0.0,1.41,27.81,0.0,-0.69,7.26,0.29,0
2020-04-17,0.93,1.0,1.6,26.65,0.03,-0.99,4.55,0.09,0
2020-04-20,0.65,2.0,1.35,27.49,-0.02,0.61,5.28,0.76,0
2020-04-21,1.07,1.0,1.7,30.14,0.02,0.41,4.49,0.67,1
2020-04-22,0.92,1.0,1.37,30.44,0.01,1.08,6.63,0.9,1
2020-04-23,0.65,1.0,1.67,30.18,-0.01,0.25,7.25,0.61,1
2020-04-24,0.69,0.0,1.71,29.4,0.03,-0.14,6.49,0.49,1
2020-04-27,0.52,0.0,1.2,26.76,-0.02,-0.32,5.41,0.32,0
2020-04-28,0.57,1.0,1.23,23.95,0.0,0.18,4.76,0.6,0
2020-04-29,0.62,1.0,0.85,23.09,0.0,0.67,5.21,0.77,0
2020-04-30,1.07,1.0,1.22,24.77,0.0,-1.22,2.84,0.13,0
2020-05-01,0.83,1.0,1.01,24.1,0.03,0.89,3.57,0.83,0
2020-05-04,0.56,0.0,0.87,23.7,0.01,-0.02,3.71,0.45,0
2020-05-05,0.5,1.0,0.75,24.9,0.03,0.6,3.91,0.94,0
2020-05-06,0.75,0.0,0.84,24.44,-0.01,-0.58,2.34,0.23,0
2020-05-07,1.13,1.0,0.84,26.11,-0.02,1.1,4.35,0.84,0
2020-05-08,0.7,1.0,0.82,25.37,0.0,-0.72,3.33,0.17,0
2020-05-11,0.5,0.0,0.67,23.58,0.0,-0.3,2.59,0.33,0
2020-05-12,0.54,1.0,0.6,21.79,0.01,-0.08,2.8,0.52,0
2020-05-13,0.61,1.0,0.81,22.13,0.0,0.57,3.75,0.89,0
2020-05-14,0.77,1.0,0.81,23.98,0.0,0.5,4.62,0.77,0
2020-05-15,0.62,1.0,0.99,23.56,-0.01,0.32,5.35,0.68,0
2020-05-18,1.19,2.0,1.37,22.9,0.09,-1.09,4.03,0.09,0
2020-05-19,0.64,0.0,0.75,21.41,0.02,0.54,4.9,0.9,0
2020-05-20,0.34,0.0,0.72,20.28,0.0,0.01,4.97,0.57,0
2020-05-21,0.97,0.0,0.9,20.18,0.0,-0.52,3.18,0.24,0
2020-05-22,0.52,2.0,0.71,19.16,-0.01,0.07,3.69,0.61,0
2020-05-26,1.0,4.0,1.29,18.03,0.0,-1.04,1.75,0.11,1
2020-05-27,0.79,1.0,0.65,18.76,0.0,0.87,1.96,0.96,0
2020-05-28,0.67,1.0,0.76,17.9,0.41,0.0,2.92,0.55,1
2020-05-29,0.81,1.0,0.72,18.02,0.01,0.16,3.37,0.67,0
2020-06-01,0.65,2.0,0.75,17.92,0.23,0.12,3.47,0.61,0
2020-06-02,0.83,1.0,0.82,18.0,0.0,-0.62,2.17,0.26,0
2020-06-03,1.39,0.0,1.16,18.59,0.03,-0.78,-0.18,0.21,0
2020-06-04,0.83,1.0,1.04,18.1,0.01,0.58,0.98,0.82,0
2020-06-05,1.48,1.0,1.35,18.42,0.05,-0.53,-1.23,0.29,0
2020-06-08,0.75,1.0,0.83,17.96,-0.01,0.61,-0.18,0.93,0
2020-06-09,0.89,1.0,0.95,18.56,-0.03,0.28,0.62,0.71,0
2020-06-10,0.99,1.0,0.95,20.03,-0.01,1.12,2.09,0.95,0
2020-06-11,0.77,1.0,1.04,22.03,-0.03,-0.43,1.21,0.24,0
2020-06-12,0.7,0.0,0.88,21.3,0.01,-0.2,1.27,0.4,0
2020-06-15,1.07,1.0,1.13,20.42,0.07,0.52,0.81,0.72,0
2020-06-16,0.56,0.0,1.12,19.43,0.01,0.09,0.83,0.69,0
2020-06-17,0.62,1.0,0.85,18.85,-0.02,0.43,0.89,0.94,0
2020-06-18,0.77,1.0,1.04,18.4,0.03,-0.03,0.49,0.36,0
2020-06-19,0.97,0.0,1.03,18.23,-0.02,0.62,1.85,0.87,0
2020-06-22,0.76,0.0,1.51,19.32,0.14,-0.07,2.29,0.46,0
2020-06-23,0.83,0.0,1.22,20.13,0.0,0.66,3.43,0.97,0
2020-06-24,0.78,1.0,1.56,19.81,0.0,-0.5,2.81,0.17,0
2020-06-25,0.51,0.0,0.92,19.77,0.01,0.05,2.66,0.58,0
2020-06-26,1.01,0.0,1.17,20.3,0.03,0.76,3.33,0.96,0
2020-06-29,0.44,0.0,0.76,19.19,0.12,-0.08,3.14,0.42,0
2020-06-30,0.95,0.0,0.95,19.69,0.0,0.42,3.92,0.78,0
2020-07-01,1.31,1.0,1.34,18.82,0.0,-0.31,2.89,0.35,0
2020-07-02,0.83,0.0,0.94,17.72,0.0,0.36,3.13,0.85,0
2020-07-06,0.65,3.0,1.1,17.22,0.04,0.39,3.51,0.82,0
2020-07-07,0.97,0.0,0.94,17.2,-0.02,0.73,4.26,0.96,0
2020-07-08,0.87,1.0,1.06,17.83,0.01,0.14,4.71,0.58,0
2020-07-09,0.87,0.0,1.17,17.31,0.03,-0.3,4.04,0.37,0
2020-07-10,0.69,0.0,0.92,16.79,-0.03,-0.25,3.54,0.28,0
2020-07-13,0.58,1.0,0.7,16.48,0.04,-0.35,3.58,0.15,0
2020-07-14,0.83,2.0,0.81,15.95,0.04,0.5,3.94,0.93,0
2020-07-15,0.54,0.0,0.7,15.52,-0.05,0.18,3.85,0.69,0
2020-07-16,0.8,1.0,0.66,15.4,0.01,-0.64,2.61,0.02,0
2020-07-17,0.68,0.0,0.57,14.93,0.01,0.32,3.49,0.89,0
2020-07-20,0.62,0.0,0.57,15.35,0.02,0.19,3.73,0.71,0
2020-07-21,1.04,1.0,0.82,16.86,0.02,0.43,4.94,0.88,0
2020-07-22,1.1,1.0,1.45,22.0,0.01,0.56,6.27,0.88,0
2020-07-23,1.3,0.0,1.28,21.58,0.0,0.15,6.96,0.59,0
2020-07-24,0.89,1.0,0.89,21.32,0.0,0.33,7.68,0.82,0
2020-07-27,1.58,1.0,1.48,25.2,0.04,0.24,9.33,0.8,0
2020-07-28,2.68,0.0,3.14,28.79,-0.02,0.65,10.04,0.67,1
2020-07-29,1.3,1.0,1.26,27.17,-0.02,0.52,10.5,0.69,1
2020-07-30,1.16,0.0,1.27,24.2,0.79,0.19,10.8,0.58,1
2020-07-31,1.08,1.0,1.14,24.4,0.04,0.15,11.62,0.61,0
2020-08-03,1.12,1.0,0.73,23.49,0.04,0.19,11.38,0.51,0
2020-08-04,1.62,0.0,1.01,25.47,-0.01,1.44,13.3,0.98,1
2020-08-05,1.32,1.0,1.6,26.15,-0.03,0.07,13.93,0.55,1
2020-08-06,0.98,0.0,1.37,27.28,0.04,0.37,14.79,0.78,1
2020-08-07,1.94,0.0,2.09,26.36,0.01,-0.76,12.53,0.26,1
2020-08-10,0.95,1.0,1.18,24.08,-0.05,-0.4,11.79,0.22,1
2020-08-11,3.42,1.0,2.89,27.12,-0.02,-2.31,5.55,0.05,1
2020-08-12,2.21,1.0,3.07,25.93,-0.02,-0.31,5.02,0.55,1
2020-08-13,1.24,1.0,1.63,25.81,0.0,0.67,6.97,0.76,0
2020-08-14,0.73,1.0,1.26,23.35,0.02,-0.17,6.1,0.41,0
2020-08-17,1.48,0.0,1.18,26.19,0.05,1.06,8.07,0.88,0
2020-08-18,0.92,0.0,1.34,25.77,-0.02,0.23,8.78,0.71,0
2020-08-19,1.75,1.0,1.76,27.67,-0.01,-1.83,4.83,0.07,1
2020-08-20,0.79,1.0,1.54,25.97,0.01,0.73,5.31,0.92,0
2020-08-21,1.05,0.0,1.3,25.71,0.02,0.13,4.28,0.62,0
2020-08-24,0.88,1.0,1.0,24.41,0.0,-0.66,3.42,0.09,0
2020-08-25,0.55,1.0,0.89,22.96,0.0,0.23,3.28,0.66,0
2020-08-26,1.24,1.0,1.11,23.63,0.04,1.29,4.36,0.96,0
2020-08-27,1.64,0.0,1.58,23.22,0.01,-0.37,2.9,0.31,0
2020-08-28,1.21,2.0,0.94,23.29,0.01,0.42,4.5,0.79,0
2020-08-31,0.5,0.0,0.75,23.93,0.02,-0.04,4.39,0.51,0
2020-09-01,0.71,0.0,0.86,23.31,-0.02,-0.55,4.28,0.25,0
2020-09-02,0.94,1.0,0.84,23.69,0.0,-0.56,2.65,0.28,0
2020-09-03,0.67,1.0,0.72,23.33,0.01,-0.31,1.7,0.29,0
2020-09-04,0.79,1.0,0.73,22.33,0.01,0.31,1.87,0.6,0
2020-09-08,0.85,5.0,0.99,22.89,-0.04,0.38,1.53,0.74,1
2020-09-09,0.78,1.0,0.49,21.69,0.01,0.64,2.3,0.92,0
2020-09-10,0.62,1.0,0.62,21.32,0.01,-0.53,1.81,0.09,0
2020-09-11,0.47,1.0,0.49,20.23,-0.01,-0.15,1.59,0.33,0
2020-09-14,0.68,1.0,0.45,20.78,0.0,0.31,2.25,0.77,0
2020-09-15,0.66,2.0,0.57,20.21,0.0,-0.35,1.81,0.22,0
2020-09-16,0.67,1.0,0.72,20.3,-0.01,-0.26,1.88,0.35,0
2020-09-17,0.8,1.0,0.75,19.92,0.0,0.25,1.17,0.56,0
2020-09-18,0.45,1.0,0.53,20.0,0.0,-0.09,1.13,0.4,0
2020-09-21,2.09,0.0,1.31,21.43,-0.07,-0.17,-1.16,0.4,0
2020-09-22,0.68,1.0,1.06,21.17,-0.01,-0.23,-1.77,0.3,0
2020-09-23,1.35,1.0,1.34,23.47,0.03,-0.94,-4.03,0.13,0
2020-09-24,0.76,2.0,1.06,23.6,-0.01,0.49,-3.67,0.73,0
2020-09-25,0.64,0.0,0.72,21.4,0.02,-0.04,-4.1,0.45,0
2020-09-28,0.98,1.0,0.73,21.99,-0.03,0.94,-3.13,0.94,0
2020-09-29,0.64,1.0,0.65,22.34,-0.01,0.57,-2.36,0.89,0
2020-09-30,0.61,0.0,0.83,22.09,0.01,-0.25,-3.0,0.26,0
2020-10-01,0.77,1.0,0.62,22.48,0.0,0.15,-2.09,0.72,0
2020-10-02,0.79,0.0,0.67,22.53,-0.01,-0.16,-2.32,0.41,0
2020-10-05,0.94,0.0,0.54,22.32,0.1,0.35,-1.84,0.75,0
2020-10-06,1.04,1.0,0.64,22.77,-0.01,-1.13,-3.12,0.04,0
2020-10-07,0.7,2.0,0.63,22.79,0.03,0.05,-3.18,0.51,0
2020-10-08,0.56,0.0,0.57,21.94,0.01,0.18,-2.72,0.65,0
2020-10-09,1.07,1.0,0.9,22.38,0.0,0.6,-0.8,0.97,0
2020-10-12,0.44,0.0,0.67,22.45,-0.03,-0.11,-1.08,0.28,0
2020-10-13,1.19,0.0,1.03,23.18,0.01,-0.7,-2.68,0.16,0
2020-10-14,0.94,1.0,0.81,22.07,0.01,-0.09,-2.23,0.55,0
2020-10-15,0.58,1.0,0.91,21.83,0.01,0.49,-1.7,0.9,0
2020-10-16,0.52,0.0,0.66,20.37,-0.01,-0.35,-1.97,0.11,0
2020-10-19,0.68,1.0,0.68,21.3,0.02,-0.37,-1.75,0.16,0
2020-10-20,0.65,1.0,0.78,21.48,0.0,0.3,-1.16,0.79,0
2020-10-21,0.79,1.0,0.89,22.4,0.04,0.16,-0.26,0.69,0
2020-10-22,1.09,1.0,0.83,21.85,0.01,-0.15,-1.32,0.36,0
2020-10-23,0.69,0.0,0.77,20.86,0.0,-0.04,-1.37,0.46,0
2020-10-26,0.61,1.0,0.69,20.96,0.07,0.03,-1.38,0.64,0
2020-10-27,0.49,1.0,0.59,20.77,0.01,0.13,-1.03,0.74,0
2020-10-28,1.45,1.0,1.15,21.84,0.01,-0.49,-2.61,0.2,0
2020-10-29,0.84,1.0,0.97,21.76,-0.01,-0.16,-2.9,0.4,0
2020-10-30,0.91,1.0,0.88,23.38,0.01,-0.07,-2.39,0.5,0
2020-11-02,0.76,2.0,0.65,23.17,-0.04,0.41,-1.36,0.98,0
2020-11-03,0.81,0.0,0.71,23.21,-0.01,0.31,-0.68,0.82,0
2020-11-04,1.24,1.0,1.16,19.79,-0.01,0.25,-0.81,0.64,0
2020-11-05,1.73,1.0,1.1,21.48,0.0,1.03,1.58,0.92,0
2020-11-06,0.78,0.0,1.39,21.11,-0.04,0.19,1.74,0.65,0
2020-11-09,3.83,0.0,2.29,21.78,0.06,-1.84,-2.85,0.15,1
2020-11-10,0.83,1.0,1.06,20.55,0.01,-0.31,-2.4,0.43,0
2020-11-11,0.81,0.0,0.83,19.27,0.0,-0.26,-2.79,0.29,0
2020-11-12,0.64,1.0,0.68,19.15,0.0,0.15,-2.04,0.61,0
2020-11-13,0.68,1.0,0.62,17.76,-0.01,0.11,-1.29,0.63,0
2020-11-16,1.08,1.0,0.86,17.86,-0.04,0.2,-1.26,0.7,0
2020-11-17,0.48,1.0,0.57,17.58,0.03,-0.33,-1.52,0.27,0
2020-11-18,0.69,1.0,0.78,17.42,0.02,-0.29,-2.05,0.36,0
2020-11-19,0.69,1.0,0.87,18.05,0.0,0.29,-2.18,0.68,0
2020-11-20,0.62,2.0,0.68,17.67,0.04,0.19,-1.74,0.64,0
2020-11-23,1.5,0.0,1.18,18.84,0.01,-0.78,-3.65,0.13,0
2020-11-24,1.23,1.0,1.3,20.1,0.01,-0.32,-5.02,0.22,0
2020-11-25,0.54,1.0,0.66,19.64,0.01,-0.15,-4.87,0.37,0
2020-11-30,0.79,2.0,0.86,19.58,0.03,0.14,-5.88,0.49,0
2020-12-01,1.32,1.0,0.79,19.56,0.02,0.72,-3.67,0.94,0
2020-12-02,0.75,1.0,0.86,19.44,0.02,0.44,-2.87,0.87,0
2020-12-03,0.64,1.0,0.87,19.58,-0.01,0.38,-2.03,0.93,0
2020-12-04,0.65,0.0,0.91,19.07,-0.01,-0.13,-2.3,0.39,0
2020-12-07,1.54,0.0,0.89,19.76,-0.02,0.91,-0.81,0.89,0
2020-12-08,0.49,2.0,0.82,19.85,-0.03,0.23,-0.39,0.73,0
2020-12-09,1.52,1.0,1.33,20.09,0.0,-0.72,-2.21,0.27,0
2020-12-10,0.69,1.0,0.96,19.6,-0.01,-0.16,-2.25,0.33,0
2020-12-11,0.78,1.0,0.87,19.14,-0.03,0.09,-1.97,0.65,0
2020-12-14,0.82,0.0,1.01,19.47,0.03,-0.08,-2.54,0.42,0
2020-12-15,0.98,1.0,0.96,19.71,0.02,0.51,-1.01,0.97,0
2020-12-16,0.7,1.0,1.11,19.17,0.02,0.44,-0.39,0.94,0
2020-12-17,1.18,1.0,1.23,20.16,0.0,0.16,0.78,0.66,0
2020-12-18,0.44,0.0,0.86,19.18,0.0,-0.08,0.64,0.38,0
2020-12-21,1.74,1.0,1.77,20.12,0.18,-0.36,0.32,0.41,1
2020-12-22,0.82,0.0,1.1,19.53,0.0,-0.51,-0.43,0.09,0
2020-12-23,0.74,0.0,1.1,18.9,0.01,0.2,0.21,0.7,0
2020-12-28,1.06,1.0,1.38,20.27,0.07,-0.59,0.28,0.16,0
2020-12-29,0.52,1.0,0.99,19.51,0.03,-0.01,0.59,0.45,0
2020-12-30,0.64,1.0,0.77,19.89,0.01,0.55,1.42,0.98,0
2020-12-31,0.53,0.0,0.79,20.43,-0.05,0.31,1.78,0.96,0
2021-01-04,1.5,0.0,1.36,21.86,0.23,0.62,4.15,0.98,1
2021-01-05,0.63,1.0,1.0,22.17,-0.03,0.21,4.4,0.78,0
2021-01-06,2.08,0.0,1.78,21.71,0.0,-0.69,2.56,0.28,1
2021-01-07,0.72,0.0,0.87,20.74,0.07,-0.16,2.27,0.3,0
2021-01-08,3.01,1.0,2.1,22.08,0.02,-1.2,-1.31,0.22,1
2021-01-11,1.17,0.0,1.45,20.61,0.03,0.24,-1.33,0.73,0
2021-01-12,0.85,1.0,0.96,20.05,0.01,0.38,-0.72,0.73,0
2021-01-13,0.52,1.0,0.68,18.61,0.0,-0.41,-1.1,0.17,0
2021-01-14,0.96,1.0,0.89,19.12,0.02,0.18,-1.16,0.67,0
2021-01-15,1.06,0.0,0.86,19.03,0.05,-0.76,-2.27,0.1,0
2021-01-19,1.4,7.0,1.13,18.79,0.02,0.32,-1.43,0.89,1
2021-01-20,1.2,0.0,0.91,19.15,0.01,0.84,0.24,0.97,0
2021-01-21,0.51,1.0,0.6,18.75,-0.01,0.12,0.27,0.65,0
2021-01-22,1.06,0.0,0.78,18.46,0.0,0.1,-0.43,0.51,0
2021-01-25,0.64,1.0,0.78,18.49,0.0,-0.07,-0.38,0.4,0
2021-01-26,0.44,1.0,0.55,17.9,0.0,-0.19,-0.62,0.24,0
2021-01-27,0.74,0.0,0.5,18.16,0.02,-0.12,-1.17,0.48,0
2021-01-28,1.02,1.0,0.84,19.56,0.19,-0.23,-0.86,0.3,0
2021-01-29,1.22,1.0,0.98,20.97,0.03,-0.86,-0.85,0.08,0
2021-02-01,0.74,0.0,0.92,22.11,0.34,-0.14,0.15,0.44,1
2021-02-02,1.16,1.0,0.9,19.52,0.01,-0.42,-1.19,0.17,0
2021-02-03,0.5,0.0,0.51,18.51,0.0,-0.21,-1.29,0.24,0
2021-02-04,1.68,0.0,1.19,19.32,-0.01,-0.63,-3.43,0.18,0
2021-02-05,0.76,1.0,0.87,18.68,0.0,0.47,-2.34,0.84,0
2021-02-08,1.07,2.0,0.76,18.56,0.1,0.32,-1.29,0.72,0
2021-02-09,0.61,2.0,0.83,18.18,0.0,-0.25,-1.03,0.33,0
2021-02-10,0.76,0.0,1.01,18.35,-0.02,-0.02,-0.7,0.44,0
2021-02-11,0.89,1.0,0.82,18.29,0.03,-0.56,-1.68,0.18,0
2021-02-12,0.71,0.0,0.92,18.1,0.01,0.07,-2.0,0.53,0
2021-02-16,1.31,3.0,1.88,19.56,0.08,-0.75,-3.42,0.17,1
2021-02-17,0.89,0.0,1.28,20.58,-0.03,-0.44,-4.53,0.22,0
2021-02-18,0.73,0.0,1.05,19.65,0.01,-0.29,-4.47,0.31,0
2021-02-19,1.07,0.0,1.15,19.16,0.0,0.35,-3.99,0.69,0
2021-02-22,1.12,1.0,0.97,19.23,-0.03,0.6,-2.47,0.87,0
2021-02-23,0.69,0.0,0.76,18.48,0.01,-0.11,-2.57,0.48,0
2021-02-24,1.03,1.0,0.94,18.37,0.0,0.23,-2.7,0.63,0
2021-02-25,1.39,0.0,1.25,20.82,0.0,-0.71,-4.43,0.12,0
2021-02-26,1.94,1.0,1.49,20.93,0.01,-1.1,-6.68,0.19,0
2021-03-01,1.25,1.0,0.99,21.49,-0.04,-0.89,-6.79,0.11,0
2021-03-02,1.01,1.0,0.93,20.01,0.0,0.55,-6.12,0.84,0
2021-03-03,1.23,0.0,1.08,20.83,-0.02,-0.28,-7.02,0.34,0
2021-03-04,1.04,1.0,1.09,21.59,0.0,-0.77,-7.81,0.22,0
2021-03-05,0.69,0.0,0.89,20.08,0.03,0.15,-7.56,0.57,0
2021-03-08,1.21,0.0,0.81,20.43,0.11,-0.71,-8.42,0.1,0
2021-03-09,1.29,0.0,0.74,19.41,0.0,0.6,-6.19,0.89,0
2021-03-10,0.57,1.0,0.58,18.55,0.02,0.52,-5.5,0.95,0
2021-03-11,0.66,0.0,0.67,18.24,-0.01,-0.29,-5.43,0.25,0
2021-03-12,0.93,1.0,0.86,18.31,-0.03,0.76,-5.25,0.87,0
2021-03-15,0.44,0.0,0.54,18.08,0.07,0.16,-4.68,0.74,0
2021-03-16,0.52,1.0,0.56,17.92,-0.01,0.0,-4.43,0.41,0
2021-03-17,0.95,1.0,0.7,17.33,-0.01,0.58,-3.52,0.78,0
2021-03-18,1.25,0.0,0.87,17.66,0.01,-0.04,-3.91,0.43,0
2021-03-19,0.58,0.0,0.72,16.6,-0.01,0.3,-3.18,0.85,0
2021-03-22,0.7,1.0,0.63,16.42,0.0,0.25,-3.17,0.6,0
2021-03-23,0.65,0.0,0.63,16.44,0.0,-0.36,-3.71,0.16,0
2021-03-24,0.56,1.0,0.5,15.55,0.0,0.11,-3.22,0.67,0
2021-03-25,0.87,1.0,0.78,15.51,-0.01,-0.38,-3.49,0.2,0
2021-03-26,0.6,1.0,0.58,15.44,0.02,0.21,-3.06,0.71,0
2021-03-29,1.07,1.0,0.58,17.13,0.0,-0.45,-4.1,0.23,0
2021-03-30,1.32,0.0,0.94,18.16,0.13,-0.52,-5.48,0.11,0
2021-03-31,1.4,1.0,0.94,17.06,-0.01,0.75,-3.86,0.8,0
2021-04-01,0.87,0.0,0.77,16.6,0.01,0.52,-2.51,0.94,0
2021-04-05,0.45,2.0,0.53,17.1,0.04,0.1,-2.41,0.59,0
2021-04-06,0.68,1.0,0.75,16.82,0.0,0.32,-1.43,0.83,0
2021-04-07,0.52,0.0,0.68,16.13,0.0,-0.06,-1.62,0.49,0
2021-04-08,0.99,0.0,0.77,15.64,0.04,0.39,-0.45,0.9,0
2021-04-09,1.04,0.0,0.95,15.32,0.03,-0.02,-1.08,0.48,0
2021-04-12,0.73,1.0,0.84,14.93,0.0,-0.24,-1.62,0.29,0
2021-04-13,1.0,0.0,1.12,14.32,-0.01,0.49,-0.74,0.85,0
2021-04-14,0.67,0.0,0.88,14.49,0.0,-0.19,-1.09,0.28,0
2021-04-15,1.4,1.0,1.17,15.22,0.03,0.66,0.66,0.86,0
2021-04-16,0.92,0.0,1.1,15.37,0.0,0.14,1.38,0.67,0
2021-04-19,0.92,0.0,1.23,16.12,0.08,-0.39,1.1,0.18,0
2021-04-20,0.66,1.0,1.14,15.55,-0.01,0.3,1.52,0.83,0
2021-04-21,0.86,0.0,1.06,16.16,0.0,0.4,2.55,0.85,0
2021-04-22,0.82,1.0,1.15,16.16,0.06,-0.14,1.95,0.31,0
2021-04-23,1.06,0.0,1.27,15.75,-0.02,-0.32,1.59,0.25,0
2021-04-26,0.59,1.0,0.92,15.5,-0.03,0.19,1.93,0.85,0
2021-04-27,0.48,1.0,0.9,14.75,0.03,-0.23,1.71,0.19,0
2021-04-28,0.86,1.0,1.4,14.77,0.04,0.63,2.09,0.97,0
2021-04-29,1.48,1.0,1.47,14.47,0.0,0.17,1.69,0.56,0
2021-04-30,0.4,0.0,0.79,14.5,0.01,-0.04,1.31,0.44,0
2021-05-03,1.39,0.0,0.95,15.67,0.0,0.34,2.72,0.79,0
2021-05-04,1.22,1.0,1.36,15.8,0.01,-0.39,1.87,0.26,0
2021-05-05,0.7,1.0,0.86,15.52,0.0,0.34,2.39,0.99,0
2021-05-06,1.5,0.0,1.23,16.36,-0.02,0.65,4.1,0.92,0
2021-05-07,1.25,0.0,1.57,16.35,0.0,0.1,5.1,0.63,0
2021-05-10,0.63,1.0,1.04,17.13,0.12,-0.01,5.34,0.51,0
2021-05-11,0.99,1.0,1.12,16.95,0.0,0.35,5.19,0.83,0
2021-05-12,1.06,1.0,1.45,17.56,0.0,-0.54,4.0,0.05,0
2021-05-13,0.81,0.0,1.01,17.23,0.06,0.41,4.32,0.92,0
2021-05-14,1.0,1.0,0.83,16.69,-0.02,0.45,5.13,0.99,0
2021-05-17,1.13,0.0,1.08,17.57,0.05,0.57,6.26,0.9,0
2021-05-18,0.5,1.0,1.05,16.95,-0.01,0.03,6.22,0.46,0
2021-05-19,1.58,1.0,2.02,17.68,-0.04,-0.14,6.09,0.48,0
2021-05-20,0.8,2.0,0.99,17.21,0.01,0.21,6.32,0.71,0
2021-05-21,0.79,1.0,1.02,16.44,0.01,0.14,6.22,0.5,0
2021-05-24,0.5,0.0,0.73,16.86,0.05,0.06,6.25,0.69,0
2021-05-25,1.16,1.0,0.94,17.02,0.01,0.78,7.0,0.98,0
2021-05-26,0.92,1.0,0.73,16.82,-0.02,-0.33,6.58,0.28,0
2021-05-27,0.64,1.0,0.77,16.12,0.11,0.19,6.61,0.67,0
2021-05-28,0.97,1.0,0.83,16.04,0.02,0.49,6.7,0.94,0
2021-06-01,1.04,3.0,1.27,16.09,0.0,-0.28,6.27,0.32,0
2021-06-02,0.64,1.0,0.61,15.64,0.02,0.38,6.59,0.99,0
2021-06-03,1.94,0.0,1.15,15.99,0.02,-0.58,4.26,0.15,0
2021-06-04,1.71,1.0,0.96,15.73,-0.02,0.71,5.25,0.89,0
2021-06-07,0.76,1.0,0.56,15.51,0.02,0.58,5.52,0.97,0
2021-06-08,0.82,0.0,0.8,15.58,-0.01,-0.01,4.94,0.48,0
2021-06-09,0.5,0.0,0.62,15.52,-0.03,-0.14,4.56,0.23,0
2021-06-10,1.28,1.0,1.11,15.3,0.02,0.65,4.84,0.94,0
2021-06-11,1.22,1.0,0.95,15.09,-0.01,-0.6,3.34,0.08,0
2021-06-14,1.39,0.0,1.27,16.15,0.01,0.3,2.56,0.62,0
2021-06-15,0.7,1.0,0.76,16.27,0.0,-0.16,2.03,0.43,0
2021-06-16,1.53,2.0,1.17,15.73,0.06,-1.16,0.16,0.02,0
2021-06-17,2.17,2.0,2.04,17.32,0.0,-1.04,-3.05,0.09,1
2021-06-18,1.19,1.0,1.32,17.73,-0.02,-1.01,-3.68,0.01,0
2021-06-21,0.74,1.0,0.93,16.84,-0.01,0.32,-2.52,0.84,0
2021-06-22,0.62,0.0,0.8,16.56,0.02,-0.18,-2.92,0.27,0
2021-06-23,0.79,1.0,0.9,15.99,0.0,-0.53,-3.05,0.14,0
2021-06-24,0.55,2.0,0.77,15.68,-0.01,-0.31,-3.13,0.13,0
2021-06-25,0.62,0.0,0.78,15.32,0.02,-0.14,-2.9,0.35,0
2021-06-28,0.58,0.0,0.79,15.23,0.02,0.06,-2.89,0.61,0
2021-06-29,1.07,1.0,1.28,16.08,-0.03,-0.11,-3.9,0.38,0
2021-06-30,0.78,2.0,0.8,15.9,0.0,0.45,-3.4,0.8,0
2021-07-01,0.64,1.0,0.84,15.82,0.0,0.07,-3.04,0.61,0
2021-07-02,0.8,1.0,1.01,15.24,0.01,0.2,-2.39,0.65,0
2021-07-06,1.17,1.0,1.37,15.45,-0.08,-0.21,-1.95,0.39,0
2021-07-07,0.6,0.0,0.79,15.19,0.0,0.01,-1.56,0.61,0
2021-07-08,1.07,1.0,1.1,15.77,0.0,-0.21,-1.67,0.35,0
2021-07-09,0.62,1.0,0.67,15.31,0.0,0.22,-1.36,0.73,0
2021-07-12,0.77,0.0,0.81,15.01,0.01,0.27,-1.49,0.79,0
2021-07-13,0.75,1.0,1.02,14.75,0.0,-0.01,-1.43,0.52,0
2021-07-14,1.04,1.0,0.87,14.74,0.02,0.41,-0.4,0.9,0
2021-07-15,0.57,1.0,0.76,14.99,0.0,0.13,-0.38,0.62,0
2021-07-16,0.93,1.0,0.9,14.64,0.01,-0.49,-1.43,0.07,0
2021-07-19,0.93,1.0,1.03,15.9,-0.04,0.21,-1.38,0.78,0
2021-07-20,0.84,0.0,1.09,14.98,-0.04,-0.28,-1.51,0.24,0
2021-07-21,0.82,0.0,0.91,14.99,0.02,0.0,-1.84,0.47,0
2021-07-22,0.65,1.0,0.86,14.47,0.02,0.38,-1.6,0.96,0
2021-07-23,1.03,1.0,0.96,14.64,0.0,0.04,-1.89,0.63,0
2021-07-26,0.68,0.0,0.76,15.25,0.0,-0.33,-2.1,0.09,0
2021-07-27,0.54,0.0,0.76,15.51,0.04,0.08,-1.92,0.58,0
2021-07-28,0.8,2.0,0.74,15.19,0.0,0.46,-1.45,0.94,0
2021-07-29,1.18,0.0,0.75,15.19,0.19,0.31,0.0,0.84,0
2021-07-30,0.96,1.0,0.65,15.03,0.0,-0.5,-0.83,0.19,0
2021-08-02,0.64,2.0,0.66,15.31,0.01,0.12,-0.79,0.57,0
2021-08-03,0.37,0.0,0.5,15.07,0.0,0.0,-0.88,0.52,0
2021-08-04,1.23,0.0,1.17,14.98,0.01,-0.34,-0.78,0.23,0
2021-08-05,0.8,1.0,0.84,14.86,0.06,-0.15,-1.14,0.38,0
2021-08-06,2.14,2.0,1.68,15.66,0.05,-0.93,-3.52,0.04,1
2021-08-09,3.59,2.0,2.28,17.2,-0.01,-0.22,-5.08,0.59,1
2021-08-10,0.77,1.0,0.94,16.82,0.0,0.0,-4.91,0.56,0
2021-08-11,1.19,0.0,1.06,15.79,0.02,0.66,-3.4,0.93,0
2021-08-12,0.63,0.0,0.77,15.67,0.0,0.21,-3.2,0.73,0
2021-08-13,1.08,0.0,0.71,15.16,-0.02,0.74,-1.61,0.97,0
2021-08-16,0.72,0.0,0.69,15.6,-0.03,0.4,-1.03,0.9,0
2021-08-17,0.59,0.0,0.78,16.1,0.03,-0.17,-1.04,0.32,0
2021-08-18,0.65,1.0,0.77,15.69,0.0,0.04,-0.85,0.57,0
2021-08-19,0.8,0.0,0.9,15.81,-0.06,-0.13,-1.03,0.41,0
2021-08-20,0.43,1.0,0.68,15.36,0.01,-0.06,-0.84,0.38,0
2021-08-23,1.28,0.0,1.0,15.83,0.05,0.44,0.51,0.91,0
2021-08-24,0.39,1.0,0.7,15.44,0.0,-0.1,0.56,0.31,0
2021-08-25,0.91,2.0,1.07,15.74,0.03,-0.04,-0.1,0.4,0
2021-08-26,0.8,0.0,0.82,16.41,0.01,0.26,0.09,0.7,0
2021-08-27,1.52,1.0,1.2,15.21,0.02,0.98,1.68,0.99,0
2021-08-30,0.68,1.0,0.58,15.5,0.04,-0.21,1.14,0.2,0
2021-08-31,0.77,0.0,0.82,15.38,0.0,0.22,1.34,0.76,0
2021-09-01,0.51,2.0,0.71,15.13,0.0,0.06,1.29,0.56,0
2021-09-02,0.57,0.0,0.62,14.72,0.03,-0.12,0.94,0.4,0
2021-09-03,1.15,0.0,0.9,14.91,0.0,0.3,1.97,0.78,0
2021-09-07,1.76,2.0,1.45,15.2,0.14,-0.9,-0.06,0.05,0
2021-09-08,0.88,1.0,0.88,14.98,0.0,-0.24,-0.37,0.33,0
2021-09-09,0.77,1.0,0.94,15.09,0.01,0.22,0.03,0.71,0
2021-09-10,0.77,1.0,0.99,14.89,0.0,-0.43,-0.5,0.04,0
2021-09-13,0.68,1.0,0.67,15.01,0.07,0.1,-0.22,0.64,0
2021-09-14,1.54,0.0,1.25,15.04,0.0,0.6,0.48,0.9,0
2021-09-15,0.73,0.0,0.82,15.15,0.0,-0.21,-0.22,0.23,0
2021-09-16,2.27,1.0,1.68,15.79,0.04,-0.65,-2.49,0.18,1
2021-09-17,0.85,0.0,1.17,15.85,0.0,-0.24,-2.6,0.22,0
2021-09-20,1.07,0.0,1.01,16.95,-0.02,0.36,-1.84,0.86,0
2021-09-21,1.02,0.0,0.82,16.44,0.04,0.23,-1.14,0.73,0
2021-09-22,0.97,2.0,1.21,16.28,-0.02,-0.32,-1.5,0.18,0
2021-09-23,1.3,0.0,1.33,16.74,0.0,-0.61,-2.6,0.09,0
2021-09-24,0.7,1.0,0.9,16.35,0.06,-0.12,-2.61,0.38,0
2021-09-27,0.66,0.0,0.85,16.29,0.06,-0.16,-2.34,0.36,0
2021-09-28,1.1,0.0,1.46,16.78,0.01,-0.25,-3.22,0.21,0
2021-09-29,1.02,1.0,1.02,17.38,0.02,-0.52,-3.58,0.18,0
2021-09-30,1.77,0.0,1.39,16.95,0.02,0.68,-1.74,0.81,0
2021-10-01,0.62,0.0,0.91,16.34,0.01,0.2,-1.48,0.7,0
2021-10-04,0.95,0.0,0.92,16.8,0.05,0.54,-0.92,0.92,0
2021-10-05,0.91,1.0,0.89,16.57,0.01,0.18,-1.37,0.55,0
2021-10-06,0.84,0.0,0.97,16.51,0.0,0.45,-1.08,0.97,0
2021-10-07,0.64,1.0,0.89,16.3,0.02,-0.21,-1.57,0.24,0
2021-10-08,1.2,0.0,1.31,15.67,0.0,-0.46,-1.44,0.13,0
2021-10-11,0.46,1.0,0.69,15.44,0.02,-0.13,-1.56,0.31,0
2021-10-12,0.83,0.0,1.12,15.13,-0.02,0.01,-1.04,0.58,0
2021-10-13,1.68,0.0,1.68,15.39,0.01,0.85,0.79,0.89,0
2021-10-14,0.6,0.0,0.9,15.28,0.03,0.07,1.1,0.73,0
2021-10-15,1.38,1.0,1.34,15.08,0.0,-0.48,-0.53,0.11,0
2021-10-18,0.5,2.0,0.89,15.5,0.0,-0.14,-0.73,0.34,0
2021-10-19,0.96,2.0,1.06,15.31,0.0,-0.37,-0.39,0.31,0
2021-10-20,0.95,1.0,0.97,15.29,0.02,0.29,0.44,0.85,0
2021-10-21,0.57,2.0,0.86,15.13,0.0,0.09,0.31,0.6,0
2021-10-22,1.4,1.0,1.52,15.72,0.0,-0.16,0.86,0.37,0
2021-10-25,0.78,0.0,0.84,16.78,0.04,0.25,1.54,0.83,0
2021-10-26,1.17,1.0,1.03,15.96,-0.02,-0.08,0.75,0.43,0
2021-10-27,0.72,1.0,0.94,15.95,-0.01,0.36,1.02,0.92,0
2021-10-28,0.84,0.0,1.14,15.83,0.0,-0.13,1.03,0.35,0
2021-10-29,1.33,1.0,1.27,15.99,0.03,-0.04,0.12,0.38,0
2021-11-01,0.75,0.0,0.75,16.3,0.0,0.22,0.67,0.8,0
2021-11-02,0.47,0.0,0.71,16.39,0.01,-0.14,0.42,0.22,0
2021-11-03,1.36,1.0,1.35,16.37,0.0,0.1,-0.43,0.51,0
2021-11-04,1.41,1.0,1.04,15.85,-0.08,0.37,0.79,0.83,0
2021-11-05,1.45,1.0,1.34,17.0,-0.02,0.97,2.11,0.96,0
2021-11-08,0.6,0.0,0.74,16.64,0.04,0.23,2.48,0.83,0
2021-11-09,0.59,0.0,0.77,16.73,0.05,0.35,2.95,0.96,0
2021-11-10,2.11,1.0,1.47,16.69,0.02,0.32,4.07,0.67,0
2021-11-11,0.97,0.0,0.84,16.87,0.06,0.23,4.61,0.84,0
2021-11-12,1.06,1.0,0.92,16.86,0.0,0.44,4.76,0.82,0
2021-11-15,0.62,1.0,0.78,17.03,0.13,0.04,4.52,0.49,0
2021-11-16,1.19,1.0,1.22,16.68,0.0,-0.76,3.72,0.03,0
2021-11-17,0.81,0.0,0.85,16.62,-0.02,0.31,4.61,0.92,0
2021-11-18,0.69,0.0,0.9,16.21,0.03,-0.14,4.16,0.34,0
2021-11-19,1.05,1.0,1.1,15.95,0.05,-0.59,3.3,0.2,0
2021-11-22,2.03,1.0,1.67,16.54,0.06,-1.18,0.83,0.06,1
2021-11-23,1.24,0.0,1.28,16.85,0.08,-0.2,0.0,0.29,0
2021-11-24,0.74,2.0,0.95,16.7,0.0,0.06,-0.13,0.55,0
2021-11-29,0.76,1.0,0.7,17.58,0.16,-0.38,-0.3,0.16,0
2021-11-30,1.6,0.0,1.28,17.93,0.04,-0.92,-1.03,0.04,0
2021-12-01,0.85,1.0,0.83,17.7,0.03,-0.3,-0.63,0.3,0
2021-12-02,0.89,1.0,0.84,18.41,0.03,-0.23,-1.3,0.27,0
2021-12-03,0.84,1.0,0.9,17.87,-0.02,0.55,-0.41,0.84,0
2021-12-06,0.52,0.0,0.56,17.41,0.07,-0.1,-0.67,0.28,0
2021-12-07,0.7,2.0,0.61,17.03,0.03,0.27,-0.36,0.78,0
2021-12-08,0.59,1.0,0.5,16.48,0.01,0.01,-0.37,0.47,0
2021-12-09,0.63,0.0,0.55,16.65,0.02,-0.24,-1.03,0.17,0
2021-12-10,0.87,1.0,0.69,15.31,0.04,0.16,-0.67,0.63,0
2021-12-13,0.44,0.0,0.49,15.7,0.03,0.05,-0.44,0.56,0
2021-12-14,1.04,0.0,0.63,16.41,0.0,-0.36,-1.38,0.24,0
2021-12-15,1.36,2.0,0.88,15.47,0.06,0.57,-1.01,0.91,0
2021-12-16,1.07,1.0,0.75,15.03,0.07,0.55,0.21,0.98,0
2021-12-17,0.8,1.0,0.69,15.06,0.03,-0.53,-0.03,0.02,0
2021-12-20,0.66,1.0,0.47,15.76,0.05,-0.43,-0.5,0.02,0
2021-12-21,0.7,0.0,0.58,15.36,-0.03,-0.21,-0.58,0.22,0
2021-12-22,0.9,1.0,0.56,14.89,0.05,0.66,0.36,0.99,0
2021-12-23,0.57,0.0,0.63,14.61,0.0,0.16,0.52,0.82,0
2021-12-27,0.49,1.0,0.49,15.37,0.04,0.19,0.69,0.87,0
2021-12-28,0.74,1.0,0.7,15.09,0.0,-0.44,0.28,0.03,0
2021-12-29,0.88,1.0,0.92,15.15,0.02,0.35,0.18,0.85,0
2021-12-30,1.02,0.0,0.74,14.77,-0.02,0.68,0.84,0.99,0
2021-12-31,0.74,0.0,0.79,14.56,0.04,0.39,1.47,0.93,0
2022-01-03,1.62,1.0,1.38,15.28,-0.02,-0.54,-0.16,0.1,0
2022-01-04,0.87,0.0,1.11,15.38,-0.01,0.4,0.59,0.9,0
2022-01-05,1.01,1.0,1.09,16.26,0.01,-0.56,0.27,0.07,0
2022-01-06,1.2,1.0,1.58,15.85,0.02,-0.41,-0.99,0.08,0
2022-01-07,0.75,1.0,1.27,15.07,0.04,0.26,-0.55,0.83,0
2022-01-10,0.57,1.0,1.01,15.53,0.0,0.31,-0.27,0.89,0
2022-01-11,1.07,0.0,1.08,15.17,-0.01,0.74,0.96,0.98,0
2022-01-12,0.64,0.0,0.93,15.27,0.0,0.33,1.18,0.94,0
2022-01-13,0.77,1.0,0.96,15.11,0.0,0.04,0.81,0.58,0
2022-01-14,0.7,1.0,1.06,14.73,-0.02,-0.34,0.47,0.11,0
2022-01-18,0.86,4.0,1.72,15.07,0.06,-0.13,0.28,0.48,1
2022-01-19,1.67,1.0,1.2,15.57,0.01,0.85,1.89,0.97,0
2022-01-20,0.61,1.0,1.02,15.15,0.03,-0.23,1.61,0.22,0
2022-01-21,0.72,1.0,1.02,15.15,-0.02,-0.23,1.24,0.24,0
2022-01-24,0.75,1.0,1.06,16.47,-0.05,0.23,1.77,0.79,0
2022-01-25,0.95,1.0,1.04,16.65,0.0,0.13,2.11,0.66,0
2022-01-26,1.77,1.0,1.49,16.46,0.01,-0.83,0.43,0.08,0
2022-01-27,1.42,0.0,1.06,17.05,0.01,-0.61,-0.82,0.09,0
2022-01-28,1.14,0.0,0.94,17.2,0.09,0.03,-0.97,0.59,0
2022-01-31,0.66,1.0,0.69,16.73,0.0,0.32,-0.29,0.98,0
2022-02-01,0.61,0.0,0.7,16.62,-0.04,-0.13,-0.15,0.39,0
2022-02-02,0.8,0.0,0.73,15.74,0.0,0.19,0.27,0.76,0
2022-02-03,0.98,2.0,0.92,16.01,0.03,0.25,0.2,0.82,0
2022-02-04,1.1,0.0,1.08,15.53,0.0,0.19,0.36,0.69,0
2022-02-07,0.79,1.0,0.75,16.18,-0.01,0.37,1.09,0.87,0
2022-02-08,0.65,0.0,0.66,15.87,0.0,0.26,1.37,0.86,0
2022-02-09,0.56,1.0,0.7,15.59,0.03,0.2,1.65,0.74,0
2022-02-10,1.04,1.0,1.17,15.68,0.03,-0.34,1.24,0.27,0
2022-02-11,2.24,1.0,1.5,18.55,-0.01,1.02,3.13,0.9,1
2022-02-14,1.11,3.0,1.37,18.87,0.06,0.56,3.66,0.9,0
2022-02-15,1.62,1.0,1.41,17.78,-0.03,-0.24,2.47,0.25,0
2022-02-16,0.99,0.0,0.94,17.88,0.02,0.62,3.48,0.98,0
2022-02-17,1.48,1.0,1.89,19.7,0.0,0.59,4.85,0.92,0
2022-02-18,0.72,2.0,1.23,18.16,0.04,0.16,4.62,0.66,0
2022-02-22,1.22,3.0,2.49,17.9,0.12,0.0,4.66,0.44,1
2022-02-23,0.92,1.0,0.96,17.47,0.0,0.37,4.99,0.92,0
2022-02-24,4.15,1.0,3.16,18.1,0.03,-1.96,4.23,0.22,1
2022-02-25,1.47,0.0,1.48,18.27,0.01,-0.45,3.65,0.2,0
2022-02-28,1.53,1.0,1.79,20.54,0.45,0.16,4.6,0.46,1
2022-03-01,1.58,1.0,1.35,22.76,-0.07,1.14,6.4,0.98,1
2022-03-02,1.17,1.0,1.58,21.93,-0.07,-0.23,5.12,0.33,0
2022-03-03,0.67,1.0,0.9,22.87,0.0,0.37,5.65,0.79,0
2022-03-04,1.4,0.0,1.22,26.65,0.0,0.99,7.2,0.94,0
2022-03-07,1.41,1.0,1.92,29.91,0.12,0.48,8.58,0.84,1
2022-03-08,2.97,2.0,3.03,31.15,-0.03,1.08,11.46,0.78,1
2022-03-09,2.55,2.0,2.27,28.12,-0.01,-1.13,7.8,0.16,1
2022-03-10,1.12,1.0,1.42,26.22,-0.08,0.25,7.99,0.69,0
2022-03-11,1.15,1.0,1.24,24.86,-0.01,0.13,6.91,0.59,0
2022-03-14,1.15,1.0,0.87,24.06,-0.06,-0.61,5.02,0.07,0
2022-03-15,1.29,1.0,1.1,23.73,0.02,-0.58,2.87,0.21,0
2022-03-16,0.91,1.0,1.0,22.04,0.02,0.64,3.33,0.97,0
2022-03-17,0.7,1.0,0.77,22.35,0.0,-0.17,3.68,0.5,0
2022-03-18,0.73,2.0,0.71,21.63,0.01,-0.67,2.62,0.08,0
2022-03-21,0.64,0.0,0.61,21.77,0.05,0.34,3.31,0.74,0
2022-03-22,0.79,0.0,0.59,20.56,0.01,-0.19,2.39,0.38,0
2022-03-23,0.9,1.0,0.55,22.73,0.06,0.92,3.64,0.95,0
2022-03-24,0.81,0.0,0.66,24.22,-0.03,0.45,4.28,0.82,0
2022-03-25,0.62,2.0,0.58,24.65,0.04,-0.04,3.7,0.51,0
2022-03-28,1.22,1.0,0.69,23.45,-0.02,-0.9,1.67,0.06,0
2022-03-29,1.14,1.0,0.54,21.28,0.02,0.42,1.53,0.73,0
2022-03-30,0.64,0.0,0.53,21.05,0.16,0.36,2.51,0.79,0
2022-03-31,0.88,2.0,0.59,20.22,0.05,0.15,2.52,0.58,0
2022-04-01,0.64,0.0,0.58,19.08,0.03,-0.38,1.6,0.22,0
2022-04-04,0.62,0.0,0.56,19.07,0.02,0.22,2.04,0.77,0
2022-04-05,0.79,1.0,0.64,18.51,-0.01,-0.52,1.27,0.1,0
2022-04-06,0.58,1.0,0.72,18.85,-0.02,0.01,1.39,0.52,0
2022-04-07,0.52,0.0,0.63,18.39,-0.03,0.16,1.74,0.7,0
2022-04-08,0.65,0.0,0.66,18.35,-0.03,0.39,2.26,0.8,0
2022-04-11,0.94,2.0,0.87,19.05,-0.04,0.08,2.58,0.46,0
2022-04-12,0.91,0.0,0.93,19.55,0.02,0.26,3.2,0.66,0
2022-04-13,0.59,1.0,0.74,18.63,0.04,0.17,3.51,0.8,0
2022-04-14,0.65,0.0,0.9,17.63,-0.01,0.0,2.95,0.58,0
2022-04-18,0.88,1.0,0.88,19.19,-0.01,-0.48,3.12,0.24,0
2022-04-19,1.27,1.0,1.15,18.23,0.01,-0.94,1.28,0.12,0
2022-04-20,0.61,1.0,0.9,17.96,0.03,0.48,1.64,0.97,0
2022-04-21,0.72,2.0,0.95,18.29,-0.02,0.23,1.12,0.65,0
2022-04-22,0.97,1.0,1.1,18.64,0.0,-0.42,0.04,0.21,0
2022-04-25,1.41,0.0,1.04,19.13,-0.01,-0.51,-1.88,0.17,0
2022-04-26,0.5,1.0,0.83,19.25,0.02,-0.09,-1.79,0.35,0
2022-04-27,0.88,1.0,0.89,19.17,-0.07,-0.37,-2.63,0.21,0
2022-04-28,0.85,1.0,0.89,19.02,0.03,0.57,-2.13,0.97,0
2022-04-29,0.9,1.0,0.92,19.52,0.05,-0.64,-2.13,0.15,0
2022-05-02,1.54,1.0,1.04,20.08,0.0,-0.54,-4.01,0.18,0
2022-05-03,0.91,1.0,0.86,19.75,0.01,0.11,-3.74,0.58,0
2022-05-04,0.96,1.0,0.94,18.81,0.0,0.71,-2.77,0.79,0
2022-05-05,1.22,1.0,1.2,19.16,0.06,-0.73,-3.05,0.17,0
2022-05-06,0.86,1.0,0.81,18.96,-0.07,0.08,-2.86,0.59,0
2022-05-09,1.04,1.0,0.82,20.24,0.0,-0.64,-4.29,0.02,0
2022-05-10,0.95,1.0,0.8,19.71,0.02,-0.93,-5.14,0.05,0
2022-05-11,0.85,1.0,1.04,20.25,-0.01,0.39,-4.21,0.82,0
2022-05-12,1.21,1.0,0.95,21.54,0.0,-0.97,-5.67,0.07,0
2022-05-13,0.95,0.0,0.95,21.2,0.09,-0.24,-6.32,0.38,0
2022-05-16,1.29,1.0,0.87,21.0,-0.03,1.09,-5.33,0.98,0
2022-05-17,0.72,1.0,0.7,20.09,0.06,-0.53,-5.76,0.1,0
2022-05-18,0.56,1.0,0.76,19.68,0.0,0.09,-5.57,0.53,0
2022-05-19,1.27,0.0,0.85,20.2,0.01,0.58,-3.93,0.83,0
2022-05-20,0.54,1.0,0.81,19.38,0.01,0.17,-3.69,0.75,0
2022-05-23,0.66,1.0,0.88,19.68,-0.01,-0.11,-3.09,0.38,0
2022-05-24,0.7,0.0,0.87,19.16,-0.03,0.31,-2.21,0.86,0
2022-05-25,0.92,2.0,0.84,18.29,-0.03,0.07,-2.77,0.51,0
2022-05-26,0.53,0.0,0.47,17.75,0.0,0.25,-2.86,0.82,0
2022-05-27,0.5,0.0,0.86,17.46,0.21,-0.11,-2.42,0.36,0
2022-05-31,1.05,3.0,1.66,17.29,-0.04,-0.83,-3.3,0.04,0
2022-06-01,0.79,1.0,1.06,17.03,0.04,0.41,-2.6,0.89,0
2022-06-02,0.98,0.0,0.88,17.08,0.0,0.58,-1.31,0.96,0
2022-06-03,1.0,1.0,0.9,16.46,-0.02,-0.45,-2.3,0.13,0
2022-06-06,0.63,0.0,0.87,16.82,0.0,-0.37,-2.68,0.11,0
2022-06-07,0.7,1.0,0.85,16.65,-0.01,0.39,-1.92,0.93,0
2022-06-08,0.57,1.0,0.74,16.13,-0.04,0.03,-1.9,0.54,0
2022-06-09,0.59,1.0,0.76,16.29,0.0,-0.04,-2.11,0.48,0
2022-06-10,2.02,0.0,1.66,17.49,0.02,1.21,-0.65,0.93,1
2022-06-13,2.24,1.0,1.56,20.33,0.1,-1.21,-3.33,0.06,1
2022-06-14,0.92,1.0,0.94,21.99,0.02,-0.55,-3.97,0.14,0
2022-06-15,1.27,1.0,1.19,19.32,0.01,0.42,-2.56,0.71,0
2022-06-16,1.31,0.0,1.06,20.44,0.02,1.03,-1.34,0.98,0
2022-06-17,0.78,0.0,0.72,20.31,-0.04,-0.37,-2.07,0.14,0
2022-06-21,0.58,7.0,1.15,18.19,-0.03,-0.4,-2.36,0.11,1
2022-06-22,0.85,1.0,0.82,18.23,0.0,0.11,-1.88,0.58,0
2022-06-23,0.85,0.0,0.93,18.69,-0.04,-0.45,-2.39,0.17,0
2022-06-24,0.54,0.0,1.06,17.87,0.06,-0.03,-2.35,0.54,0
2022-06-27,0.74,1.0,0.76,17.83,0.35,-0.48,-2.35,0.08,1
2022-06-28,0.42,0.0,0.79,18.01,0.0,-0.19,-2.32,0.15,0
2022-06-29,0.83,0.0,1.06,18.29,0.0,-0.09,-2.21,0.35,0
2022-06-30,0.9,0.0,1.19,19.71,-0.02,-0.38,-2.7,0.21,0
2022-07-01,1.01,2.0,1.19,20.11,0.0,0.43,-2.61,0.85,0
2022-07-05,1.94,6.0,1.43,21.32,-0.03,-1.48,-4.61,0.07,1
2022-07-06,1.44,0.0,0.98,21.71,0.04,-0.81,-5.95,0.18,0
2022-07-07,0.47,1.0,0.65,20.59,0.0,-0.1,-5.66,0.37,0
2022-07-08,0.88,0.0,0.82,19.35,0.02,0.01,-5.48,0.54,0
2022-07-11,0.51,1.0,0.5,19.74,0.04,-0.35,-5.84,0.11,0
2022-07-12,0.75,3.0,0.68,19.67,-0.04,-0.35,-6.02,0.12,0
2022-07-13,1.47,0.0,1.04,18.38,0.01,0.29,-5.45,0.67,0
2022-07-14,1.45,2.0,1.18,19.47,0.03,-0.14,-6.58,0.31,0
2022-07-15,0.62,0.0,0.94,19.23,0.06,0.02,-6.59,0.43,0
2022-07-18,0.63,1.0,0.83,19.44,-0.02,-0.42,-6.35,0.06,0
2022-07-19,0.5,1.0,0.75,18.71,0.0,0.05,-5.92,0.54,0
2022-07-20,0.73,1.0,0.84,18.85,0.0,-0.7,-6.68,0.01,0
2022-07-21,1.53,1.0,1.42,18.57,0.02,1.12,-5.11,0.99,0
2022-07-22,0.98,1.0,1.16,18.31,-0.05,-0.13,-4.75,0.4,0
2022-07-25,0.79,0.0,0.81,18.28,0.0,-0.19,-4.88,0.22,0
2022-07-26,0.55,0.0,0.73,18.1,0.0,-0.16,-4.85,0.28,0
2022-07-27,1.13,1.0,0.64,17.44,-0.01,0.76,-3.79,0.8,0
2022-07-28,0.87,0.0,0.83,16.86,0.73,0.52,-1.51,0.93,1
2022-07-29,0.58,0.0,0.7,16.55,0.04,0.06,-1.1,0.63,0
2022-08-01,0.66,0.0,0.74,17.52,-0.09,0.15,-0.55,0.75,0
2022-08-02,1.04,1.0,1.07,17.33,-0.02,-0.89,-1.1,0.0,0
2022-08-03,0.71,0.0,1.04,16.74,0.04,0.12,-0.79,0.63,0
2022-08-04,1.22,1.0,1.16,16.92,0.0,0.68,0.87,0.95,0
2022-08-05,1.16,1.0,0.99,16.4,0.0,-0.31,-0.23,0.31,0
2022-08-08,0.72,0.0,0.68,16.86,-0.02,0.4,0.71,0.93,0
2022-08-09,0.66,0.0,0.91,16.6,0.03,0.12,1.07,0.64,0
2022-08-10,0.82,1.0,1.1,16.28,0.06,-0.28,0.86,0.14,0
2022-08-11,0.66,0.0,0.84,15.82,0.03,-0.31,0.63,0.2,0
2022-08-12,0.73,1.0,0.91,15.15,0.03,0.48,1.61,0.96,0
2022-08-15,1.25,0.0,0.99,15.43,0.03,-0.24,0.33,0.21,0
2022-08-16,0.47,0.0,0.65,15.32,0.0,-0.04,0.2,0.39,0
2022-08-17,0.91,2.0,0.86,15.44,0.0,-0.27,-0.38,0.23,0
2022-08-18,0.7,0.0,0.88,15.4,0.04,-0.25,-0.63,0.26,0
2022-08-19,0.58,0.0,0.78,15.92,0.03,-0.3,-1.26,0.08,0
2022-08-22,0.91,0.0,1.04,16.61,-0.03,-0.07,-1.84,0.36,0
2022-08-23,1.02,1.0,0.99,15.84,-0.01,0.26,-1.05,0.7,0
2022-08-24,0.6,0.0,0.9,15.9,-0.01,0.25,-0.63,0.74,0
2022-08-25,0.68,2.0,0.98,15.54,0.02,-0.02,-0.26,0.49,0
2022-08-26,1.2,1.0,1.29,15.42,0.01,-0.53,-1.42,0.11,0
2022-08-29,1.13,1.0,1.04,16.08,-0.09,0.33,-1.27,0.72,0
2022-08-30,0.84,0.0,0.9,16.54,0.04,-0.43,-2.04,0.1,0
2022-08-31,0.74,1.0,1.07,16.95,0.04,-0.4,-2.67,0.05,0
2022-09-01,1.04,0.0,1.26,17.83,0.0,-0.28,-3.44,0.28,0
2022-09-02,1.01,2.0,1.13,16.8,0.0,0.06,-2.45,0.64,0
2022-09-06,1.14,5.0,1.46,17.7,0.0,-0.64,-2.9,0.01,1
2022-09-07,1.24,1.0,1.14,16.8,-0.01,0.78,-1.75,0.93,0
2022-09-08,1.05,0.0,1.14,16.39,-0.04,-0.44,-2.26,0.14,0
2022-09-09,0.89,1.0,0.96,15.96,0.03,-0.18,-1.63,0.36,0
2022-09-12,1.02,2.0,0.93,15.79,0.02,-0.08,-1.05,0.54,0
2022-09-13,1.52,1.0,1.12,16.78,0.02,-0.61,-2.25,0.17,0
2022-09-14,0.57,1.0,0.74,17.15,0.0,-0.38,-2.59,0.16,0
2022-09-15,1.64,0.0,1.52,19.57,0.01,-0.91,-4.39,0.1,0
2022-09-16,1.13,0.0,1.29,18.25,0.0,0.4,-3.78,0.75,0
2022-09-19,0.85,1.0,0.77,18.38,0.04,0.4,-3.65,0.76,0
2022-09-20,0.83,0.0,0.75,18.64,0.02,-0.21,-4.15,0.27,0
2022-09-21,1.46,2.0,1.15,18.06,-0.02,0.01,-3.65,0.56,0
2022-09-22,1.21,1.0,1.23,17.94,0.02,0.12,-3.65,0.56,0
2022-09-23,1.48,1.0,1.26,19.56,-0.03,-0.52,-5.27,0.1,0
2022-09-26,1.1,1.0,1.18,20.26,0.01,-0.78,-6.31,0.11,0
2022-09-27,0.83,1.0,1.05,19.17,0.0,-0.39,-6.06,0.3,0
2022-09-28,1.91,1.0,1.53,19.26,0.02,1.4,-3.99,0.96,1
2022-09-29,0.89,0.0,1.03,19.82,-0.03,0.53,-3.94,0.85,0
2022-09-30,0.63,1.0,0.88,19.49,-0.01,-0.33,-3.89,0.15,0
2022-10-03,1.67,1.0,1.14,20.32,0.07,1.44,-1.56,0.98,0
2022-10-04,1.28,0.0,1.03,19.54,-0.01,0.7,-0.17,0.84,0
2022-10-05,1.01,1.0,0.97,19.78,0.04,0.23,-0.64,0.59,0
2022-10-06,0.71,0.0,0.83,19.69,0.03,-0.1,-0.79,0.4,0
2022-10-07,0.89,0.0,0.92,19.68,0.0,-0.45,-1.92,0.19,0
2022-10-10,1.29,0.0,0.85,20.62,0.08,-0.61,-3.42,0.1,0
2022-10-11,0.86,1.0,0.9,20.71,-0.02,-0.23,-3.45,0.24,0
2022-10-12,0.62,1.0,0.73,20.37,0.01,0.37,-2.82,0.84,0
2022-10-13,1.51,0.0,1.21,20.1,0.03,0.19,-3.38,0.55,0
2022-10-14,1.17,1.0,1.09,20.15,0.02,-0.74,-4.53,0.1,0
2022-10-17,0.91,1.0,0.79,19.99,-0.03,-0.54,-4.06,0.19,0
2022-10-18,0.54,0.0,0.79,19.22,-0.01,-0.07,-3.74,0.4,0
2022-10-19,1.02,1.0,0.78,19.39,-0.02,-0.5,-4.87,0.08,0
2022-10-20,0.89,1.0,0.93,19.28,0.04,-0.42,-4.86,0.22,0
2022-10-21,1.52,1.0,1.51,18.98,0.02,1.1,-2.98,0.95,0
2022-10-24,1.0,0.0,0.85,19.47,0.02,-0.16,-3.12,0.25,0
2022-10-25,0.9,1.0,0.91,19.36,0.02,0.21,-2.73,0.66,0
2022-10-26,0.93,0.0,1.01,18.73,0.0,-0.04,-1.95,0.59,0
2022-10-27,0.6,0.0,0.91,18.45,0.0,0.05,-1.94,0.51,0
2022-10-28,1.12,1.0,0.92,18.0,0.0,-0.21,-2.88,0.26,0
2022-10-31,0.52,1.0,0.58,18.37,-0.02,-0.41,-3.52,0.04,0
2022-11-01,1.01,0.0,0.84,18.48,0.02,0.09,-2.43,0.67,0
2022-11-02,1.32,2.0,1.0,17.81,-0.03,-0.9,-3.02,0.04,0
2022-11-03,0.92,0.0,1.13,18.02,0.03,0.26,-3.26,0.6,0
2022-11-04,2.03,1.0,1.62,18.02,0.0,1.28,-0.06,0.97,1
2022-11-07,0.54,0.0,0.81,18.15,-0.14,-0.09,-0.38,0.47,0
2022-11-08,1.92,1.0,1.26,18.82,0.01,1.08,1.98,0.91,0
2022-11-09,0.71,1.0,1.07,18.96,-0.03,-0.33,1.55,0.13,0
2022-11-10,1.85,1.0,1.38,17.7,0.01,1.32,4.63,0.99,0
2022-11-11,0.71,1.0,0.98,17.53,-0.02,0.41,5.3,0.98,0
2022-11-14,0.76,0.0,1.02,17.4,-0.14,0.46,5.51,0.88,0
2022-11-15,0.7,1.0,1.24,17.72,-0.03,0.19,5.81,0.57,0
2022-11-16,0.51,1.0,0.88,17.27,-0.03,-0.18,5.47,0.27,0
2022-11-17,0.77,0.0,0.92,16.8,-0.02,-0.11,4.57,0.32,0
2022-11-18,0.74,1.0,0.78,16.56,0.04,-0.57,3.74,0.05,0
2022-11-21,0.76,1.0,0.72,16.68,0.0,-0.12,3.14,0.32,0
2022-11-22,0.49,1.0,0.67,16.04,0.0,-0.17,3.16,0.26,0
2022-11-23,1.38,1.0,0.91,15.86,-0.03,0.64,3.78,0.93,0
2022-11-28,0.95,1.0,0.55,15.77,0.01,-0.63,2.87,0.02,0
2022-11-29,0.73,1.0,0.72,15.71,0.61,-0.19,4.21,0.47,1
2022-11-30,0.98,1.0,0.91,15.55,0.02,0.72,5.37,1.0,0
2022-12-01,1.37,0.0,1.13,15.91,-0.04,0.76,7.24,0.98,0
2022-12-02,0.96,1.0,1.0,15.45,-0.03,0.29,6.69,0.72,0
2022-12-05,1.6,1.0,1.04,15.84,-0.01,-1.21,4.65,0.04,0
2022-12-06,0.48,1.0,0.89,16.22,0.02,-0.09,4.75,0.33,0
2022-12-07,0.8,1.0,0.87,16.53,0.0,0.47,5.51,0.85,0
2022-12-08,0.5,2.0,0.71,16.48,-0.02,0.07,5.37,0.55,0
2022-12-09,0.67,1.0,0.94,16.25,0.03,-0.13,5.56,0.37,0
2022-12-12,0.77,1.0,0.8,15.47,-0.03,-0.39,4.5,0.17,0
2022-12-13,1.7,0.0,1.26,14.74,-0.02,0.31,6.14,0.68,0
2022-12-14,0.78,2.0,0.78,14.16,0.03,-0.05,5.73,0.65,0
2022-12-15,1.46,0.0,1.21,14.46,0.01,-0.34,3.82,0.18,0
2022-12-16,0.73,0.0,0.88,14.07,0.01,0.38,4.6,0.89,0
2022-12-19,0.56,0.0,0.68,14.59,-0.05,-0.29,4.19,0.2,0
2022-12-20,1.41,0.0,1.26,15.09,0.01,0.72,5.87,0.88,0
2022-12-21,0.45,1.0,0.77,14.79,0.01,-0.12,5.51,0.22,0
2022-12-22,1.37,1.0,1.05,14.85,-0.01,-0.75,3.93,0.19,0
2022-12-23,0.47,0.0,0.72,14.89,0.03,0.05,4.11,0.5,0
2022-12-27,1.3,0.0,1.0,16.37,0.06,-0.03,4.88,0.4,0
2022-12-28,0.68,1.0,0.88,16.03,-0.06,-0.03,4.13,0.42,0
2022-12-29,0.6,1.0,0.8,16.07,0.0,0.17,4.5,0.65,0
2022-12-30,0.48,2.0,0.83,16.22,-0.03,0.24,4.77,0.8,0
2023-01-03,1.0,0.0,1.59,17.29,0.04,0.02,5.35,0.51,0
2023-01-04,1.13,1.0,1.32,17.46,0.0,0.04,6.08,0.66,0
2023-01-05,1.34,0.0,1.3,16.81,-0.02,-0.4,4.51,0.25,0
2023-01-06,1.53,1.0,1.51,16.49,0.03,0.91,6.21,0.91,0
2023-01-09,0.61,2.0,1.12,16.92,0.06,-0.2,6.18,0.36,0
2023-01-10,0.5,0.0,0.92,16.55,0.0,0.17,6.3,0.77,0
2023-01-11,0.79,1.0,1.13,16.34,0.0,-0.04,5.95,0.49,0
2023-01-12,1.27,0.0,1.62,15.93,0.0,0.51,6.85,0.87,0
2023-01-13,1.16,1.0,1.39,16.36,-0.05,0.74,7.79,0.95,0
2023-01-17,0.97,4.0,1.82,16.46,0.03,-0.24,6.78,0.21,1
2023-01-18,1.13,0.0,1.39,16.23,-0.04,-0.42,6.12,0.23,0
2023-01-19,1.33,1.0,1.26,16.6,-0.04,0.94,7.44,0.94,0
2023-01-20,0.63,0.0,1.06,16.42,-0.04,-0.03,6.8,0.39,0
2023-01-23,0.92,1.0,1.11,16.17,0.0,0.39,6.71,0.82,0
2023-01-24,0.98,1.0,1.07,16.14,-0.01,0.26,6.83,0.82,0
2023-01-25,1.1,1.0,1.13,16.11,-0.03,0.76,7.05,0.94,0
2023-01-26,1.19,0.0,1.23,15.58,-0.02,-0.26,5.86,0.37,0
2023-01-27,0.7,2.0,0.61,15.23,0.03,0.0,5.48,0.55,0
2023-01-30,0.54,1.0,0.74,15.61,0.61,-0.23,5.9,0.1,1
2023-01-31,1.19,1.0,1.14,15.74,-0.01,0.56,6.06,0.9,0
2023-02-01,1.29,1.0,1.1,15.11,0.08,1.13,7.26,1.0,0
2023-02-02,1.87,2.0,1.44,15.15,0.0,-1.22,4.75,0.03,1
2023-02-03,2.11,0.0,1.87,15.01,0.0,-1.26,1.87,0.07,1
2023-02-06,0.78,0.0,1.04,15.81,-0.01,-0.16,1.91,0.44,0
2023-02-07,0.74,1.0,1.11,15.61,0.01,-0.17,1.84,0.25,0
2023-02-08,0.61,1.0,0.84,15.49,-0.06,-0.13,1.95,0.36,0
2023-02-09,1.14,1.0,1.1,15.53,-0.03,-0.83,0.97,0.07,0
2023-02-10,0.7,0.0,0.85,15.49,0.02,0.09,0.98,0.59,0
2023-02-13,0.58,2.0,0.85,15.63,0.0,-0.21,0.29,0.23,0
2023-02-14,1.05,0.0,1.39,14.98,0.03,-0.04,0.28,0.47,0
2023-02-15,1.11,3.0,0.96,14.89,0.0,0.0,-0.75,0.27,0
2023-02-16,0.67,0.0,1.06,14.89,0.03,-0.01,-0.93,0.51,0
2023-02-17,0.95,1.0,0.96,14.71,-0.01,0.64,-0.71,0.93,0
2023-02-21,0.65,3.0,1.18,15.5,-0.02,-0.22,-1.19,0.28,0
2023-02-22,0.87,1.0,0.76,15.1,0.02,-0.55,-1.78,0.07,0
2023-02-23,0.63,0.0,0.93,14.82,0.03,-0.08,-1.96,0.39,0
2023-02-24,0.76,0.0,0.77,14.58,0.04,-0.33,-2.68,0.12,0
2023-02-27,0.58,0.0,0.57,14.4,0.02,0.19,-2.36,0.79,0
2023-02-28,1.09,1.0,0.79,14.11,0.0,0.45,-1.86,0.82,0
2023-03-01,0.89,0.0,0.77,14.19,0.0,0.04,-1.32,0.65,0
2023-03-02,0.39,1.0,0.63,13.96,0.0,0.11,-1.47,0.7,0
2023-03-03,0.86,1.0,0.74,13.87,0.0,0.54,-0.49,0.94,0
2023-03-06,0.56,1.0,0.55,14.28,-0.05,-0.27,-1.05,0.12,0
2023-03-07,1.69,1.0,0.95,14.23,0.0,-0.86,-2.88,0.03,0
2023-03-08,0.62,1.0,0.64,13.79,0.0,-0.14,-2.92,0.28,0
2023-03-09,1.0,0.0,0.76,14.27,-0.02,0.32,-2.03,0.81,0
2023-03-10,1.77,2.0,1.3,15.67,-0.01,1.03,0.02,0.99,0
2023-03-13,1.77,0.0,1.8,19.79,0.12,1.04,2.34,0.97,1
2023-03-14,0.77,1.0,1.09,18.08,0.0,-0.19,1.63,0.36,0
2023-03-15,2.04,2.0,1.83,19.74,0.0,0.01,2.33,0.61,0
2023-03-16,0.97,1.0,1.19,17.5,-0.03,-0.02,2.38,0.5,0
2023-03-17,2.59,1.0,1.52,23.35,0.02,1.14,5.28,0.83,1
2023-03-20,1.54,1.0,1.89,21.69,-0.09,-0.25,5.18,0.26,1
2023-03-21,1.65,1.0,1.28,18.83,0.0,-0.92,3.01,0.1,0
2023-03-22,1.46,1.0,1.28,18.89,0.02,1.09,4.65,0.86,0
2023-03-23,1.38,1.0,1.57,20.66,0.0,0.78,5.87,0.87,0
2023-03-24,0.86,1.0,1.49,19.98,0.0,-0.73,4.58,0.03,0
2023-03-27,1.17,0.0,0.95,19.14,0.03,-0.1,3.38,0.35,0
2023-03-28,0.82,1.0,0.75,19.12,0.03,0.57,4.22,0.93,0
2023-03-29,0.5,1.0,0.52,17.83,0.0,-0.12,3.61,0.31,0
2023-03-30,0.93,1.0,0.87,18.4,0.52,0.56,5.35,0.89,1
2023-03-31,0.67,1.0,0.74,17.26,0.0,-0.35,4.69,0.19,0
2023-04-03,1.32,0.0,0.93,18.2,0.05,0.56,5.35,0.86,0
2023-04-04,1.53,0.0,1.2,19.66,-0.04,0.9,7.23,0.92,0
2023-04-05,0.71,0.0,0.96,18.99,0.0,-0.11,6.99,0.48,0
2023-04-06,0.65,0.0,0.77,18.4,-0.01,-0.28,6.08,0.26,0
2023-04-10,0.78,0.0,0.74,18.58,-0.22,-0.06,5.18,0.41,0
2023-04-11,0.58,1.0,0.66,18.28,0.03,0.17,5.78,0.85,0
2023-04-12,0.9,1.0,1.2,17.81,0.0,0.05,6.15,0.46,0
2023-04-13,1.17,0.0,1.12,18.52,-0.07,0.24,7.42,0.76,0
2023-04-14,1.77,1.0,1.46,17.21,0.02,-0.64,5.43,0.24,0
2023-04-17,1.06,0.0,1.02,17.39,-0.1,-0.12,4.81,0.44,0
2023-04-18,0.65,0.0,0.91,17.21,-0.03,0.1,5.16,0.63,0
2023-04-19,1.23,0.0,1.29,17.25,0.0,0.34,4.48,0.66,0
2023-04-20,0.67,0.0,1.02,17.2,0.0,0.09,4.75,0.57,0
2023-04-21,1.08,0.0,1.32,16.55,-0.04,-0.12,3.48,0.32,0
2023-04-24,0.52,1.0,0.83,16.88,-0.06,0.29,3.67,0.86,0
2023-04-25,0.9,0.0,1.31,17.52,0.0,0.44,4.09,0.82,0
2023-04-26,0.85,1.0,1.39,17.72,-0.02,-0.43,3.36,0.17,0
2023-04-27,0.98,1.0,1.19,17.35,-0.01,-0.03,3.18,0.49,0
2023-04-28,0.62,0.0,0.92,16.5,0.0,0.11,3.08,0.7,0
2023-05-01,0.99,1.0,1.03,16.72,0.03,-0.47,2.42,0.1,0
2023-05-02,1.38,2.0,1.25,18.67,0.0,0.89,4.27,0.96,0
2023-05-03,0.94,0.0,0.99,18.18,0.0,0.72,4.96,0.96,0
2023-05-04,1.49,0.0,1.59,20.09,0.04,0.12,5.44,0.42,0
2023-05-05,1.69,1.0,1.28,18.58,0.01,-0.09,3.57,0.35,0
2023-05-08,0.46,1.0,0.62,18.75,-0.02,-0.14,3.46,0.38,0
2023-05-09,0.58,1.0,0.7,18.72,0.0,0.3,3.94,0.82,0
2023-05-10,0.86,1.0,1.04,18.37,0.01,-0.15,3.51,0.34,0
2023-05-11,0.98,0.0,1.06,17.88,0.01,-0.51,2.39,0.1,0
2023-05-12,0.71,1.0,0.9,17.44,0.01,-0.04,2.03,0.47,0
2023-05-15,0.5,0.0,0.62,17.58,-0.07,-0.06,2.04,0.54,0
2023-05-16,1.12,1.0,1.0,17.59,0.0,-0.67,0.53,0.13,0
2023-05-17,0.61,0.0,0.8,17.05,0.01,-0.06,0.05,0.46,0
2023-05-18,1.16,0.0,1.01,16.87,0.02,-0.42,-1.46,0.17,0
2023-05-19,1.02,1.0,0.93,17.28,0.05,0.4,-0.68,0.72,0
2023-05-22,0.47,0.0,0.63,17.6,-0.03,-0.17,-1.05,0.23,0
2023-05-23,0.83,1.0,0.92,17.68,0.0,0.48,-1.02,0.88,0
2023-05-24,1.02,1.0,0.9,17.55,0.01,-0.6,-1.86,0.09,0
2023-05-25,0.91,2.0,0.88,16.82,0.0,-0.56,-2.94,0.06,0
2023-05-26,0.71,0.0,0.58,16.36,0.0,0.01,-2.61,0.53,0
2023-05-30,1.13,4.0,1.11,15.89,0.66,0.54,-1.07,0.9,1
2023-05-31,0.74,0.0,0.76,15.64,-0.02,-0.04,-0.92,0.46,0
2023-06-01,1.08,2.0,0.79,15.45,0.04,0.44,-0.22,0.83,0
2023-06-02,1.26,1.0,0.85,14.37,-0.04,-0.99,-1.8,0.02,0
2023-06-05,0.92,0.0,0.8,14.28,-0.01,0.59,-1.2,0.89,0
2023-06-06,0.43,1.0,0.61,14.03,0.01,0.1,-1.09,0.72,0
2023-06-07,1.1,1.0,0.87,13.79,0.01,-0.84,-2.26,0.0,0
2023-06-08,1.08,2.0,0.85,13.96,0.01,0.38,-1.06,0.81,0
2023-06-09,0.59,0.0,0.61,13.72,0.02,-0.16,-1.32,0.23,0
2023-06-12,0.66,2.0,0.63,13.74,0.01,0.02,-1.47,0.49,0
2023-06-13,1.2,1.0,1.0,13.47,-0.06,-0.62,-2.22,0.11,0
2023-06-14,0.77,1.0,0.93,12.74,-0.01,-0.29,-2.11,0.26,0
2023-06-15,1.35,0.0,1.49,12.97,0.01,0.85,-1.43,0.95,0
2023-06-16,0.53,0.0,0.86,12.48,0.01,-0.23,-1.53,0.15,0
2023-06-20,1.16,4.0,1.31,12.78,-0.02,-0.47,-2.46,0.23,0
2023-06-21,0.76,1.0,0.98,13.02,0.0,0.11,-2.55,0.73,0
2023-06-22,0.84,2.0,0.93,12.96,0.02,-0.42,-3.52,0.07,0
2023-06-23,1.07,0.0,0.88,12.74,0.01,-0.19,-3.17,0.33,0
2023-06-26,0.47,1.0,0.72,13.09,0.2,-0.19,-2.9,0.14,0
2023-06-27,0.77,0.0,0.99,12.88,-0.02,-0.38,-3.25,0.17,0
2023-06-28,0.57,1.0,0.89,12.57,0.0,-0.02,-3.42,0.48,0
2023-06-29,0.87,0.0,1.27,12.26,0.01,0.17,-3.45,0.72,0
2023-06-30,0.9,2.0,1.04,12.09,0.0,0.42,-2.75,0.88,0
2023-07-03,0.87,1.0,0.74,12.22,0.02,0.01,-2.61,0.53,0
2023-07-05,0.83,3.0,1.22,12.45,-0.02,-0.48,-2.83,0.04,0
2023-07-06,1.03,2.0,1.22,12.27,0.03,-0.13,-3.1,0.31,0
2023-07-07,1.04,0.0,1.01,12.12,0.02,0.14,-2.29,0.61,0
2023-07-10,0.64,1.0,0.71,12.42,0.02,0.2,-2.2,0.84,0
2023-07-11,0.61,1.0,0.71,12.58,0.0,-0.01,-1.82,0.53,0
2023-07-12,1.17,2.0,1.01,12.94,0.0,0.62,-0.42,0.96,0
2023-07-13,0.48,1.0,0.83,12.71,-0.04,0.06,-0.35,0.67,0
2023-07-14,0.56,0.0,0.73,12.11,0.01,-0.18,-0.61,0.32,0
2023-07-17,0.63,1.0,0.67,12.33,-0.01,0.13,-0.53,0.7,0
2023-07-18,1.35,0.0,1.24,12.72,0.0,0.36,0.68,0.77,0
2023-07-19,0.49,1.0,0.76,12.92,0.0,0.11,0.78,0.77,0
2023-07-20,0.98,0.0,0.99,12.71,-0.01,-0.35,0.3,0.18,0
2023-07-21,0.76,0.0,0.75,12.23,0.0,-0.08,-0.01,0.32,0
2023-07-24,0.66,1.0,0.69,12.31,0.0,-0.35,-0.34,0.08,0
2023-07-25,0.68,1.0,0.77,12.44,0.0,0.22,0.23,0.92,0
2023-07-26,0.78,0.0,0.9,12.12,-0.03,0.24,0.81,0.78,0
2023-07-27,1.98,1.0,1.07,12.21,0.01,-0.75,-0.8,0.07,0
2023-07-28,0.81,1.0,0.82,11.8,1.78,0.23,2.04,0.76,1
2023-07-31,0.99,1.0,0.64,12.17,-0.02,0.13,2.31,0.67,0
2023-08-01,1.1,1.0,0.78,11.83,0.03,-0.36,1.19,0.13,0
2023-08-02,0.94,0.0,0.82,12.45,0.12,-0.45,0.66,0.12,0
2023-08-03,0.4,0.0,0.77,12.74,0.05,-0.04,0.55,0.48,0
2023-08-04,1.08,0.0,0.84,12.1,0.03,0.16,0.92,0.73,0
2023-08-07,0.65,1.0,0.61,12.23,-0.02,0.01,0.68,0.37,0
2023-08-08,0.7,0.0,0.83,12.27,0.0,-0.21,0.03,0.18,0
2023-08-09,0.76,1.0,0.8,12.32,-0.01,-0.39,-0.51,0.01,0
2023-08-10,0.81,0.0,1.04,11.85,0.0,-0.35,-0.67,0.04,0
2023-08-11,0.47,0.0,0.77,11.54,0.04,-0.13,-0.66,0.25,0
2023-08-14,0.64,1.0,0.79,11.98,-0.02,-0.12,-0.93,0.4,0
2023-08-15,0.75,1.0,1.03,12.22,0.0,-0.1,-1.14,0.43,0
2023-08-16,0.75,0.0,0.81,12.33,-0.01,-0.51,-1.72,0.02,0
2023-08-17,0.92,0.0,0.97,12.82,0.03,-0.25,-1.86,0.23,0
2023-08-18,0.48,0.0,0.7,12.63,-0.01,-0.15,-1.82,0.22,0
2023-08-21,0.7,1.0,0.99,12.87,0.0,0.18,-1.52,0.69,0
2023-08-22,0.78,0.0,0.89,12.61,-0.02,0.05,-1.31,0.56,0
2023-08-23,1.18,1.0,1.1,12.66,0.01,0.37,-0.24,0.85,0
2023-08-24,0.6,0.0,0.88,12.56,0.0,-0.1,-0.29,0.45,0
2023-08-25,0.98,0.0,1.08,12.12,-0.02,0.12,-0.41,0.58,0
2023-08-28,0.72,1.0,0.68,12.24,0.04,0.08,-0.1,0.54,0
2023-08-29,1.27,0.0,1.05,12.54,-0.01,0.55,0.86,0.99,0
2023-08-30,0.74,1.0,0.73,12.35,0.02,0.06,1.16,0.61,0
2023-08-31,0.48,2.0,0.7,11.8,0.05,-0.19,0.88,0.12,0
2023-09-01,1.05,0.0,1.06,11.27,0.02,-0.14,0.87,0.31,0
2023-09-05,1.17,2.0,1.12,11.36,0.02,-0.46,0.02,0.03,0
2023-09-06,0.76,0.0,0.81,11.31,0.01,-0.29,-0.48,0.13,0
2023-09-07,0.41,0.0,0.67,11.12,0.02,-0.05,-0.44,0.36,0
2023-09-08,0.72,1.0,0.82,11.01,0.01,-0.23,-0.46,0.15,0
2023-09-11,0.87,0.0,0.76,10.69,0.02,-0.12,-0.33,0.43,0
2023-09-12,0.98,0.0,0.98,10.83,0.01,-0.06,-0.87,0.35,0
2023-09-13,0.62,2.0,0.87,10.3,-0.02,-0.12,-1.11,0.36,0
2023-09-14,0.72,1.0,1.24,10.34,0.01,0.13,-1.12,0.73,0
2023-09-15,1.21,1.0,1.2,10.42,0.01,0.05,-0.47,0.6,0
2023-09-18,0.66,1.0,0.78,11.11,0.02,0.3,0.05,0.95,0
2023-09-19,0.48,0.0,0.73,11.11,-0.02,-0.09,-0.05,0.28,0
2023-09-20,1.21,2.0,1.22,11.02,0.02,-0.27,-0.02,0.28,0
2023-09-21,1.14,0.0,1.29,11.1,0.08,-0.06,-0.77,0.36,0
2023-09-22,0.54,1.0,0.76,10.89,-0.01,-0.02,-0.5,0.57,0
2023-09-25,0.73,0.0,0.82,11.37,0.0,-0.31,-1.01,0.04,0
2023-09-26,1.07,1.0,1.01,13.33,0.01,-0.39,-1.79,0.09,0
2023-09-27,1.82,0.0,1.27,14.0,-0.02,-0.55,-2.99,0.14,0
2023-09-28,1.24,0.0,1.47,13.16,0.03,-0.16,-3.45,0.43,0
2023-09-29,1.9,0.0,1.58,13.06,0.07,-0.83,-4.36,0.06,0
2023-10-02,1.15,0.0,1.21,14.06,-0.01,-0.35,-5.23,0.12,0
2023-10-03,0.95,0.0,1.35,15.17,0.12,-0.04,-5.4,0.48,0
2023-10-04,0.77,2.0,0.99,14.71,0.01,0.08,-5.34,0.49,0
2023-10-05,0.91,1.0,0.92,14.7,0.0,0.02,-5.44,0.47,0
2023-10-06,1.37,2.0,1.27,14.01,0.02,0.35,-4.84,0.77,0
2023-10-09,1.03,1.0,1.17,15.19,0.58,0.68,-3.0,0.99,1
2023-10-10,0.66,1.0,0.88,14.52,0.0,0.1,-3.02,0.6,0
2023-10-11,0.98,1.0,1.0,14.38,0.01,0.19,-2.21,0.8,0
2023-10-12,0.91,1.0,0.97,14.01,0.0,-0.4,-2.42,0.04,0
2023-10-13,3.22,1.0,2.08,19.03,0.01,1.09,0.82,0.96,1
2023-10-16,0.99,0.0,1.24,16.26,-0.18,0.06,0.34,0.5,0
2023-10-17,0.9,1.0,1.07,17.0,-0.01,0.0,0.57,0.55,0
2023-10-18,1.83,0.0,1.68,17.42,0.03,0.24,2.05,0.69,0
2023-10-19,1.48,1.0,1.5,19.02,0.02,0.85,3.26,0.9,0
2023-10-20,1.11,1.0,1.93,18.58,0.02,-0.15,3.47,0.3,0
2023-10-23,0.99,0.0,1.27,17.34,-0.2,-0.07,3.07,0.59,0
2023-10-24,1.18,1.0,1.17,16.07,0.03,0.2,2.99,0.71,0
2023-10-25,1.06,0.0,1.4,16.89,0.0,0.17,3.35,0.73,0
2023-10-26,0.93,1.0,1.13,16.52,0.02,0.07,3.43,0.59,0
2023-10-27,1.41,2.0,1.16,17.65,0.0,0.89,4.51,0.91,0
2023-10-30,0.74,0.0,0.98,16.91,-0.09,-0.11,3.84,0.31,0
2023-10-31,1.26,1.0,1.04,16.2,0.0,-0.52,3.12,0.21,0
2023-11-01,1.1,0.0,1.06,15.44,0.02,-0.15,2.72,0.35,0
2023-11-02,0.53,1.0,0.71,14.77,0.01,0.01,2.95,0.53,0
2023-11-03,0.9,0.0,1.15,14.11,-0.01,-0.02,3.27,0.44,0
2023-11-06,0.67,1.0,0.64,13.3,0.0,-0.37,2.41,0.01,0
2023-11-07,1.0,1.0,0.79,13.35,0.0,0.14,1.88,0.56,0
2023-11-08,1.04,1.0,0.65,14.14,0.0,-0.51,0.85,0.1,0
2023-11-09,0.96,0.0,0.75,14.21,-0.02,0.16,1.22,0.63,0
2023-11-10,1.23,1.0,0.75,13.95,0.02,-0.52,0.05,0.12,0
2023-11-13,0.76,1.0,0.65,13.95,0.03,0.39,0.63,0.85,0
2023-11-14,1.42,0.0,0.72,13.68,0.01,0.38,1.52,0.77,0
2023-11-15,0.87,0.0,0.69,13.1,-0.02,-0.28,1.27,0.21,0
2023-11-16,1.34,0.0,0.76,13.19,0.0,0.31,2.32,0.78,0
2023-11-17,0.63,0.0,0.63,13.02,0.01,-0.21,2.25,0.16,0
2023-11-20,0.86,1.0,0.84,12.64,-0.04,0.15,2.03,0.63,0
2023-11-21,1.27,1.0,1.09,14.0,0.0,0.16,3.07,0.7,0
2023-11-22,0.82,1.0,0.83,13.34,0.0,-0.4,2.52,0.15,0
2023-11-27,0.76,0.0,0.98,13.29,-0.03,0.16,3.57,0.76,0
2023-11-28,1.42,1.0,0.66,15.5,-0.01,0.82,4.91,0.94,0
2023-11-29,0.7,1.0,1.03,15.05,0.88,0.07,6.02,0.58,1
2023-11-30,0.68,1.0,0.92,14.29,0.01,-0.14,5.4,0.3,0
2023-12-01,1.81,1.0,1.39,17.02,0.03,0.92,7.07,0.88,0
2023-12-04,4.66,0.0,3.4,17.45,0.1,-2.08,4.6,0.06,1
2023-12-05,1.12,0.0,1.36,15.43,0.02,-0.29,4.09,0.32,0
2023-12-06,0.62,0.0,0.94,15.48,0.0,0.02,4.35,0.51,0
2023-12-07,0.72,0.0,0.96,14.93,0.03,-0.03,4.29,0.46,0
2023-12-08,1.42,1.0,1.3,14.16,0.01,-0.66,2.73,0.21,0
2023-12-11,1.13,1.0,0.96,14.04,-0.03,-0.5,1.47,0.16,0
2023-12-12,0.7,2.0,0.9,12.82,0.0,-0.25,1.26,0.14,0
2023-12-13,1.81,1.0,1.06,13.52,0.0,1.58,3.35,0.99,0
2023-12-14,0.79,1.0,1.47,13.88,0.0,0.02,3.79,0.51,0
2023-12-15,0.95,1.0,1.01,13.63,-0.01,-0.74,2.59,0.08,0
2023-12-18,0.6,1.0,0.73,13.69,-0.01,0.14,2.81,0.6,0
2023-12-19,0.85,1.0,0.71,13.66,0.01,0.32,3.28,0.72,0
2023-12-20,0.47,1.0,0.67,13.99,0.0,-0.33,2.53,0.01,0
2023-12-21,0.51,1.0,0.67,14.11,0.05,0.25,3.01,0.86,0
2023-12-22,0.85,1.0,1.05,15.2,0.03,-0.24,3.3,0.27,0
2023-12-26,0.5,1.0,0.46,15.45,0.05,0.38,3.84,0.99,0
2023-12-27,0.81,0.0,0.7,16.81,0.01,0.29,4.22,0.74,0
2023-12-28,0.78,1.0,0.77,16.04,0.01,-0.53,3.4,0.04,0
2023-12-29,0.59,2.0,0.65,15.95,0.0,-0.11,3.05,0.32,0
2024-01-02,0.86,0.0,0.92,15.78,0.01,-0.46,2.66,0.12,0
2024-01-03,1.31,0.0,1.17,14.88,0.0,-0.16,1.67,0.3,0
2024-01-04,0.52,0.0,0.67,14.2,0.0,-0.04,1.7,0.49,0
2024-01-05,1.49,2.0,1.34,13.85,0.02,-0.07,1.64,0.5,0
2024-01-08,1.09,0.0,1.23,13.61,-0.01,-0.09,0.72,0.35,0
2024-01-09,0.59,2.0,0.89,13.17,0.0,-0.26,0.73,0.16,0
2024-01-10,0.75,1.0,0.92,13.27,0.0,-0.29,0.43,0.16,0
2024-01-11,1.44,0.0,1.46,12.76,0.01,-0.03,0.54,0.38,0
2024-01-12,1.24,1.0,1.39,13.37,0.0,0.0,1.51,0.55,0
2024-01-16,1.22,4.0,1.68,13.56,0.01,-0.73,0.47,0.12,1
2024-01-17,1.08,1.0,1.15,13.57,-0.04,-0.59,-0.71,0.13,0
2024-01-18,0.6,1.0,0.86,13.05,0.01,0.49,0.06,0.97,0
2024-01-19,0.69,0.0,0.79,12.96,0.05,-0.02,0.34,0.43,0
2024-01-22,0.57,1.0,0.73,12.82,-0.01,-0.16,-0.12,0.27,0
2024-01-23,0.67,1.0,0.73,12.74,0.01,0.08,0.21,0.5,0
2024-01-24,0.96,1.0,1.02,12.76,0.0,-0.62,-0.7,0.04,0
2024-01-25,0.61,0.0,0.94,12.8,0.02,0.13,-0.38,0.68,0
2024-01-26,0.44,0.0,0.65,11.9,0.0,-0.11,-0.56,0.23,0
2024-01-29,0.71,2.0,0.44,13.18,0.08,0.26,0.05,0.72,0
2024-01-30,0.81,0.0,0.93,13.01,0.77,-0.07,1.09,0.34,1
2024-01-31,0.97,1.0,1.11,13.17,-0.01,-0.44,0.95,0.16,0
2024-02-01,1.39,1.0,1.39,13.76,0.0,0.43,1.85,0.72,0
2024-02-02,1.14,1.0,1.07,12.68,-0.01,-0.21,0.78,0.29,0
2024-02-05,1.06,1.0,0.87,12.47,0.04,0.0,0.14,0.37,0
2024-02-06,0.6,0.0,0.64,12.28,0.01,0.26,0.63,0.82,0
2024-02-07,0.55,2.0,0.66,11.85,0.01,-0.11,0.49,0.29,0
2024-02-08,0.74,0.0,0.78,11.7,0.0,0.16,0.32,0.7,0
2024-02-09,0.68,1.0,0.61,11.24,0.0,-0.15,-0.15,0.27,0
2024-02-12,0.65,1.0,0.73,11.84,0.0,0.02,-0.42,0.52,0
2024-02-13,1.78,0.0,1.19,12.09,-0.01,-0.74,-1.77,0.06,0
2024-02-14,0.47,1.0,0.95,11.99,0.0,0.03,-1.79,0.6,0
2024-02-15,0.73,0.0,1.06,11.78,-0.01,0.21,-1.13,0.76,0
2024-02-16,0.83,1.0,1.01,11.69,0.01,0.35,-0.71,0.83,0
2024-02-20,0.76,2.0,1.13,11.78,0.1,0.11,-0.11,0.65,0
2024-02-21,0.51,1.0,0.65,11.46,0.0,-0.13,-0.13,0.35,0
2024-02-22,0.68,0.0,0.77,11.16,0.0,-0.1,-0.16,0.32,0
2024-02-23,1.18,1.0,1.02,11.31,0.0,0.43,0.43,0.78,0
2024-02-26,0.52,1.0,0.69,11.31,-0.04,0.08,0.15,0.63,0
2024-02-27,0.47,1.0,0.69,10.91,0.02,-0.22,-0.03,0.11,0
2024-02-28,0.63,0.0,0.72,10.92,0.0,0.13,0.1,0.7,0
2024-02-29,1.06,2.0,1.02,11.17,-0.01,0.12,0.58,0.71,0
2024-03-01,2.26,1.0,1.59,13.49,0.0,1.04,2.5,0.9,1
2024-03-04,1.72,0.0,1.48,14.66,0.0,0.81,4.06,0.92,0
2024-03-05,1.3,0.0,1.62,14.64,0.02,0.16,4.6,0.61,0
2024-03-06,1.16,3.0,1.41,15.03,0.08,0.41,5.34,0.81,0
2024-03-07,0.82,2.0,1.17,15.21,0.0,0.16,5.78,0.71,0
2024-03-08,1.67,0.0,1.53,15.45,0.02,0.2,6.55,0.55,0
2024-03-11,0.56,0.0,0.93,15.59,0.02,0.03,6.6,0.45,0
2024-03-12,1.38,0.0,1.38,14.12,-0.03,-0.44,5.3,0.19,0
2024-03-13,0.95,1.0,0.83,14.08,-0.01,0.29,5.94,0.68,0
2024-03-14,0.95,1.0,0.86,13.24,0.05,-0.03,5.34,0.43,0
2024-03-15,0.71,1.0,0.81,13.49,0.0,-0.31,4.88,0.09,0
2024-03-18,0.72,0.0,0.79,13.82,0.02,0.22,4.92,0.8,0
2024-03-19,0.66,1.0,0.74,13.48,0.01,0.09,4.67,0.65,0
2024-03-20,1.65,1.0,1.06,13.74,0.0,0.8,5.78,0.84,0
2024-03-21,2.29,1.0,1.71,13.5,0.02,-0.52,5.54,0.27,1
2024-03-22,1.09,1.0,0.94,12.43,0.0,-0.31,4.49,0.23,0
2024-03-25,0.66,1.0,0.84,12.13,0.0,-0.07,4.68,0.42,0
2024-03-26,1.2,0.0,0.72,12.56,0.04,-0.2,4.84,0.32,0
2024-03-27,0.91,0.0,1.05,13.46,0.82,0.29,6.42,0.83,1
2024-03-28,1.41,1.0,1.59,15.14,0.01,0.59,7.59,0.89,0
2024-04-01,1.29,0.0,1.67,16.16,0.08,-0.14,8.44,0.43,0
2024-04-02,1.11,1.0,1.77,16.96,0.02,0.74,9.77,0.94,0
2024-04-03,1.11,0.0,1.91,17.44,0.02,0.7,10.46,0.96,1
2024-04-04,0.85,3.0,1.6,17.36,0.0,-0.37,9.5,0.21,1
2024-04-05,2.07,1.0,1.93,16.77,-0.01,0.96,11.01,0.88,1
2024-04-08,1.57,1.0,2.11,18.16,-0.14,0.34,11.38,0.7,1
2024-04-09,0.86,1.0,1.9,18.27,-0.01,0.03,11.6,0.49,1
2024-04-10,1.22,1.0,2.18,18.65,-0.04,-0.46,10.21,0.26,1
2024-04-11,1.46,1.0,1.45,18.71,0.0,1.27,11.89,0.97,1
2024-04-12,2.83,1.0,2.92,20.17,-0.02,-1.85,10.13,0.1,1
2024-04-15,1.69,1.0,1.85,22.77,0.23,1.3,11.8,0.98,1
2024-04-16,0.91,0.0,1.45,20.67,0.04,0.39,11.63,0.76,0
2024-04-17,0.9,1.0,1.33,18.96,0.0,-0.42,10.44,0.33,0
2024-04-18,0.8,1.0,1.03,18.64,0.02,0.02,10.41,0.6,0
2024-04-19,1.2,1.0,1.56,18.67,0.0,-0.14,10.38,0.34,0
2024-04-22,1.68,1.0,1.05,17.72,-0.08,-0.91,7.31,0.08,0
2024-04-23,1.06,0.0,1.22,17.75,0.0,0.38,6.68,0.72,0
2024-04-24,0.64,0.0,0.71,17.46,0.05,-0.16,6.21,0.28,0
2024-04-25,1.02,0.0,0.83,17.36,0.0,0.31,6.51,0.7,0
2024-04-26,0.65,0.0,0.61,16.9,-0.02,-0.03,6.47,0.51,0
2024-04-29,0.69,1.0,0.64,16.89,-0.06,0.03,5.96,0.59,0
2024-04-30,1.22,1.0,0.78,16.56,0.0,-0.73,3.58,0.04,0
2024-05-01,1.19,1.0,0.72,16.39,0.0,0.33,4.17,0.61,0
2024-05-02,1.03,1.0,0.68,16.05,-0.01,-0.01,3.54,0.43,0
2024-05-03,1.1,0.0,0.71,15.75,0.04,0.16,3.19,0.56,0
2024-05-06,1.01,0.0,0.6,16.25,0.06,0.32,3.98,0.8,0
2024-05-07,0.5,0.0,0.45,15.64,0.06,-0.15,3.25,0.23,0
2024-05-08,0.45,2.0,0.51,15.25,0.0,-0.22,2.68,0.25,0
2024-05-09,0.97,1.0,0.64,16.15,0.0,0.88,3.96,0.99,0
2024-05-10,0.86,0.0,0.78,16.27,-0.01,-0.02,4.54,0.54,0
2024-05-13,0.85,1.0,0.6,16.46,0.06,-0.36,3.07,0.18,0
2024-05-14,0.64,0.0,0.6,16.63,0.02,0.38,3.67,0.86,0
2024-05-15,1.01,0.0,0.86,16.96,0.01,0.68,4.76,0.89,0
2024-05-16,0.72,0.0,0.67,16.41,-0.02,-0.19,4.14,0.29,0
2024-05-17,1.22,1.0,0.82,17.37,0.02,0.69,5.59,0.94,0
2024-05-20,1.12,1.0,1.29,17.77,0.02,-0.09,5.79,0.46,0
2024-05-21,0.75,1.0,0.93,16.71,0.01,0.1,5.41,0.63,0
2024-05-22,1.37,1.0,0.97,16.54,0.01,-0.94,3.24,0.08,0
2024-05-23,1.37,1.0,1.08,15.98,0.04,-1.09,0.91,0.01,0
2024-05-24,0.56,0.0,0.63,15.27,0.01,-0.11,0.85,0.39,0
2024-05-28,0.8,2.0,1.24,15.92,0.02,0.32,1.74,0.8,0
2024-05-29,0.75,2.0,0.38,15.83,-0.03,-0.47,0.57,0.05,0
2024-05-30,0.78,1.0,0.77,15.71,0.6,0.08,1.56,0.62,1
2024-05-31,1.05,1.0,0.85,15.15,0.01,-0.54,0.78,0.18,0
2024-06-03,1.07,1.0,0.77,15.95,0.01,0.57,1.46,0.82,0
2024-06-04,0.99,0.0,0.8,16.22,0.03,-0.19,0.41,0.31,0
2024-06-05,0.85,1.0,0.75,16.5,0.01,0.53,1.4,0.9,0
2024-06-06,0.67,0.0,0.91,16.86,0.0,0.29,1.99,0.77,0
2024-06-07,2.72,2.0,1.49,17.01,0.01,-1.93,-1.86,0.01,1
2024-06-10,0.66,1.0,0.71,16.68,-0.01,0.32,-1.08,0.81,0
2024-06-11,0.57,1.0,0.75,16.43,0.03,0.23,-0.91,0.78,0
2024-06-12,0.81,1.0,1.06,15.9,-0.01,-0.23,-0.74,0.32,0
2024-06-13,0.82,1.0,1.1,15.72,-0.01,-0.35,-1.59,0.26,0
2024-06-14,0.91,0.0,0.92,15.95,0.0,0.37,-0.36,0.88,0
2024-06-17,0.63,1.0,0.75,15.64,0.0,-0.01,-0.95,0.43,0
2024-06-18,0.72,1.0,0.82,15.62,0.0,0.35,-0.55,0.85,0
2024-06-20,1.09,2.0,1.54,16.34,0.0,0.71,0.65,0.82,0
2024-06-21,1.4,1.0,1.17,15.9,0.0,-0.9,-0.93,0.11,0
2024-06-24,0.46,1.0,0.68,15.45,-0.02,0.21,-0.51,0.84,0
2024-06-25,0.6,1.0,0.84,14.93,0.01,-0.24,-1.03,0.21,0
2024-06-26,0.84,1.0,1.03,14.85,-0.01,-0.39,-1.91,0.17,0
2024-06-27,0.96,0.0,0.85,15.02,-0.01,0.34,-0.73,0.85,0
2024-06-28,0.58,0.0,0.8,14.8,0.0,-0.17,-0.73,0.27,0
2024-07-01,0.57,0.0,0.75,14.88,-0.02,0.16,-0.45,0.62,0
2024-07-02,0.53,1.0,0.77,14.36,-0.01,0.12,-0.44,0.66,0
2024-07-03,1.13,1.0,0.9,14.89,0.01,0.2,0.63,0.72,0
2024-07-05,1.32,4.0,1.37,15.76,0.05,0.79,2.05,0.91,1
2024-07-08,1.17,1.0,0.9,15.02,-0.1,-0.52,0.7,0.21,0
2024-07-09,0.64,0.0,0.84,14.63,0.0,0.09,0.84,0.64,0
2024-07-10,0.68,1.0,0.73,14.91,0.0,-0.14,1.16,0.37,0
2024-07-11,1.57,0.0,1.25,15.76,-0.02,0.49,2.89,0.8,0
2024-07-12,0.77,1.0,0.94,15.17,0.0,0.25,2.74,0.79,0
2024-07-15,1.12,1.0,1.1,15.94,0.09,0.05,2.99,0.51,0
2024-07-16,1.41,1.0,1.2,17.13,0.0,0.99,4.89,0.99,0
2024-07-17,0.92,1.0,1.52,16.72,-0.02,-0.48,4.29,0.2,0
2024-07-18,1.0,1.0,1.05,16.19,-0.02,-0.8,3.45,0.08,0
2024-07-19,1.48,1.0,1.32,16.23,-0.03,-0.6,1.44,0.09,0
2024-07-22,0.8,1.0,0.97,15.74,0.02,0.04,1.37,0.53,0
2024-07-23,0.67,0.0,0.87,15.42,0.0,0.23,1.65,0.8,0
2024-07-24,0.95,1.0,1.08,16.0,0.02,-0.79,1.18,0.0,0
2024-07-25,1.36,1.0,1.61,15.72,0.04,-0.4,-0.42,0.2,0
2024-07-26,0.94,0.0,0.91,15.25,0.0,0.42,0.57,0.87,0
2024-07-29,0.93,1.0,0.7,15.49,0.01,-0.3,0.33,0.37,0
2024-07-30,0.95,2.0,0.84,16.31,1.24,0.61,3.38,0.88,1
2024-07-31,1.21,1.0,0.83,17.57,0.01,1.11,5.14,0.97,0
2024-08-01,0.83,1.0,1.15,17.73,0.02,-0.11,4.76,0.41,0
2024-08-02,1.76,1.0,1.8,18.59,0.0,-0.47,4.41,0.39,0
2024-08-05,2.38,1.0,2.14,21.78,0.1,-0.19,3.07,0.47,1
2024-08-06,0.86,0.0,1.09,18.76,0.02,-0.48,2.18,0.18,0
2024-08-07,0.66,2.0,0.79,18.01,0.0,-0.32,1.95,0.24,0
2024-08-08,1.07,0.0,0.87,18.49,0.01,0.69,3.45,0.94,0
2024-08-09,0.48,0.0,0.75,17.86,-0.01,0.08,3.58,0.61,0
2024-08-12,1.19,1.0,0.81,20.55,-0.01,0.96,5.23,0.97,0
2024-08-13,0.45,0.0,0.84,19.11,0.0,0.0,4.95,0.46,0
2024-08-14,1.06,1.0,0.99,18.49,0.03,-0.55,3.92,0.21,0
2024-08-15,0.95,0.0,1.05,18.18,0.02,0.18,4.15,0.62,0
2024-08-16,1.44,1.0,1.35,19.97,0.01,1.07,6.24,0.98,0
2024-08-19,0.62,2.0,0.9,18.78,0.08,0.25,6.0,0.78,0
2024-08-20,0.86,1.0,0.96,18.43,0.0,-0.01,6.24,0.51,0
2024-08-21,0.65,1.0,0.95,18.7,-0.01,0.11,5.89,0.68,0
2024-08-22,1.12,0.0,1.02,17.89,0.0,-0.43,4.41,0.27,0
2024-08-23,0.86,0.0,0.94,17.5,0.0,0.32,5.4,0.77,0
2024-08-26,0.47,1.0,0.74,17.83,-0.07,0.02,5.54,0.53,0
2024-08-27,0.58,1.0,0.79,17.61,-0.01,0.48,5.61,0.96,0
2024-08-28,0.95,1.0,0.9,17.22,0.02,-0.02,4.67,0.39,0
2024-08-29,0.67,1.0,0.87,17.24,0.0,0.12,5.0,0.69,0
2024-08-30,0.89,1.0,0.92,16.47,0.0,-0.42,4.01,0.24,0
2024-09-03,0.93,3.0,1.36,16.52,0.0,-0.04,3.42,0.55,0
2024-09-04,0.78,0.0,0.79,16.24,0.01,0.14,3.28,0.75,0
2024-09-05,0.82,1.0,0.84,16.54,0.0,0.18,3.98,0.71,0
2024-09-06,1.24,1.0,1.26,16.61,0.01,-0.51,3.0,0.25,0
2024-09-09,0.58,2.0,0.64,16.31,-0.02,0.34,3.21,0.96,0
2024-09-10,0.51,0.0,0.66,15.99,-0.03,0.36,3.51,0.95,0
2024-09-11,0.84,0.0,0.87,15.49,0.0,-0.08,3.14,0.44,0
2024-09-12,1.39,1.0,1.17,16.74,0.0,0.79,4.79,0.97,0
2024-09-13,0.82,1.0,0.95,16.92,-0.01,0.36,5.57,0.88,0
2024-09-16,0.41,0.0,0.62,16.95,0.04,-0.03,5.33,0.49,0
2024-09-17,0.77,1.0,0.88,17.45,0.0,-0.25,4.56,0.3,0
2024-09-18,1.59,3.0,1.32,17.28,-0.03,-0.89,3.54,0.04,0
2024-09-19,1.28,1.0,1.13,16.74,-0.01,0.41,4.89,0.84,0
2024-09-20,1.17,0.0,1.11,17.09,0.0,0.41,6.01,0.89,0
2024-09-23,0.59,1.0,0.78,17.73,-0.02,0.02,6.02,0.58,0
2024-09-24,1.2,1.0,1.08,18.7,0.01,0.94,7.28,0.96,0
2024-09-25,0.59,1.0,0.94,19.1,0.0,0.01,6.92,0.47,0
2024-09-26,0.89,2.0,1.1,18.87,0.0,0.19,7.24,0.61,0
2024-09-27,0.91,1.0,1.01,18.63,-0.01,-0.26,6.16,0.29,0
2024-09-30,1.2,1.0,0.93,18.14,0.0,-0.44,5.13,0.16,0
2024-10-01,1.17,0.0,1.12,18.55,0.0,0.04,5.99,0.64,0
2024-10-02,0.65,0.0,0.83,18.23,-0.02,0.22,5.73,0.77,0
2024-10-03,0.72,1.0,0.89,18.31,0.0,0.26,5.44,0.79,0
2024-10-04,1.13,2.0,1.14,17.56,0.01,-0.04,4.96,0.51,0
2024-10-07,0.63,0.0,0.83,17.68,-0.04,-0.14,4.36,0.25,0
2024-10-08,1.43,1.0,1.3,17.64,0.0,-0.32,3.31,0.37,0
2024-10-09,0.57,1.0,0.75,17.59,-0.02,-0.2,2.55,0.22,0
2024-10-10,0.87,1.0,0.93,17.3,0.01,0.36,3.15,0.92,0
2024-10-11,1.0,0.0,0.92,17.33,0.0,0.32,4.05,0.82,0
2024-10-14,0.7,0.0,0.75,17.51,-0.02,-0.03,3.74,0.38,0
2024-10-15,0.93,2.0,0.86,17.33,-0.03,0.31,3.94,0.76,0
2024-10-16,0.82,0.0,0.84,17.31,0.01,0.03,4.24,0.59,0
2024-10-17,0.73,0.0,1.11,17.6,0.01,0.25,4.67,0.79,0
2024-10-18,0.9,1.0,1.09,17.71,0.01,0.33,5.5,0.94,0
2024-10-21,0.83,2.0,1.26,18.18,0.0,-0.31,5.28,0.23,0
2024-10-22,0.93,1.0,0.99,18.72,-0.01,0.44,6.14,0.98,0
2024-10-23,1.58,1.0,1.36,18.91,-0.02,-0.7,4.67,0.16,0
2024-10-24,0.83,1.0,1.03,18.72,0.02,0.19,5.26,0.76,0
2024-10-25,0.88,1.0,0.93,18.87,0.0,0.42,5.25,0.91,0
2024-10-28,0.65,0.0,0.92,18.34,-0.3,0.21,5.03,0.84,1
2024-10-29,1.09,1.0,1.16,18.49,0.01,0.5,5.98,0.93,0
2024-10-30,0.6,0.0,1.17,18.66,-0.01,0.21,6.33,0.85,0
2024-10-31,1.88,0.0,1.26,19.49,0.0,-0.47,4.53,0.25,0
2024-11-01,0.9,1.0,0.95,19.23,-0.02,-0.55,3.88,0.04,0
2024-11-04,0.56,1.0,0.75,19.91,-0.08,-0.08,3.8,0.41,0
2024-11-05,0.81,0.0,0.77,19.56,0.04,0.14,3.86,0.72,0
2024-11-06,3.06,0.0,1.98,17.66,-0.02,-1.48,0.58,0.09,1
2024-11-07,1.92,1.0,1.21,17.19,0.03,1.0,2.09,0.91,0
2024-11-08,0.82,1.0,0.99,15.95,0.0,-0.23,1.25,0.18,0
2024-11-11,2.08,1.0,1.17,16.08,0.01,-0.82,-1.27,0.15,0
2024-11-12,0.97,0.0,1.14,16.3,-0.03,-0.22,-2.18,0.28,0
2024-11-13,1.2,1.0,1.11,16.97,0.0,-1.04,-3.24,0.02,0
2024-11-14,1.14,2.0,1.29,17.44,0.01,0.25,-3.54,0.7,0
2024-11-15,0.55,2.0,0.89,17.15,-0.01,-0.17,-3.77,0.36,0
2024-11-18,1.32,0.0,0.93,16.9,0.08,0.55,-2.03,0.9,0
2024-11-19,0.75,1.0,0.99,17.75,0.01,0.24,-1.23,0.79,0
2024-11-20,0.96,1.0,0.86,18.65,0.0,0.43,-0.73,0.83,0
2024-11-21,0.65,2.0,0.9,17.67,0.01,0.25,0.0,0.9,0
2024-11-22,1.15,1.0,1.26,17.61,0.0,0.34,1.19,0.86,0
2024-11-25,2.78,1.0,1.59,17.89,-0.03,-1.34,-1.9,0.1,1
2024-11-26,0.89,0.0,0.63,17.09,-0.03,0.25,-1.72,0.72,0
2024-11-27,0.75,1.0,0.87,16.57,0.67,-0.28,-0.62,0.32,1
2024-12-02,0.79,1.0,1.04,16.31,-0.09,0.0,-0.79,0.47,0
2024-12-03,0.52,0.0,0.79,16.12,-0.01,-0.08,-0.64,0.35,0
2024-12-04,0.68,0.0,0.78,16.0,0.01,0.18,-0.28,0.73,0
2024-12-05,0.83,1.0,0.79,15.86,-0.01,-0.4,-1.03,0.24,0
2024-12-06,0.8,0.0,0.9,15.03,0.0,-0.1,-1.02,0.57,0
2024-12-09,1.26,1.0,0.99,15.63,0.24,0.11,0.01,0.62,0
2024-12-10,1.0,1.0,0.9,16.31,0.04,0.61,1.39,0.92,0
2024-12-11,1.0,0.0,1.32,16.94,0.0,0.56,2.63,0.83,0
2024-12-12,1.59,0.0,1.27,15.52,0.0,-0.85,0.77,0.12,0
2024-12-13,1.27,1.0,1.02,15.48,0.0,-0.9,-0.68,0.04,0
2024-12-16,0.52,0.0,0.63,15.43,0.04,-0.14,-0.53,0.39,0
2024-12-17,0.72,1.0,0.84,15.6,0.0,0.05,-0.88,0.49,0
2024-12-18,1.62,1.0,0.81,16.42,0.0,-1.43,-2.87,0.08,0
2024-12-19,1.05,1.0,1.02,15.82,0.0,-0.2,-2.69,0.35,0
2024-12-20,1.19,0.0,0.84,15.84,0.01,0.5,-1.53,0.79,0
2024-12-23,0.55,0.0,0.58,15.56,-0.03,-0.31,-2.15,0.15,0
2024-12-26,0.53,0.0,0.52,15.26,0.05,0.35,-1.04,0.95,0
2024-12-27,0.73,1.0,0.62,14.78,0.03,-0.28,-1.88,0.21,0
2024-12-30,0.84,0.0,0.71,15.03,0.0,-0.12,-2.21,0.42,0
2024-12-31,0.71,0.0,0.57,14.67,0.0,0.36,-1.54,0.85,0
2025-01-02,0.99,2.0,0.81,15.15,0.0,0.59,-0.17,0.96,0
2025-01-03,0.79,2.0,0.76,14.67,0.01,-0.51,-0.9,0.05,0
2025-01-06,1.03,1.0,1.12,14.76,0.0,-0.06,-1.07,0.52,0
2025-01-07,0.91,0.0,0.97,14.77,0.02,0.1,-0.27,0.61,0
2025-01-08,0.76,2.0,0.98,14.99,0.03,0.31,0.38,0.78,0
2025-01-09,0.61,1.0,0.81,14.82,0.01,0.19,0.84,0.76,0
2025-01-10,1.3,0.0,1.59,15.93,0.0,0.1,1.84,0.62,0
2025-01-13,1.31,1.0,1.28,15.21,-0.02,-0.59,0.52,0.11,0
2025-01-14,0.5,1.0,0.9,14.86,0.0,0.28,0.98,0.97,0
2025-01-15,0.94,0.0,1.16,15.2,0.2,0.51,2.15,0.98,0
2025-01-16,1.01,0.0,1.13,15.96,0.0,0.29,3.2,0.71,0
2025-01-17,0.81,2.0,1.01,15.22,0.0,-0.15,2.89,0.33,0
2025-01-21,1.26,4.0,2.28,15.44,-0.01,0.56,3.53,0.87,1
2025-01-22,0.48,0.0,1.03,15.48,0.0,0.0,3.87,0.58,0
2025-01-23,0.71,1.0,1.12,15.06,0.01,0.2,3.64,0.8,0
2025-01-24,0.93,1.0,1.23,14.93,0.0,-0.13,4.18,0.49,0
2025-01-27,1.3,0.0,1.15,15.13,0.03,-0.53,2.77,0.24,0
2025-01-28,1.0,1.0,0.65,15.35,-0.03,0.63,3.73,0.94,0
2025-01-29,0.47,0.0,0.38,15.23,-0.04,-0.04,3.51,0.51,0
2025-01-30,1.63,0.0,1.04,16.09,0.68,0.65,6.25,0.9,1
2025-01-31,0.97,1.0,1.05,16.13,0.03,-0.55,5.41,0.12,0
2025-02-03,1.83,0.0,1.24,16.9,0.36,0.52,6.22,0.79,1
2025-02-04,0.98,1.0,0.9,17.02,0.0,0.55,6.68,0.93,0
2025-02-05,0.91,1.0,1.07,17.51,0.0,-0.26,6.8,0.34,0
2025-02-06,0.99,1.0,1.03,16.3,-0.02,0.14,6.6,0.67,0
2025-02-07,0.88,1.0,1.07,16.3,0.0,-0.13,6.68,0.32,0
2025-02-10,1.48,0.0,0.96,17.52,-0.04,0.43,8.23,0.94,0
2025-02-11,1.53,1.0,1.46,17.39,0.0,-0.31,7.65,0.31,0
2025-02-12,1.21,2.0,1.25,17.41,0.01,0.3,7.39,0.76,0
2025-02-13,0.78,2.0,0.94,17.14,0.0,0.5,8.4,0.97,0
2025-02-14,1.8,1.0,1.34,17.24,0.0,-1.23,5.94,0.09,1
2025-02-18,1.61,3.0,1.54,17.98,0.03,1.0,7.76,0.92,1
2025-02-19,0.69,1.0,1.02,17.0,-0.02,0.04,7.55,0.58,0
2025-02-20,0.78,2.0,1.2,16.58,0.02,-0.16,7.39,0.4,0
2025-02-21,0.8,1.0,1.11,16.64,0.02,0.05,6.99,0.53,0
2025-02-24,0.88,0.0,1.0,16.66,0.0,0.3,7.38,0.75,0
2025-02-25,1.71,1.0,1.22,16.71,0.0,-0.39,5.77,0.38,0
2025-02-26,0.88,2.0,0.89,16.46,0.03,0.2,5.83,0.71,0
2025-02-27,1.29,1.0,1.19,16.43,0.02,-0.52,3.99,0.1,0
2025-02-28,1.16,1.0,1.01,16.01,0.03,-0.03,3.12,0.4,0
2025-03-03,0.85,0.0,0.91,16.77,0.09,0.53,4.3,0.92,0
2025-03-04,1.04,1.0,0.88,17.15,0.04,0.34,5.11,0.76,0
2025-03-05,0.83,0.0,0.93,17.0,0.0,0.27,5.01,0.75,0
2025-03-06,0.85,0.0,0.82,16.86,-0.01,-0.07,4.26,0.51,0
2025-03-07,0.75,1.0,0.82,16.4,0.0,-0.14,4.08,0.39,0
2025-03-10,0.95,1.0,0.89,17.17,0.04,-0.62,2.88,0.14,0
2025-03-11,1.06,0.0,0.72,17.09,0.0,0.42,3.93,0.91,0
2025-03-12,0.85,1.0,0.79,16.98,-0.01,0.42,4.25,0.77,0
2025-03-13,1.32,0.0,1.09,17.53,0.0,0.84,5.96,0.92,0
2025-03-14,0.64,1.0,0.93,17.28,0.0,-0.28,5.58,0.12,0
2025-03-17,0.41,1.0,0.7,17.56,0.03,0.28,5.89,0.94,0
2025-03-18,0.92,1.0,1.05,17.51,0.0,0.32,6.84,0.88,0
2025-03-19,0.7,2.0,0.93,16.95,0.0,0.43,7.04,0.84,0
2025-03-20,0.79,1.0,0.91,16.5,0.01,0.11,6.61,0.61,0
2025-03-21,1.23,1.0,1.08,16.01,0.01,-0.07,5.39,0.42,0
2025-03-24,0.73,0.0,0.86,15.78,-0.01,-0.34,4.7,0.18,0
2025-03-25,0.75,1.0,0.83,15.31,-0.01,-0.01,4.89,0.47,0
2025-03-26,0.44,0.0,0.74,15.11,0.0,-0.1,4.58,0.29,0
2025-03-27,1.23,0.0,0.59,15.99,0.0,0.55,5.92,0.96,0
2025-03-28,0.69,0.0,1.27,16.48,0.75,0.05,7.2,0.63,1
2025-03-31,1.17,1.0,1.47,17.88,0.02,0.37,8.38,0.92,0
2025-04-01,1.12,1.0,1.38,17.94,-0.01,-0.21,7.87,0.44,0
2025-04-02,1.01,1.0,1.27,18.11,0.01,0.14,7.99,0.66,0
2025-04-03,2.85,0.0,2.35,18.5,0.14,-0.33,6.47,0.43,1
2025-04-04,2.71,2.0,1.63,22.65,0.07,-1.18,3.85,0.2,1
2025-04-07,2.18,1.0,1.88,21.46,-0.03,-1.21,1.45,0.19,1
2025-04-08,0.91,0.0,1.1,22.99,0.0,-0.54,1.54,0.21,0
2025-04-09,2.47,3.0,1.63,24.32,0.0,1.61,5.13,0.94,1
2025-04-10,1.84,1.0,1.29,26.19,-0.01,1.35,7.56,0.95,1
2025-04-11,1.15,0.0,1.65,28.84,0.0,0.39,9.26,0.79,1
2025-04-14,0.83,0.0,1.06,23.85,-0.13,-0.18,8.29,0.36,0
2025-04-15,0.39,1.0,0.63,21.45,-0.01,0.26,8.64,0.91,0
2025-04-16,1.87,0.0,1.49,26.55,0.0,1.14,11.87,0.94,1
2025-04-17,1.19,1.0,1.33,24.01,-0.03,-0.03,10.94,0.5,0
2025-04-21,1.55,0.0,1.48,28.1,0.07,0.76,13.93,0.92,1
2025-04-22,1.96,1.0,2.71,28.49,0.0,-1.76,11.97,0.07,1
2025-04-23,1.8,0.0,2.05,25.09,-0.31,-0.6,8.92,0.29,1
2025-04-24,1.04,1.0,1.44,24.81,-0.02,0.33,10.2,0.7,0
2025-04-25,1.47,1.0,1.38,23.2,0.01,-0.09,8.66,0.38,0
2025-04-28,1.13,1.0,1.24,23.29,0.08,1.42,9.92,0.99,1
2025-04-29,0.66,2.0,0.96,22.32,-0.01,0.07,8.58,0.42,0
2025-04-30,0.83,0.0,0.98,21.45,-0.03,-0.12,7.52,0.5,0
2025-05-01,1.22,1.0,1.16,21.6,0.0,-0.06,4.98,0.3,0
2025-05-02,0.62,1.0,0.98,21.36,0.0,-0.38,4.94,0.25,0
2025-05-05,1.38,1.0,0.91,23.25,0.0,1.12,7.86,0.91,0
2025-05-06,1.32,1.0,1.17,24.18,0.02,1.35,10.63,0.98,0
2025-05-07,1.03,1.0,1.24,22.99,0.06,-0.42,8.61,0.15,0
2025-05-08,1.63,0.0,1.41,22.55,0.01,-1.44,6.11,0.14,1
2025-05-09,0.91,1.0,1.06,21.82,0.0,0.24,6.58,0.74,0
2025-05-12,1.05,1.0,1.19,21.41,-0.46,-0.36,3.28,0.34,1
2025-05-13,0.6,2.0,0.8,19.48,0.0,0.19,3.48,0.68,0
2025-05-14,1.09,1.0,0.99,20.76,-0.01,-0.94,1.03,0.14,0
2025-05-15,1.36,1.0,1.1,21.48,0.0,1.77,2.46,0.99,0
2025-05-16,1.18,2.0,1.11,21.31,0.0,-0.27,0.99,0.38,0
2025-05-19,0.53,0.0,0.98,21.37,0.17,0.05,2.12,0.61,0
2025-05-20,1.08,1.0,0.85,21.75,0.01,1.52,3.85,0.99,0
2025-05-21,0.48,1.0,0.94,22.43,0.0,0.39,4.35,0.84,0
2025-05-22,0.84,0.0,0.94,21.44,0.0,-0.6,3.14,0.18,0
2025-05-23,0.99,2.0,1.0,22.28,0.0,0.79,5.11,0.92,0
2025-05-27,0.91,4.0,1.12,21.16,-0.02,-0.55,3.07,0.26,0
2025-05-28,0.46,2.0,0.34,19.64,0.0,-0.29,2.62,0.21,0
2025-05-29,1.09,1.0,0.85,19.74,0.33,0.83,3.87,0.83,1
2025-05-30,0.65,1.0,0.73,19.15,-0.02,0.0,2.99,0.46,0
2025-06-02,1.11,1.0,0.74,20.56,0.11,1.07,5.53,0.99,0
2025-06-03,0.76,1.0,0.72,20.15,-0.01,-0.24,4.37,0.32,0
2025-06-04,0.54,0.0,0.74,19.79,0.01,0.33,4.79,0.71,0
2025-06-05,0.85,1.0,0.99,19.7,0.01,-0.46,4.02,0.28,0
2025-06-06,0.85,1.0,0.8,19.15,0.03,-1.02,2.38,0.02,0
2025-06-09,0.6,1.0,0.67,19.47,0.02,0.32,2.61,0.77,0
2025-06-10,0.66,2.0,0.78,18.98,0.0,0.14,2.48,0.59,0
2025-06-11,0.64,2.0,0.9,19.03,-0.03,0.34,2.88,0.69,0
2025-06-12,0.85,0.0,1.01,19.76,0.02,0.38,4.0,0.82,0
2025-06-13,0.94,0.0,1.15,21.18,-0.01,0.21,5.16,0.77,0
2025-06-16,1.04,2.0,0.93,19.77,0.27,-0.92,3.49,0.02,1
2025-06-17,0.54,0.0,0.95,20.49,0.0,-0.06,3.34,0.52,0
2025-06-18,0.55,1.0,0.79,19.52,0.02,-0.53,2.5,0.1,0
2025-06-20,0.73,1.0,1.39,19.3,0.0,0.06,2.14,0.51,0
2025-06-23,0.77,1.0,0.89,19.11,0.24,0.09,2.2,0.58,0
2025-06-24,1.17,1.0,0.95,18.12,0.01,-0.08,0.39,0.38,0
2025-06-25,0.39,1.0,0.55,17.29,0.0,0.25,0.62,0.88,0
2025-06-26,0.64,0.0,0.79,16.66,0.0,0.04,0.46,0.54,0
2025-06-27,1.19,0.0,1.02,16.52,-0.01,-0.44,-1.48,0.22,0
2025-06-30,1.12,1.0,0.81,17.21,-0.03,0.81,-0.38,0.98,0
2025-07-01,0.88,1.0,0.78,16.92,0.0,0.02,0.51,0.63,0
2025-07-02,0.52,1.0,0.67,16.91,0.01,0.53,1.08,0.95,0
2025-07-03,0.88,0.0,0.81,16.19,0.0,-0.34,0.21,0.31,0
2025-07-07,0.81,3.0,1.27,16.92,0.0,0.48,0.52,0.84,0
2025-07-08,0.97,0.0,0.89,16.22,0.0,-0.39,-0.56,0.28,0
2025-07-09,0.58,1.0,0.78,15.85,0.01,0.53,-0.17,0.97,0
2025-07-10,0.34,1.0,0.7,16.02,0.03,0.15,0.1,0.73,0
2025-07-11,0.84,0.0,0.91,16.95,-0.01,0.44,1.24,0.8,0
2025-07-14,0.7,0.0,0.85,17.09,0.07,-0.48,0.67,0.12,0
2025-07-15,0.84,1.0,0.87,16.42,0.01,-0.52,0.16,0.2,0
2025-07-16,1.05,1.0,1.18,17.44,0.01,0.15,0.62,0.48,0
2025-07-17,0.77,0.0,0.81,16.95,0.0,0.29,0.27,0.7,0
2025-07-18,0.55,1.0,0.66,16.76,0.0,-0.02,0.51,0.54,0
2025-07-21,1.2,0.0,0.77,17.71,0.01,0.62,2.23,0.89,0
2025-07-22,0.94,1.0,0.91,18.9,0.01,0.68,3.24,0.93,0
2025-07-23,1.1,1.0,1.13,18.5,0.01,-0.68,1.85,0.16,0
2025-07-24,0.82,0.0,0.94,17.82,0.01,-0.07,1.04,0.42,0
2025-07-25,0.92,1.0,0.88,17.06,0.02,-0.22,-0.1,0.27,0
2025-07-28,0.82,1.0,0.87,16.76,-0.28,-0.21,-0.83,0.36,1
2025-07-29,0.48,0.0,0.24,16.56,-0.02,0.18,-0.7,0.66,0
2025-07-30,1.32,2.0,0.96,16.4,1.08,-1.13,-0.79,0.04,1
2025-07-31,0.77,1.0,0.77,16.08,0.0,-0.18,-0.23,0.46,0
2025-08-01,1.55,1.0,0.97,17.28,0.02,1.0,1.67,0.95,0
2025-08-04,0.77,1.0,0.78,16.96,0.01,0.32,2.2,0.79,0
2025-08-05,0.76,1.0,0.86,16.71,0.01,0.18,2.22,0.73,0
2025-08-06,0.53,1.0,0.82,16.46,0.0,0.16,2.15,0.77,0
2025-08-07,0.76,2.0,1.18,16.66,0.0,0.46,3.09,0.91,0
2025-08-08,1.68,1.0,1.67,16.34,0.06,-0.83,2.7,0.13,0
2025-08-11,1.28,0.0,1.29,16.96,0.0,-0.52,0.95,0.07,0
2025-08-12,0.57,1.0,1.18,16.29,0.0,0.05,0.82,0.63,0
2025-08-13,0.55,1.0,0.89,16.0,0.0,0.02,1.05,0.52,0
2025-08-14,0.89,1.0,1.16,15.46,0.0,-0.37,0.37,0.2,0
2025-08-15,0.32,0.0,0.7,15.2,0.0,-0.07,0.31,0.35,0
2025-08-18,0.69,0.0,0.81,14.94,0.01,-0.25,0.16,0.29,0
2025-08-19,0.62,1.0,0.81,14.86,0.0,-0.47,-0.39,0.07,0
2025-08-20,0.81,0.0,0.77,15.41,-0.01,0.47,0.55,0.94,0
2025-08-21,0.55,0.0,0.78,15.61,0.0,0.02,0.28,0.59,0
2025-08-22,1.25,0.0,1.03,15.2,0.0,0.72,1.27,0.9,0
2025-08-25,0.33,1.0,0.57,15.04,0.01,-0.08,1.02,0.3,0
2025-08-26,0.9,1.0,1.06,15.98,0.01,0.43,1.81,0.97,0
2025-08-27,0.62,0.0,0.81,16.18,0.0,0.44,2.17,0.94,0
2025-08-28,0.78,1.0,0.86,16.51,0.0,0.52,2.99,0.96,0
2025-08-29,1.2,0.0,0.97,17.42,0.0,0.71,4.09,0.96,0
2025-09-02,2.03,5.0,2.4,19.84,0.03,1.2,6.44,0.97,1
2025-09-03,0.99,1.0,1.41,19.38,0.0,0.14,6.95,0.56,0
2025-09-04,0.97,1.0,1.41,18.22,0.0,0.11,6.4,0.67,0
2025-09-05,1.21,0.0,1.32,18.34,0.01,0.44,7.43,0.85,0
2025-09-08,1.27,1.0,1.29,18.95,-0.08,0.56,8.1,0.85,0
2025-09-09,0.98,1.0,1.75,18.02,0.01,-0.53,7.66,0.06,0
2025-09-10,0.89,2.0,1.21,17.4,-0.02,0.03,7.81,0.65,0
2025-09-11,0.74,0.0,1.26,16.47,0.03,0.17,7.38,0.68,0
2025-09-12,0.57,2.0,0.86,16.57,0.01,-0.06,7.39,0.54,0
2025-09-15,1.26,1.0,1.14,17.66,-0.01,0.75,8.29,0.93,0
2025-09-16,0.57,0.0,1.08,18.24,0.01,0.02,8.23,0.53,0
2025-09-17,1.32,2.0,1.5,17.09,0.01,-0.33,7.11,0.25,0
2025-09-18,0.95,0.0,1.22,16.45,-0.02,-0.18,6.38,0.4,0
2025-09-19,1.1,2.0,0.99,16.73,0.0,0.74,7.26,0.98,0
2025-09-22,1.31,0.0,1.06,18.39,0.01,0.83,8.85,0.97,0
2025-09-23,1.01,1.0,1.41,18.58,0.0,-0.11,9.04,0.46,0
2025-09-24,1.22,0.0,1.06,18.05,0.02,-0.66,7.78,0.2,0
2025-09-25,0.77,1.0,1.23,19.21,0.0,0.14,7.94,0.63,0
2025-09-26,0.98,0.0,0.97,18.71,0.0,0.17,8.21,0.63,0
2025-09-29,1.49,0.0,1.3,19.13,-0.02,0.51,9.67,0.93,0
2025-09-30,1.5,1.0,1.62,19.85,0.0,0.58,10.2,0.84,0
2025-10-01,0.78,0.0,1.36,19.34,-0.01,-0.09,10.12,0.33,0
2025-10-02,1.49,0.0,1.48,18.33,0.01,-0.04,9.44,0.47,0
2025-10-03,1.0,1.0,1.15,17.88,-0.02,0.44,10.02,0.9,0
2025-10-06,1.55,2.0,1.48,19.63,0.04,0.56,11.71,0.87,0
2025-10-07,0.9,1.0,1.49,20.07,0.01,0.26,11.86,0.77,0
2025-10-08,1.33,1.0,1.68,21.0,0.01,0.27,13.14,0.78,1
2025-10-09,2.1,1.0,2.11,21.81,0.03,-0.98,10.57,0.26,1
2025-10-10,1.27,2.0,1.71,23.21,0.0,0.68,11.29,0.87,1
2025-10-13,2.04,1.0,1.16,24.56,-0.26,0.88,13.61,0.92,1
2025-10-14,1.32,0.0,1.71,25.36,0.01,0.29,14.03,0.62,1
2025-10-15,1.18,1.0,1.36,27.27,0.0,0.47,15.4,0.87,1
2025-10-16,1.71,1.0,1.59,32.3,0.0,1.34,17.52,0.94,1
2025-10-17,2.76,1.0,2.61,31.33,0.04,-1.61,14.78,0.23,1
2025-10-20,2.2,1.0,1.35,31.16,0.02,2.13,18.45,0.98,1
2025-10-21,3.65,0.0,2.12,30.53,-0.02,-2.54,10.65,0.11,1
2025-10-22,1.65,1.0,1.95,27.29,-0.01,0.81,10.12,0.65,1
2025-10-23,0.94,2.0,1.05,26.75,-0.01,0.06,10.12,0.59,0
2025-10-24,1.06,0.0,1.14,24.85,0.0,0.07,9.29,0.62,0
2025-10-27,1.42,0.0,1.18,23.97,-0.19,-1.01,5.85,0.15,1
2025-10-28,1.33,1.0,1.12,24.27,0.01,0.26,4.7,0.56,0
2025-10-29,1.14,1.0,1.0,24.38,0.0,-1.0,3.92,0.24,0
2025-10-30,1.12,1.0,0.95,24.67,0.01,1.2,5.58,0.97,0
2025-10-31,0.75,1.0,0.82,22.86,-0.01,-0.25,4.64,0.39,0
2025-11-03,0.71,0.0,0.68,21.48,-0.12,0.15,4.56,0.71,0
2025-11-04,0.81,2.0,0.69,21.51,0.0,-0.83,2.32,0.15,0
2025-11-05,0.66,2.0,0.51,20.17,0.0,0.47,3.23,0.91,0
2025-11-06,0.57,0.0,0.53,20.11,0.02,-0.27,2.77,0.28,0
2025-11-07,0.57,1.0,0.51,20.31,0.01,0.11,3.08,0.56,0
2025-11-10,1.27,0.0,0.64,23.45,0.0,0.9,5.54,0.96,0
2025-11-11,0.55,1.0,0.58,23.0,0.02,0.05,5.64,0.63,0
2025-11-12,1.23,0.0,0.75,26.03,0.0,1.1,7.03,0.85,0
2025-11-13,1.09,1.0,0.85,25.14,0.02,-0.93,5.87,0.19,0
2025-11-14,1.95,1.0,0.97,24.03,0.0,-0.89,3.55,0.31,0
2025-11-17,1.03,1.0,0.75,23.91,0.0,-0.7,2.12,0.34,0
2025-11-18,0.88,1.0,0.72,23.97,0.0,0.65,2.63,0.84,0
2025-11-19,0.8,1.0,0.74,23.96,0.0,-0.36,2.6,0.26,0
2025-11-20,0.77,0.0,0.94,22.95,0.01,0.14,2.43,0.57,0
2025-11-21,0.86,1.0,0.8,22.02,-0.02,0.07,1.9,0.55,0
2025-11-24,1.02,2.0,0.6,22.13,0.07,1.39,3.35,0.98,0
2025-11-25,0.52,0.0,0.16,22.53,0.0,-0.07,3.13,0.47,0
2025-11-26,0.48,1.0,0.71,22.07,0.42,0.11,4.6,0.73,1
2025-12-01,0.63,0.0,0.98,23.33,0.03,-0.04,5.88,0.51,0
2025-12-02,0.83,0.0,0.93,22.39,0.0,0.18,4.86,0.64,0
2025-12-03,0.53,3.0,0.8,22.02,0.01,-0.17,4.52,0.25,0
2025-12-04,0.53,1.0,0.74,20.62,0.0,0.23,4.37,0.77,0
2025-12-05,0.77,1.0,0.8,20.07,0.0,-0.5,3.92,0.11,0
2025-12-08,0.51,0.0,0.7,19.65,0.02,-0.17,3.43,0.39,0
2025-12-09,0.65,0.0,0.72,20.32,0.0,0.28,3.7,0.8,0
2025-12-10,0.74,2.0,0.73,20.42,0.0,0.6,3.96,0.84,0
2025-12-11,1.06,0.0,0.94,21.03,0.0,0.82,4.89,0.86,0
2025-12-12,1.24,1.0,1.24,21.45,0.0,-0.11,5.29,0.43,0
2025-12-15,0.83,2.0,0.84,21.33,0.0,-0.44,5.15,0.27,0
2025-12-16,0.86,0.0,0.87,20.36,0.01,0.03,4.94,0.52,0
2025-12-17,0.64,0.0,0.96,21.19,0.0,0.31,5.71,0.81,0
2025-12-18,0.9,1.0,0.96,21.41,0.01,-0.04,5.34,0.39,0
2025-12-19,0.66,1.0,0.76,20.88,0.01,0.14,5.3,0.65,0
2025-12-22,1.4,2.0,0.99,23.48,0.01,0.7,7.54,0.95,0
2025-12-23,0.9,0.0,1.29,24.63,0.0,0.44,8.53,0.9,0
2025-12-26,0.83,0.0,1.18,25.74,0.15,0.22,9.04,0.65,1
2025-12-29,3.29,0.0,1.82,25.83,0.07,-2.11,3.93,0.13,1
2025-12-30,0.92,1.0,1.04,25.14,0.0,-0.54,4.0,0.23,0
2025-12-31,1.14,0.0,1.19,23.87,-0.01,-0.35,3.16,0.42,0
2026-01-02,1.07,0.0,0.94,23.94,0.06,-0.57,3.53,0.23,0
2026-01-05,1.26,0.0,1.15,24.6,0.28,0.62,6.13,0.89,1
2026-01-06,0.76,1.0,1.05,24.68,0.01,0.6,7.11,0.96,0
2026-01-07,0.87,1.0,1.26,24.19,-0.01,-0.12,5.94,0.37,0
2026-01-08,0.8,1.0,1.1,23.97,0.01,0.82,6.31,0.96,0
2026-01-09,0.73,1.0,1.02,23.57,0.02,0.51,6.82,0.83,0
2026-01-12,1.35,1.0,1.44,25.46,0.11,0.02,8.62,0.69,0
2026-01-13,0.74,1.0,1.08,23.96,0.03,-0.3,8.08,0.26,0
2026-01-14,0.64,1.0,1.2,23.6,0.0,0.17,8.85,0.78,0
2026-01-15,0.63,0.0,1.04,22.28,0.01,0.0,7.83,0.46,0
2026-01-16,1.0,0.0,1.1,22.47,-0.01,-0.2,7.0,0.56,0
2026-01-20,1.72,4.0,1.6,24.73,0.3,1.14,10.74,0.93,1
2026-01-21,1.48,1.0,1.77,26.38,0.0,-0.21,11.93,0.55,1
2026-01-22,1.72,1.0,1.05,28.17,0.01,1.53,13.58,0.93,1
2026-01-23,0.93,0.0,1.22,29.57,0.02,0.58,14.5,0.88,1
2026-01-26,1.09,2.0,1.61,33.18,0.26,-0.33,15.61,0.44,1
2026-01-27,1.96,1.0,1.06,31.4,-0.05,1.92,17.95,0.95,1
2026-01-28,2.26,1.0,0.23,38.16,0.0,2.26,21.97,0.93,1
2026-01-29,4.33,0.0,2.94,44.24,0.34,-0.41,22.53,0.59,1
2026-01-30,5.83,1.0,2.68,44.89,-0.01,-4.51,9.41,0.22,1
2026-02-02,2.9,0.0,2.2,36.63,-0.48,-0.52,4.76,0.53,1
2026-02-03,1.83,1.0,1.37,41.24,0.01,1.32,10.97,0.85,1
2026-02-04,1.28,0.0,1.16,37.07,0.0,-1.0,10.42,0.38,1
2026-02-05,1.22,1.0,1.21,35.15,0.0,-1.35,7.14,0.11,1
2026-02-06,1.65,0.0,0.86,34.04,0.03,2.27,9.92,0.94,1
2026-02-09,0.61,2.0,0.65,32.73,0.07,1.08,12.28,0.93,1
2026-02-10,0.46,0.0,0.63,28.77,0.02,-0.06,10.7,0.45,1
2026-02-11,0.54,1.0,0.7,29.34,0.01,0.44,11.58,0.68,1
2026-02-12,1.17,1.0,0.76,30.22,0.01,-1.91,7.34,0.16,1
2026-02-13,0.84,1.0,0.55,31.36,0.03,1.07,9.61,0.91,1
2026-02-17,1.17,1.0,0.8,33.13,-0.05,-1.15,5.82,0.19,1
2026-02-18,0.85,1.0,0.39,33.76,0.0,0.76,7.85,0.83,1
2026-02-19,0.38,0.0,0.4,33.54,-0.01,0.19,7.82,0.69,1
2026-02-20,0.66,1.0,0.52,35.12,0.03,1.3,9.59,0.99,1
2026-02-23,0.74,0.0,0.55,38.64,-0.01,1.22,12.09,0.99,1
2026-02-24,0.87,2.0,0.62,37.55,0.0,0.02,10.05,0.45,1
2026-02-25,0.55,2.0,0.55,35.16,0.0,-0.58,9.37,0.33,1
2026-02-26,0.43,1.0,0.56,33.06,-0.05,0.39,9.85,0.89,1
2026-02-27,0.59,1.0,0.55,33.66,0.01,0.97,10.88,0.98,1
2026-03-02,0.95,1.0,0.96,34.71,0.29,-0.27,11.82,0.46,1
2026-03-03,2.29,2.0,1.28,38.33,-0.01,-1.78,6.41,0.27,1
2026-03-04,0.69,0.0,0.85,37.1,0.03,-0.37,6.87,0.43,1
2026-03-05,0.83,0.0,0.87,35.6,0.04,-0.89,5.28,0.2,1
2026-03-06,0.64,0.0,0.8,34.09,0.02,0.64,6.53,0.8,1
2026-03-09,1.09,1.0,0.95,34.08,0.04,0.94,6.01,0.69,1
2026-03-10,0.7,0.0,0.77,32.02,0.01,0.2,6.89,0.66,1
2026-03-11,0.43,2.0,0.63,30.9,0.01,-0.05,6.25,0.47,1
2026-03-12,0.67,1.0,0.75,31.14,0.0,-1.18,3.95,0.06,1
2026-03-13,0.71,1.0,0.77,31.99,0.0,-1.18,2.2,0.07,1
2026-03-16,0.45,0.0,1.02,30.79,-0.08,0.19,1.86,0.66,0
2026-03-17,0.45,2.0,0.72,28.33,0.02,-0.21,1.3,0.38,0
2026-03-18,1.18,1.0,1.15,29.21,-0.01,-1.52,-2.17,0.05,1
2026-03-19,2.28,0.0,1.84,31.62,0.03,-0.5,-6.36,0.39,1
2026-03-20,1.52,1.0,1.42,35.8,0.01,-2.66,-9.29,0.1,1
2026-03-23,2.49,0.0,2.4,44.42,-0.16,1.05,-11.42,0.69,1
2026-03-24,0.76,0.0,1.28,41.68,0.0,0.26,-11.39,0.65,1
2026-03-25,0.76,1.0,1.02,39.6,-0.01,-0.49,-8.78,0.49,1
2026-03-26,0.97,1.0,1.0,44.78,-0.02,-1.89,-12.13,0.03,1
2026-03-27,0.96,2.0,0.11,45.12,0.0,1.42,-9.05,0.77,1
2026-03-30,0.87,2.0,0.89,43.63,0.15,0.06,-8.32,0.59,1
2026-03-31,1.09,1.0,0.93,39.18,0.0,2.02,-4.88,0.98,1
2026-04-01,0.7,0.0,0.88,36.26,-0.01,0.75,-3.32,0.78,1
2026-04-02,1.31,0.0,1.16,38.08,0.0,0.18,-5.22,0.48,1
2026-04-06,0.56,1.0,0.68,37.17,-0.14,-0.06,-5.48,0.53,1
2026-04-07,0.61,1.0,0.8,37.7,0.01,1.01,-4.5,0.84,1
2026-04-08,0.91,1.0,1.01,34.75,0.07,-1.18,-3.81,0.21,1
2026-04-09,0.59,1.0,0.79,31.78,0.0,0.43,-2.93,0.7,0
2026-04-10,0.37,1.0,0.62,30.57,0.01,-0.07,-3.01,0.46,0
2026-04-13,0.85,2.0,0.72,30.0,-0.34,0.6,-3.18,0.94,1
2026-04-14,0.6,1.0,0.68,31.19,0.0,1.15,-0.85,0.99,1
2026-04-15,0.51,1.0,0.66,30.15,-0.01,-0.46,-1.91,0.11,0
2026-04-16,0.41,1.0,0.63,28.68,0.0,-0.33,-2.05,0.32,0
2026-04-17,0.78,1.0,0.75,28.76,0.0,0.43,-0.77,0.69,0
2026-04-20,0.57,0.0,0.72,28.49,-0.22,0.4,-1.57,0.86,1
2026-04-21,1.06,1.0,0.93,28.65,0.0,-1.7,-4.32,0.07,1
2026-04-22,0.37,0.0,0.65,27.12,0.01,-0.12,-2.98,0.45,0
2026-04-23,0.59,1.0,1.06,27.89,0.0,-0.44,-3.8,0.36,0
2026-04-24,0.57,0.0,0.83,25.96,0.01,0.33,-3.29,0.7,0
2026-04-27,0.43,1.0,0.76,25.7,-0.05,-0.31,-3.88,0.22,0
2026-04-28,1.04,1.0,1.05,26.29,0.0,-0.33,-5.54,0.28,0
2026-04-29,0.71,1.0,1.05,27.75,0.0,-0.24,-6.38,0.38,0
2026-04-30,0.76,1.0,0.86,26.85,0.0,0.33,-4.82,0.73,0
2026-05-01,0.73,1.0,0.76,26.43,0.0,-0.06,-4.82,0.51,0
2026-05-04,1.03,0.0,0.93,27.99,0.12,-1.03,-6.65,0.12,0
2026-05-05,0.54,1.0,0.73,26.57,0.0,0.0,-5.64,0.58,0
2026-05-06,1.32,0.0,0.99,26.35,0.01,0.47,-2.55,0.82,0
2026-05-07,0.6,0.0,1.07,27.07,0.0,-0.45,-2.15,0.24,0
2026-05-08,0.64,0.0,0.82,26.6,-0.03,0.15,-1.5,0.69,0
2026-05-11,0.78,0.0,0.9,27.64,-0.17,0.8,-1.12,0.85,0
2026-05-12,1.06,2.0,0.96,27.08,0.0,0.23,-1.33,0.56,0
2026-05-13,0.45,0.0,0.78,26.63,0.0,-0.16,-1.63,0.34,0
2026-05-14,0.53,1.0,0.83,25.74,0.0,-0.77,-2.22,0.02,0
2026-05-15,1.25,0.0,1.27,26.49,0.0,-0.66,-4.34,0.23,0
2026-05-18,0.83,1.0,0.97,26.29,0.04,0.4,-3.86,0.76,0
2026-05-19,1.0,0.0,0.93,26.54,0.01,-0.98,-5.22,0.16,0
2026-05-20,0.81,1.0,0.94,25.17,0.0,1.08,-3.69,0.91,0
2026-05-21,0.67,1.0,0.9,24.61,0.0,0.35,-3.49,0.66,0
2026-05-22,0.47,0.0,0.72,23.79,0.0,-0.25,-3.95,0.34,0
2026-05-26,0.86,4.0,1.28,24.39,0.16,-0.7,-3.73,0.28,1
2026-05-27,1.09,0.0,0.24,24.48,-0.03,-0.3,-4.76,0.4,0
2026-05-28,1.27,0.0,1.12,24.86,0.27,1.49,-2.84,0.88,1
2026-05-29,0.89,0.0,0.91,24.98,0.0,0.22,-1.6,0.54,0
2026-06-01,0.89,1.0,0.88,25.7,0.04,-0.29,-2.89,0.32,0
2026-06-02,0.66,1.0,0.78,24.49,0.0,-0.35,-2.7,0.32,0
2026-06-03,0.61,0.0,0.82,24.45,0.01,-0.35,-3.67,0.26,0
2026-06-04,0.81,0.0,0.86,23.97,0.02,0.12,-2.91,0.62,0
2026-06-05,1.49,2.0,1.16,28.78,0.0,-1.8,-6.51,0.03,1
2026-06-08,0.72,1.0,1.06,27.07,0.0,0.14,-6.28,0.68,0
2026-06-09,1.11,1.0,0.98,27.97,0.0,-1.07,-7.73,0.18,0
2026-06-10,1.52,1.0,1.47,32.25,-0.03,-1.87,-11.46,0.01,1
2026-06-11,1.62,2.0,1.57,28.78,-0.04,2.78,-8.62,0.94,1
2026-06-12,0.62,0.0,1.05,26.95,0.0,0.13,-8.36,0.53,0
2026-06-15,0.86,1.0,0.88,26.57,0.37,-0.14,-5.73,0.55,1
2026-06-16,0.39,1.0,0.74,25.2,0.0,0.08,-5.31,0.58,0
2026-06-17,1.34,2.0,1.24,28.09,0.0,-1.87,-7.38,0.1,1
2026-06-18,1.04,0.0,1.11,28.61,-0.01,-1.14,-7.66,0.12,1
2026-06-22,0.78,3.0,1.61,26.26,0.0,0.36,-8.02,0.71,1
2026-06-23,0.86,1.0,0.92,27.5,0.0,-0.53,-9.52,0.2,0
2026-06-24,1.25,1.0,1.38,31.73,0.0,-1.2,-12.01,0.19,1
2026-06-25,0.65,2.0,1.11,29.29,0.01,0.58,-10.91,0.78,1
2026-06-26,0.91,1.0,0.88,27.31,0.0,0.61,-9.6,0.77,0
2026-06-29,0.72,0.0,0.79,27.78,-0.01,-0.7,-10.55,0.2,0
2026-06-30,1.0,1.0,0.98,27.16,0.0,0.22,-10.24,0.61,0
2026-07-01,1.28,0.0,1.01,26.89,0.02,0.18,-9.41,0.5,0
2026-07-02,0.92,1.0,0.92,26.02,0.03,0.71,-7.27,0.8,0
2026-07-06,0.66,3.0,1.24,25.38,0.01,-0.01,-6.1,0.51,0
2026-07-07,0.74,2.0,0.73,26.73,0.01,-0.7,-6.99,0.25,0
2026-07-08,0.94,1.0,0.97,27.5,-0.05,0.04,-7.53,0.51,0
2026-07-09,0.71,0.0,0.67,25.53,0.02,0.49,-6.31,0.8,0
2026-07-10,0.53,1.0,0.61,24.11,0.02,0.0,-6.42,0.56,0
2026-07-13,1.02,1.0,0.9,27.07,-0.19,-1.1,-8.66,0.14,1
2026-07-14,1.05,1.0,0.81,25.27,0.0,0.23,-7.22,0.59,0
2026-07-15,0.56,0.0,0.76,24.96,0.0,0.26,-6.94,0.62,0
2026-07-16,0.86,2.0,0.83,26.63,0.02,-0.82,-8.51,0.11,0
2026-07-17,0.58,1.0,0.82,25.66,0.01,0.55,-7.47,0.86,0
2026-07-20,0.53,0.0,0.61,25.38,-0.15,-0.11,-7.44,0.41,0
2026-07-21,0.82,1.0,0.76,23.99,-0.01,0.74,-5.35,0.96,0
